id;myzone;neighborhood;going;place;route;routine_id;hub;slots;description;created_at;updated_at;week_days;repeats_until;done;deleted_at;date
;Grande Niterói;Fonseca;;Alameda;22 DE NOVEMBRO, ALAMEDA;;Letras;;"WhatsApp 964824093
Ajuda para combustível R$5,00";2018-08-25 05:09:22;2018-08-25 05:09:22;1,2,3,5;;;;2018-10-09 07:30:00
;Grande Niterói;Icaraí Niterói;;;Pela Roberto Silveira;;Reitoria;;;2016-09-02 00:29:04;2017-04-19 11:59:25;1,2,3,4,5;;;;2016-10-13 07:30:00
;Região dos Lagos;Unamar;;Retão-Unamar;Amaral Peixoto - linha verde;;Polo Universitário;;"R$5,00 p/vaga
Chamem no wpp : 021 97219-3236";2019-03-13 22:26:51;2019-03-13 22:26:51;1,2;2019-07-18;;;2019-06-17 10:00:00
;Grande Niterói;Itaipuaçu;;;Niterói-Região oceânica;;CT;;moro em Itaipuaçu, e posso mudar meu caminho entre RJ 106 e região oceânica de Niterói para a carona.;2018-03-11 15:36:39;2018-03-11 15:36:40;1;2018-05-12;;;2018-03-12 07:15:00
;Baixada;Xerém ;;Postinho de Saúde ;Caxias Shopping,  W. Luís,  Santa Cruz da Serra ;;CT: Bloco H;;Viagem de Volta do CT para Xerém,  caso queira parar em algum bairro intermediário,  pode. ;2016-04-14 01:05:30;2017-04-19 11:59:25;2,4;;;;2016-05-05 17:00:00
;Grande Niterói;Santa Rosa;;Caio Martins;Guanabara- Miguel de frias - caio Martins;;Reitoria;;;2017-05-08 12:50:29;2017-05-08 12:50:29;;;;;2017-05-08 13:30:00
;Região dos Lagos;Arraial do Cabo;;Figueira;Via Praia Seca, Bacaxá, São Gonçalo;;CT: Bloco D;;;2019-03-15 09:48:36;2019-03-15 09:48:36;5;2019-07-15;;;2019-03-29 21:45:00
;Grande Niterói;Fonseca;;Wiseup;;;CT: Bloco H;;Ajuda com 5 reais. ;2017-04-10 18:24:17;2017-04-19 11:59:25;1,2,3;;;;2017-05-09 15:00:00
;Grande Niterói;Santa Rosa - Niterói ;;Noronha Torrezão;Alameda, 22 de Novembro, Noronha Torrezão;;CCMN: Frente;;As contribuições não são obrigatórias, mas bem-vindas. Não desvio minha rota pelo Centro.;2016-06-21 12:23:11;2017-04-19 11:59:25;2,4;;;;2016-07-05 15:00:00
;Zona Norte;São Cristóvão;;Campo do Vasco;Linha Vermelha, Cancela, Campo do vasco;;CT: Bloco H;;;2018-10-05 17:48:29;2018-10-05 17:48:29;1,2,3,4,5;;;;2018-11-14 18:00:00
;Grande Niterói;Fonseca - Niteroi ;;Alameda - Fonseca;;;CT: Bloco A;;"Pedimos colaboração de 5 reais;
Entrar em contato por wpp 21 99575-7872
";2016-05-05 13:21:11;2017-04-19 11:59:25;2,4;;;2016-05-05 17:14:09;2016-05-26 17:00:00
;Zona Norte;São Cristóvão;;17ª DP;Linha Vermelha, Campo De São Cristóvão, Quinta Da Boa Vista, Metrô De São Cristóvão;;CT: Bloco A;;;2016-04-15 06:50:04;2017-04-19 11:59:25;;;;;2016-04-15 10:00:00
;Baixada;Xerém;;Rua Senador Vergueiro;Marques De Abrantes, Pinheiro Machado, Sta Barbara, Presidente Vargas, Linha Vermelha;;CT: Bloco A;;"Não fumo, não o façam dentro do carro, por favor.
Contribuição R$4,00
Temperatura do ar condicionado 19ºC (quem for atrás, tem saída para vocês)
Qualquer coisa manda WhatsApp (21)981665652";2018-04-14 14:28:13;2018-04-14 14:28:13;1,5;;;;2018-04-27 14:00:00
;Grande Niterói;Fonseca;;22 de novembro;Alameda São Boaventura;;Letras;;"- Sem cigarros durante a viagem por gentileza.

ZAP 964824093
R$6,00 de auxílio gasolina

Peço R$6,00 para ajuda no combustível.

ZAP 964824093";2017-09-08 17:38:20;2017-09-08 17:38:20;2,3,4,5;;;;2017-09-15 07:30:00
;Grande Niterói;Fonseca;;;Linha Vermelha-Ponte-Alameda;;CT: Bloco H;;Sou motorista prudente. Contribuição de R$6;2017-03-15 05:37:28;2017-04-19 11:59:25;3,5;;;2017-03-15 13:42:16;2017-05-10 17:00:00
;Zona Norte;São Cristóvão;;17ª DP;Quinta da Boa Vista, Feira de São Cristóvão, Linha Vermelha;;CT;;;2017-10-05 20:18:40;2017-10-05 20:18:40;5;;;;2017-10-20 08:00:00
;Zona Oeste;Jacarepaguá ;;Praça seca - Vila Valqueire ;Linha Amarela-Piedade-Rua Goiás - Terminal De Cascadura- Tem Tudo - Assai Campinho- Mundial Praça Seca ;;CT;;;2016-04-29 19:52:04;2017-04-19 11:59:25;1,2,3,4,5;;;;2016-06-24 20:00:00
;Zona Oeste;Jacarepaguá ;;Praça seca - Vila Valqueire ;Linha Amarela-Piedade-Rua Goiás - Terminal De Cascadura- Tem Tudo - Assai Campinho- Mundial Praça Seca ;;CT;;;2016-04-29 19:52:04;2017-04-19 11:59:25;1,2,3,4,5;;;2016-04-29 19:56:46;2016-07-07 20:00:00
;Grande Niterói;Maria Paula;;moinho;alameda;;CCMN;;"
$4,00 por pessoa. Faço uma volta no moinho e pego a ponte. ";2016-04-27 21:24:00;2017-04-19 11:59:25;1,2,3,4,5;;;2016-05-06 07:31:17;2016-05-09 09:00:00
;Grande Niterói;Fonseca - Niteroi ;;Alameda - Fonseca;;;CT: Bloco A;;"Saio do CT até a Alameda Boa Ventura, no Fonseca. Não aceitamos fumantes
Entrar em contato no wpp:
 21 99575-7872

Pedimos colaboração de 5 dinheiros ";2016-05-05 13:17:17;2017-04-19 11:59:25;2,4,5;;;2016-05-05 13:19:59;2016-06-24 14:00:00
;Grande Niterói;Maricá;;;Niterói/Alameda;;Letras;;;2016-04-10 06:37:10;2017-04-19 11:59:25;;;;;2016-04-15 09:00:00
;Baixada;Xerém ;;Postinho de Saúde ;Caxias Shopping,  W. Luís,  Santa Cruz da Serra ;;CT: Bloco H;;Viagem de Volta do CT para Xerém,  caso queira parar em algum bairro intermediário,  pode. ;2016-04-14 01:05:30;2017-04-19 11:59:25;2,4;;;;2016-07-05 17:00:00
;Grande Niterói;Centro de Niterói;;Amaral Peixoto;Jansen de Melo, Amaral Peixoto, Rua Dr Celestino;;Letras;;"Ajuda combustível R$6,00
whatsapp 964824093";2018-03-13 01:37:05;2018-03-13 01:37:05;1,2,3,4,5;;;;2018-05-04 13:00:00
;Baixada;Xerém;;Rua Senador Vergueiro;Marques De Abrantes, Pinheiro Machado, Sta Barbara, Presidente Vargas, Linha Vermelha;;CT: Bloco A;;"Não fumo, não o façam dentro do carro, por favor.
Contribuição R$4,00
Temperatura do ar condicionado 19ºC (quem for atrás, tem saída para vocês)
Qualquer coisa manda WhatsApp (21)981665652";2018-04-14 14:28:13;2018-04-14 14:28:13;1,5;;;;2018-05-25 14:00:00
;Grande Niterói;Icaraí Niterói;;;Pela Gavião Peixoto ;;Reitoria;;;2016-04-15 07:41:23;2017-04-19 11:59:25;1,2,3,4,5;;;2016-04-15 08:00:49;2016-05-24 13:30:00
;Zona Norte;São Cristóvão;;Campo do Vasco;Linha Vermelha, Cancela, Campo do vasco;;CT: Bloco H;;;2018-10-05 17:48:29;2018-10-05 17:48:29;1,2,3,4,5;;;;2018-11-21 18:00:00
;Baixada;XERÉM ;;Bloco H;;;CCMN: Frente;;;2016-09-09 18:16:08;2017-04-19 11:59:25;3;;;;2016-10-12 12:00:00
;Grande Niterói;Fonseca - Niteroi ;;Alameda - Fonseca;;;CT: Bloco A;;;2016-05-05 13:46:53;2017-04-19 11:59:25;2,3,4,5;;;2016-05-05 17:15:14;2016-05-19 08:00:00
;Região dos Lagos;São Pedro da Aldeia;;;Via Lagos;;Reitoria;;Os pedágios ficam por conta do carona ou uma colaboração pra rachar a gasosa da viagem.;2016-06-29 07:07:09;2017-04-19 11:59:25;;;;;2016-06-29 13:00:00
;Região dos Lagos;Cabo Frio;;;;;Polo Universitário;;Valor: R$10,00;2019-05-23 13:57:55;2019-05-23 14:18:20;1,2,3,4,5;2019-07-23;;2019-05-23 14:18:20;2019-07-08 16:00:00
;Grande Niterói;Icaraí-Niterói;;Campo de São Bento;Saindo da Otávio Carneiro, Lopes Trovão, pela Roberto Silveira até a ponte;;CCS;;"Saída às 6:25.
Não é permitido fumar no carro.
Contribuição de R$ 5,00.";2019-01-06 20:50:34;2019-01-06 21:18:13;1,2,3,4,5;2019-03-07;;2019-01-06 21:18:13;2019-02-26 07:15:00
;Grande Niterói;Centro de Niterói;;Amaral Peixoto;Jansen de Melo, Amaral Peixoto, Rua Dr Celestino;;Letras;;"Ajuda combustível R$6,00
whatsapp 964824093";2018-03-13 01:37:05;2018-03-13 01:37:05;1,2,3,4,5;;;;2018-04-25 13:00:00
;Zona Norte;São Cristóvão;;Campo de São Cristóvão;Linha Vermelha ;;CT: Bloco H;;;2016-04-25 13:06:57;2017-04-19 11:59:25;1;;;;2016-05-09 15:00:00
;Grande Niterói;Fonseca;;Wiseup;;;CT: Bloco H;;Ajuda com 5 reais. ;2017-04-10 18:24:17;2017-04-19 11:59:25;1,2,3;;;;2017-04-26 15:00:00
;Grande Niterói;Icaraí Niterói;;;Pela Roberto Silveira;;Reitoria;;Quem puder dar uma ajudazinea será bem vinda :) ;2016-09-25 11:21:32;2017-04-19 11:59:25;1,3,4,5;;;;2016-11-24 13:00:00
;Região dos Lagos;Unamar;;Retão-Unamar;Amaral Peixoto - linha verde;;Polo Universitário;;"R$5,00 p/vaga
Chamem no wpp : 021 97219-3236";2019-03-13 22:29:13;2019-03-13 22:29:13;2,4;2019-07-14;;;2019-06-25 19:30:00
;Grande Niterói;Icaraí-Niterói;;Campo de São Bento;Saindo da Otávio Carneiro, Lopes Trovão, pela Roberto Silveira até a ponte;;CCS;;"Saída às 6:25.
Não é permitido fumar no carro.
Contribuição de R$ 5,00.";2019-01-06 20:50:34;2019-01-06 21:17:32;1,2,3,4,5;2019-03-07;;2019-01-06 21:17:32;2019-03-05 07:15:00
;Grande Niterói;Fonseca - Niteroi ;;Alameda - Fonseca;;;CT: Bloco A;;;2016-05-05 13:46:53;2017-04-19 11:59:25;2,3,4,5;;;2016-05-05 17:15:27;2016-05-26 08:00:00
;Região dos Lagos;Unamar;;Retão-Unamar;Amaral Peixoto - linha verde;;Polo Universitário;;"R$5,00 p/vaga
Chamem no wpp : 021 97219-3236";2019-03-13 22:26:51;2019-03-13 22:26:51;1,2;2019-07-18;;;2019-05-20 10:00:00
;Grande Niterói;Icaraí, Niterói;;Vital Brazil;Ponte -> Av. Marquês do Paraná -> Rua Gavião Peixoto -> Av. Alm. Ary Parreiras -> Rua Doutor Souza Dias;;CT: Bloco H;;preço/pessoa: R$5;2016-06-23 08:57:14;2017-04-19 11:59:25;;;;;2016-06-23 16:15:00
;Centro;bairro de Fátima;;Bairro de Fátima;Linha Vermelha, Cidade Nova e Bairro de Fátima;;Letras;;;2017-03-15 12:39:44;2017-04-19 11:59:25;2,4;;;;2017-06-01 21:45:00
;Grande Niterói;Centro de Niterói;;Amaral Peixoto;Jansen de Melo, Amaral Peixoto, Rua Dr Celestino;;Letras;;"Ajuda combustível R$6,00
whatsapp 964824093";2018-03-13 01:37:05;2018-03-13 01:37:05;1,2,3,4,5;;;;2018-06-21 13:00:00
;Grande Niterói;Maricá;;São José do Imbassai;Niterói,  Alameda;;CT: Bloco A;;Não Fumo. R$ 5,00;2016-05-10 16:38:02;2017-04-19 11:59:25;;;;;2016-05-10 18:00:00
;Baixada;Xerém ;;Postinho de Saúde ;Santa Cruz da Serra, W. Luís, Caxias Shopping ;;CT;;Faço sempre o trajeto toda terça e quinta as 8h de Xerém ao CT;2016-04-14 01:03:21;2017-04-19 11:59:25;2,4;;;;2016-04-21 08:00:00
;Grande Niterói;Fonseca;;22 de novembro;Alameda São Boaventura;;Letras;;"- Sem cigarros durante a viagem por gentileza.

ZAP 964824093
R$6,00 de auxílio gasolina

Peço R$6,00 para ajuda no combustível.

ZAP 964824093";2017-09-08 17:38:20;2017-09-08 17:38:20;2,3,4,5;;;;2017-11-29 07:30:00
;Baixada;Xerém ;;Postinho de Saúde ;Santa Cruz da Serra, W. Luís, Caxias Shopping ;;CT;;Faço sempre o trajeto toda terça e quinta as 8h de Xerém ao CT;2016-04-14 01:03:21;2017-04-19 11:59:25;2,4;;;;2016-08-16 08:00:00
;Grande Niterói;Fonseca;;22 de novembro;Alameda São Boaventura;;Letras;;"- Sem cigarros durante a viagem por gentileza.

ZAP 964824093
R$6,00 de auxílio gasolina

Peço R$6,00 para ajuda no combustível.

ZAP 964824093";2017-09-08 17:38:20;2017-09-08 17:38:20;2,3,4,5;;;;2017-09-14 07:30:00
;Zona Norte;São Cristóvão;;17ª DP;Quinta da Boa Vista, Feira de São Cristóvão, Linha Vermelha;;CT;;;2017-10-05 20:18:40;2017-10-05 20:18:40;5;;;;2017-11-10 08:00:00
;Zona Norte;São Cristóvão;;Feira nordestina ;Ufrj , São Cristóvão ;;Letras;;;2016-09-30 16:03:51;2017-04-19 11:59:25;5;;;;2016-10-14 17:00:00
;Grande Niterói;Icaraí Niterói;;;Pela Gavião Peixoto ;;Reitoria;;;2016-04-15 07:41:23;2017-04-19 11:59:25;1,2,3,4,5;;;2016-04-15 07:42:28;2016-04-21 13:30:00
;Grande Niterói;Santa Rosa;;Largo do Marrom;Linha Vermelha, ponte, Jansen de Melo, Mende Sá, Largo do Marrom. e;;CCMN: Fundos;;;2016-11-15 20:45:40;2017-04-19 11:59:25;;;;;2016-11-16 21:30:00
;Zona Norte;São Cristóvão;;;metrô de São Cristóvão, feira de tradições nordestinas..;;CT: Bloco A;;"R$2 pela carona para ajuda de custos.
CT -> Letras -> ponte do saber -> linha vermelha -> (podendo passar pela leopoldina ou) feira de São Cristóvão -> Quinta da boa vista -> metrô de São Cristóvão -> Quinta D'or";2016-05-02 14:15:00;2017-04-19 11:59:25;1,2;;;;2016-05-30 22:00:00
;Zona Norte;São Cristóvão;;17ª DP;Quinta da Boa Vista, Feira de São Cristóvão, Linha Vermelha;;Letras;;;2017-09-27 17:15:34;2017-09-27 17:15:34;1,2,3,4,5;;;;2017-11-02 17:19:00
;Zona Norte;São Cristóvão;;17ª DP;Linha Vermelha, Campo De São Cristóvão, Quinta Da Boa Vista, Metrô De São Cristóvão;;CCMN: Frente;;;2016-05-11 16:50:50;2017-04-19 11:59:25;;;;;2016-05-11 17:00:00
;Zona Norte;São Cristóvão;;Campo de São Cristóvão;Linha Vermelha ;;CT: Bloco H;;;2016-04-25 13:06:57;2017-04-19 11:59:25;1;;;;2016-05-16 15:00:00
;Zona Norte;São Cristóvão;;;metrô de São Cristóvão, feira de tradições nordestinas..;;CT: Bloco A;;"R$2 pela carona para ajuda de custos.
CT -> Letras -> ponte do saber -> linha vermelha -> (podendo passar pela leopoldina ou) feira de São Cristóvão -> Quinta da boa vista -> metrô de São Cristóvão -> Quinta D'or";2016-05-02 14:15:01;2017-04-19 11:59:25;1,2;;;;2016-06-21 22:00:00
;Zona Norte;São Cristóvão ;;;;;CT: Bloco A;;;2017-03-07 10:13:43;2017-04-19 11:59:25;;;;;2017-03-07 12:00:00
;Grande Niterói;Fonseca - Niteroi ;;Alameda - Fonseca;;;CT: Bloco A;;;2016-05-05 13:46:53;2017-04-19 11:59:25;2,3,4,5;;;2016-05-05 17:15:55;2016-06-09 08:00:00
;Região Serrana;Petrópolis;;Universidade Estácio da Bingen.;;;CT: Bloco A;;;2018-04-03 15:57:02;2018-04-03 15:57:02;1,3;;;;2018-04-18 16:20:00
;Centro;bairro de Fátima;;Bairro de Fátima;Linha Vermelha, Cidade Nova e Bairro de Fátima;;Letras;;;2017-03-15 12:39:44;2017-04-19 11:59:25;2,4;;;;2017-05-25 21:45:00
;Grande Niterói;Icaraí Niterói;;;Pela Roberto Silveira;;Reitoria;;;2016-09-23 11:45:20;2017-04-19 11:59:25;;;;;2016-09-23 13:00:00
;Grande Niterói;Centro de Niterói;;Amaral Peixoto;Jansen de Melo, Amaral Peixoto, Rua Dr Celestino;;Letras;;"Ajuda combustível R$6,00
whatsapp 964824093";2018-03-13 01:37:05;2018-08-06 10:12:25;1,2,3,4,5;;;;2018-04-11 13:00:00
;Grande Niterói;Icaraí Niterói;;;Pela Roberto Silveira;;Reitoria;;Quem puder dar uma ajudazinea será bem vinda :) ;2016-09-25 11:21:32;2017-04-19 11:59:25;1,3,4,5;;;;2016-11-16 13:00:00
;Zona Norte;São Cristóvão;;Campo do Vasco;Linha Vermelha, Cancela, Campo do vasco;;CT: Bloco H;;;2018-10-05 17:48:29;2018-10-05 17:48:29;1,2,3,4,5;;;;2018-11-15 18:00:00
;Baixada;Xerém ;;Postinho de Saúde ;Santa Cruz da Serra, W. Luís, Caxias Shopping ;;CT;;Faço sempre o trajeto toda terça e quinta as 8h de Xerém ao CT;2016-04-14 01:03:21;2017-04-19 11:59:25;2,4;;;;2016-08-11 08:00:00
;Zona Norte;São Cristóvão;;Campo de São Cristóvão;Campo de São Cristóvão;;CT;;;2016-04-20 09:30:34;2017-04-19 11:59:25;1,2,3,4,5;;;;2016-05-20 07:50:00
;Região dos Lagos;Cabo Frio;;;;;Polo Universitário;;Valor: R$10,00;2019-05-23 13:57:55;2019-05-23 14:17:15;1,2,3,4,5;2019-07-23;;2019-05-23 14:17:15;2019-06-27 16:00:00
;Grande Niterói;Icaraí;;Campo de São Bento;Av. Roberto Silveira, Marquês de Paraná;;CCS;;;2016-10-25 00:30:57;2017-04-19 11:59:25;1,2,3,4,5;;;;2016-10-26 08:00:00
;Grande Niterói;Icaraí Niterói;;;Pela Roberto Silveira;;Reitoria;;;2016-09-02 00:29:04;2017-04-19 11:59:25;1,2,3,4,5;;;;2016-10-11 07:30:00
;Zona Norte;São Cristóvão;;;metrô de São Cristóvão, feira de tradições nordestinas..;;CT: Bloco A;;"R$2 pela carona para ajuda de custos.
CT -> Letras -> ponte do saber -> linha vermelha -> (podendo passar pela leopoldina ou) feira de São Cristóvão -> Quinta da boa vista -> metrô de São Cristóvão -> Quinta D'or";2016-05-02 14:15:01;2017-04-19 11:59:25;1,2;;;;2016-06-20 22:00:00
;Grande Niterói;Icaraí;;Campo de São Bento;Av. Roberto Silveira, Marquês de Paraná;;CCS;;;2016-10-25 00:30:57;2017-04-19 11:59:25;1,2,3,4,5;;;;2016-12-13 08:00:00
;Baixada;Xerém ;;;;;CT;;;2016-09-09 18:15:30;2017-04-19 11:59:25;3,5;;;;2016-09-16 08:00:00
;Grande Niterói;Fonseca;;Alameda;22 DE NOVEMBRO, ALAMEDA;;Letras;;"WhatsApp 964824093
Ajuda para combustível R$5,00";2018-08-25 05:09:22;2018-08-25 05:09:22;1,2,3,5;2018-12-25;;;2018-08-25 07:30:00
;Grande Niterói;Maria Paula;;moinho;alameda;;CCMN;;"
$4,00 por pessoa. Faço uma volta no moinho e pego a ponte. ";2016-04-27 21:24:01;2017-04-19 11:59:25;1,2,3,4,5;;;;2016-06-09 09:00:00
;Grande Niterói;Fonseca;;;Linha Vermelha-Ponte-Alameda;;CT: Bloco H;;Sou motorista prudente. Contribuição de R$6;2017-03-15 05:37:28;2017-04-19 11:59:25;3,5;;;2017-03-15 13:40:28;2017-04-19 17:00:00
;Grande Niterói;Itaipuaçu;;;Niterói-Região oceânica;;CT;;moro em Itaipuaçu, e posso mudar meu caminho entre RJ 106 e região oceânica de Niterói para a carona.;2018-03-11 15:36:40;2018-03-11 15:36:40;1;;;;2018-03-19 07:15:00
;Grande Niterói;Fonseca;;;Linha Vermelha-Ponte-Alameda;;CT: Bloco H;;Sou motorista prudente. Contribuição de R$6;2017-03-15 05:37:28;2017-04-19 11:59:25;3,5;;;2017-03-15 13:42:27;2017-05-05 17:00:00
;Região Serrana;Petrópolis;;Entrada por Quitandinha;BR-040;;CCS: Frente;;Primeira carona que ofereço no app.;2017-03-20 12:12:37;2017-04-19 11:59:25;;;;;2017-03-20 16:20:00
;Zona Norte;São Cristóvão;;Campo do Vasco;Linha Vermelha, Cancela, Campo do vasco;;CT: Bloco H;;;2018-10-05 17:48:29;2018-10-05 17:48:29;1,2,3,4,5;;;;2018-11-02 18:00:00
;Baixada;Xerém ;;Postinho de Saúde ;Caxias Shopping,  W. Luís,  Santa Cruz da Serra ;;CT: Bloco H;;Viagem de Volta do CT para Xerém,  caso queira parar em algum bairro intermediário,  pode. ;2016-04-14 01:05:30;2017-04-19 11:59:25;2,4;;;;2016-07-07 17:00:00
;Grande Niterói;Maria Paula;;moinho;alameda;;CCMN;;"
$4,00 por pessoa. Faço uma volta no moinho e pego a ponte. ";2016-04-27 21:24:01;2017-04-19 11:59:25;1,2,3,4,5;;;;2016-06-17 09:00:00
;Grande Niterói;Icaraí;;Campo de São Bento;Av. Roberto Silveira, Marquês de Paraná;;CCS;;Saindo 6:20. Contribuição R$ 5;2016-07-21 23:54:10;2017-04-19 11:59:25;1,2,3,4,5;;;;2016-08-30 07:20:00
;Região dos Lagos;Unamar;;Retão-Unamar;Amaral Peixoto - linha verde;;Polo Universitário;;"R$5,00 p/vaga
Chamem no wpp : 021 97219-3236";2019-03-13 22:27:31;2019-03-13 22:27:31;3,4;2019-07-14;;;2019-06-12 13:30:00
;Centro;bairro de Fátima;;Bairro de Fátima;Linha Vermelha, Cidade Nova e Bairro de Fátima;;Letras;;;2017-03-15 12:39:44;2017-04-19 11:59:25;2,4;;;;2017-04-18 21:45:00
;Grande Niterói;Icaraí;;Campo de São Bento;Av. Roberto Silveira, Marquês de Paraná;;CCS;;Saindo 6:20. Contribuição R$ 5;2016-07-21 23:54:11;2017-04-19 11:59:25;1,2,3,4,5;;;;2016-10-07 07:20:00
;Região dos Lagos;Cabo Frio;;;;;Polo Universitário;;Valor: R$10,00;2019-05-23 13:57:55;2019-05-23 14:18:44;1,2,3,4,5;2019-07-23;;2019-05-23 14:18:44;2019-07-11 16:00:00
;Zona Norte;São Cristóvão;;17ª DP;Quinta da Boa Vista, Feira de São Cristóvão, Linha Vermelha;;Letras;;;2017-09-27 17:15:34;2017-09-27 17:15:34;1,2,3,4,5;;;;2017-10-05 17:19:00
;Centro;bairro de Fátima;;Bairro de Fátima;Linha Vermelha, Cidade Nova e Bairro de Fátima;;Letras;;;2017-03-15 12:39:44;2017-04-19 11:59:25;2,4;2017-06-16;;;2017-03-16 21:45:00
;Grande Niterói;Maria Paula;;moinho;alameda;;CCMN;;"
$4,00 por pessoa. Faço uma volta no moinho e pego a ponte. ";2016-04-27 21:24:01;2017-04-19 11:59:25;1,2,3,4,5;;;2016-05-09 08:30:26;2016-05-27 09:00:00
;Grande Niterói;Centro de Niterói;;Amaral Peixoto;Jansen de Melo, Amaral Peixoto, Rua Dr Celestino;;Letras;;"Ajuda combustível R$6,00
whatsapp 964824093";2018-03-13 01:37:05;2018-03-13 01:37:05;1,2,3,4,5;;;;2018-06-11 13:00:00
;Grande Niterói;Icaraí Niterói;;;Pela Gavião Peixoto ;;Reitoria;;;2016-04-15 07:41:23;2017-04-19 11:59:25;1,2,3,4,5;;;2016-04-15 07:42:53;2016-05-02 13:30:00
;Zona Norte;São Cristóvão;;17ª DP;Linha Vermelha, Campo De São Cristóvão, Quinta Da Boa Vista, Metrô De São Cristóvão;;CT: Bloco H;;;2016-10-06 16:29:48;2017-04-19 11:59:25;4;;;;2016-11-17 17:00:00
;Zona Norte;São Cristóvão;;17ª DP;Linha Vermelha, Campo De São Cristóvão, Quinta Da Boa Vista, Metrô De São Cristóvão;;CT: Bloco H;;;2016-09-06 16:31:06;2017-04-19 11:59:25;2;;;;2016-11-01 17:00:00
;Grande Niterói;Fonseca - Niteroi ;;Alameda - Fonseca;;;CT: Bloco A;;"Pedimos colaboração de 5 reais;
Entrar em contato por wpp 21 99575-7872
";2016-05-05 13:21:11;2017-04-19 11:59:25;2,4;;;2016-05-05 17:14:13;2016-05-31 17:00:00
;Grande Niterói;Fonseca;;;Linha Vermelha-Ponte-Alameda;;CT: Bloco H;;Sou motorista prudente. Contribuição de R$6;2017-03-15 05:37:28;2017-04-19 11:59:25;3,5;;;2017-03-15 13:42:38;2017-04-28 17:00:00
;Grande Niterói;Icaraí Niterói;;;Pela Roberto Silveira;;Reitoria;;;2016-09-02 00:29:04;2017-04-19 11:59:25;1,2,3,4,5;;;;2016-10-28 07:30:00
;Grande Niterói;Icaraí;;Campo de São Bento;Av. Roberto Silveira, Marquês de Paraná;;CCS;;Saindo 6:20. Contribuição R$ 5;2016-07-21 23:54:11;2017-04-19 11:59:25;1,2,3,4,5;;;;2016-11-18 07:20:00
;Grande Niterói;Ingá;;Paulo Alves;Centro;;CT;;;2017-03-14 19:27:55;2017-04-19 11:59:25;;;;;2017-03-15 08:30:00
;Região Serrana;Petrópolis;;Centro - Retiro;W. Luis, Serra;;CT: Bloco A;;;2016-04-20 16:45:44;2017-04-19 11:59:25;;;;;2016-04-20 18:07:00
;Zona Norte;São Cristóvão;;Campo de São Cristóvão;Linha Vermelha ;;CT: Bloco H;;;2016-04-20 09:17:38;2017-04-19 11:59:25;3;;;;2016-06-15 10:30:00
;Grande Niterói;Icaraí-Niterói;;Campo de São Bento;Saindo da Otávio Carneiro, Lopes Trovão, pela Roberto Silveira até a ponte;;CCS;;"Saída às 6:25.
Não é permitido fumar no carro.
Contribuição de R$ 5,00.";2019-01-06 20:50:34;2019-01-06 21:12:18;1,2,3,4,5;2019-03-07;;2019-01-06 21:12:18;2019-02-05 07:15:00
;Região dos Lagos;Arraial do Cabo;;Figueira;Via Praia Seca, Bacaxá, São Gonçalo;;CT: Bloco D;;;2019-03-15 09:48:36;2019-03-15 09:48:36;5;2019-07-15;;;2019-03-22 21:45:00
;Baixada;Xerém;;Rua Senador Vergueiro;Marques De Abrantes, Pinheiro Machado, Sta Barbara, Presidente Vargas, Linha Vermelha;;CT: Bloco A;;"Não fumo, não o façam dentro do carro, por favor.
Contribuição R$4,00
Temperatura do ar condicionado 19ºC (quem for atrás, tem saída para vocês)
Qualquer coisa manda WhatsApp (21)981665652";2018-04-14 14:29:04;2018-04-14 14:29:04;3;2018-08-18;;;2018-04-18 12:00:00
;Região dos Lagos;Unamar;;Retão-Unamar;Amaral Peixoto - linha verde;;Polo Universitário;;"R$5,00 p/vaga
Chamem no wpp : 021 97219-3236";2019-03-13 22:26:51;2019-03-13 22:26:51;1,2;2019-07-18;;;2019-07-16 10:00:00
;Região dos Lagos;Unamar;;Retão-Unamar;Amaral Peixoto - linha verde;;Polo Universitário;;"R$5,00 p/vaga
Chamem no wpp : 021 97219-3236";2019-03-13 22:27:31;2019-03-13 22:27:31;3,4;2019-07-14;;;2019-03-28 13:30:00
;Grande Niterói;Icaraí;;Campo de São Bento;Av. Roberto Silveira, Marquês de Paraná;;CCS;;;2016-10-25 00:30:57;2017-04-19 11:59:25;1,2,3,4,5;;;;2016-11-28 08:00:00
;Grande Niterói;Icaraí Niterói;;;Presidente Backer - Roberto Silveira - Ponte - Letras;;Letras;;;2018-08-11 19:40:03;2018-08-11 19:40:03;;;;;2018-08-13 17:00:00
;Centro;bairro de Fátima;;Bairro de Fátima;Linha Vermelha, Cidade Nova e Bairro de Fátima;;Letras;;;2017-03-15 12:39:44;2017-04-19 11:59:25;2,4;;;;2017-04-11 21:45:00
;Região dos Lagos;Arraial do Cabo;;Figueira;Via Praia Seca, Bacaxá, São Gonçalo;;CT: Bloco D;;;2019-03-15 09:48:36;2019-03-15 09:48:36;5;2019-07-15;;;2019-07-12 21:45:00
;Grande Niterói;Icaraí;;Campo de São Bento;Av. Roberto Silveira, Marquês de Paraná;;CCS;;Saindo 6:20. Contribuição R$ 5;2016-07-21 23:54:11;2017-04-19 11:59:25;1,2,3,4,5;;;;2016-10-20 07:20:00
;Zona Norte;São Cristóvão;;Campo do Vasco;Linha Vermelha, Cancela, Campo do vasco;;CT: Bloco H;;;2018-10-05 17:48:29;2018-10-05 17:48:29;1,2,3,4,5;;;;2018-11-08 18:00:00
;Grande Niterói;Fonseca;;;;;CT;;"Ajuda com 5 reais.
";2017-04-10 18:23:07;2017-04-19 11:59:25;3;;;;2017-05-03 11:00:00
;Grande Niterói;Icaraí Niterói;;;Pela Roberto Silveira;;Reitoria;;;2016-09-02 00:29:04;2017-04-19 11:59:25;1,2,3,4,5;;;;2016-09-19 07:30:00
;Ilha do Fundão;Incubadora;;Incubadora da COPPE;;;CT: Bloco D;;Carona pra Incubadora de Empresas da COPPE! E você ainda de quebra pode conhecer as empresas de lá!;2016-04-12 09:15:41;2017-04-19 11:59:25;2,4;;;;2016-06-07 13:00:00
;Zona Norte;São Cristóvão;;Campo de São Cristóvão;Linha Vermelha ;;CT: Bloco H;;;2016-04-20 09:17:38;2017-04-19 11:59:25;3;;;;2016-05-18 10:30:00
;Região dos Lagos;Unamar;;Retão-Unamar;Amaral Peixoto;;Polo Universitário;;Chamem no wpp;2019-03-11 14:54:16;2019-03-11 22:50:20;;;;2019-03-11 22:50:20;2019-03-12 19:30:00
;Região dos Lagos;Unamar;;Retão-Unamar;Amaral Peixoto - linha verde;;Polo Universitário;;"R$5,00 p/vaga
Chamem no wpp : 021 97219-3236";2019-03-13 22:27:31;2019-03-13 22:27:31;3,4;2019-07-14;;;2019-07-04 13:30:00
;Grande Niterói;Fonseca;;Alameda;22 DE NOVEMBRO, ALAMEDA;;Letras;;"WhatsApp 964824093
Ajuda para combustível R$5,00";2018-08-25 05:09:22;2018-08-25 05:09:22;1,2,3,5;;;;2018-12-21 07:30:00
;Grande Niterói;Maria Paula;;moinho;alameda;;CCMN;;"
$4,00 por pessoa. Faço uma volta no moinho e pego a ponte. ";2016-04-27 21:24:01;2017-04-19 11:59:25;1,2,3,4,5;;;;2016-06-10 09:00:00
;Baixada;Xerém ;;;;;CT;;;2016-09-09 18:14:30;2017-04-19 11:59:25;1;;;;2017-01-02 12:00:00
;Centro;bairro de Fátima;;Bairro de Fátima;Linha Vermelha, Cidade Nova e Bairro de Fátima;;Letras;;;2017-03-15 12:39:44;2017-04-19 11:59:25;2,4;;;;2017-03-28 21:45:00
;Grande Niterói;Fonseca - Niteroi ;;Alameda - Fonseca;;;CT: Bloco A;;"Saio do CT até a Alameda Boa Ventura, no Fonseca. Não aceitamos fumantes
Entrar em contato no wpp:
 21 99575-7872

Pedimos colaboração de 5 dinheiros ";2016-05-05 13:17:17;2017-04-19 11:59:25;2,4,5;;;2016-05-05 13:17:59;2016-05-19 14:00:00
;Grande Niterói;Icaraí Niterói;;;Pela Gavião Peixoto ;;Reitoria;;;2016-04-15 07:41:23;2017-04-19 11:59:25;1,2,3,4,5;;;2016-04-15 07:43:50;2016-05-13 13:30:00
;Região dos Lagos;Unamar;;Retão-Unamar;Amaral Peixoto - linha verde;;Polo Universitário;;"R$5,00 p/vaga
Chamem no wpp : 021 97219-3236";2019-03-13 22:27:31;2019-03-13 22:27:31;3,4;2019-07-14;;;2019-05-30 13:30:00
;Região dos Lagos;Cabo Frio;;;;;Polo Universitário;;Valor: R$10,00;2019-05-23 13:57:55;2019-05-23 14:18:54;1,2,3,4,5;2019-07-23;;2019-05-23 14:18:54;2019-07-12 16:00:00
;Zona Norte;São Cristóvão;;Quinta da Boa vista;Campo de São Cristóvão;;CCS;;;2017-05-26 01:20:08;2017-05-26 01:20:08;;;;;2017-05-26 12:30:00
;Zona Norte;São Cristóvão;;Campo de São Cristóvão;Linha Vermelha ;;CT: Bloco H;;;2016-04-25 13:06:57;2017-04-19 11:59:25;1;;;;2016-06-13 15:00:00
;Zona Oeste;Jacarepaguá ;;Praça seca - Vila Valqueire ;Linha Amarela-Piedade-Rua Goiás - Terminal De Cascadura- Tem Tudo - Assai Campinho- Mundial Praça Seca ;;CT;;;2016-04-29 19:52:04;2017-04-19 11:59:25;1,2,3,4,5;;;2016-04-29 19:56:27;2016-07-13 20:00:00
;Zona Norte;São Cristóvão;;;metrô de São Cristóvão, feira de tradições nordestinas..;;CT: Bloco A;;"R$2 pela carona para ajuda de custos.
CT -> Letras -> ponte do saber -> linha vermelha -> (podendo passar pela leopoldina ou) feira de São Cristóvão -> Quinta da boa vista -> metrô de São Cristóvão -> Quinta D'or";2016-05-02 14:15:13;2017-04-19 11:59:25;3;;;;2016-05-18 21:00:00
;Grande Niterói;Fonseca - Niteroi ;;Alameda - Fonseca;;;CT: Bloco A;;"Saio do CT até a Alameda Boa Ventura, no Fonseca. Não aceitamos fumantes
Entrar em contato no wpp:
 21 99575-7872

Pedimos colaboração de 5 dinheiros ";2016-05-05 13:17:17;2017-04-19 11:59:25;2,4,5;;;2016-05-05 13:19:10;2016-06-07 14:00:00
;Região dos Lagos;Cabo Frio;;Unamar;Amaral Peixoto;;Polo Universitário;;;2019-08-10 18:56:15;2019-08-10 18:56:15;1;2019-12-12;;;2019-11-18 13:30:00
;Grande Niterói;Fonseca;;Alameda;22 DE NOVEMBRO, ALAMEDA;;Letras;;"WhatsApp 964824093
Ajuda para combustível R$5,00";2018-08-25 05:09:22;2018-08-25 05:09:22;1,2,3,5;;;;2018-09-17 07:30:00
;Grande Niterói;Icaraí Niterói;;;Pela Roberto Silveira;;Reitoria;;;2016-09-02 00:29:04;2017-04-19 11:59:25;1,2,3,4,5;;;;2016-09-28 07:30:00
;Zona Norte;São Cristóvão;;17ª DP;Linha Vermelha, Campo De São Cristóvão, Quinta Da Boa Vista;;Letras;;Posso deixar no metrô se quiserem.;2016-04-11 10:01:28;2017-04-19 11:59:25;1;;;2016-04-11 12:03:40;2016-05-09 17:00:00
;Zona Norte;São Cristóvão;;;metrô de São Cristóvão, feira de tradições nordestinas..;;CT: Bloco A;;"R$2 pela carona para ajuda de custos.
CT -> Letras -> ponte do saber -> linha vermelha -> (podendo passar pela leopoldina ou) feira de São Cristóvão -> Quinta da boa vista -> metrô de São Cristóvão -> Quinta D'or";2016-05-02 14:15:00;2017-04-19 11:59:25;1,2;;;;2016-05-16 22:00:00
;Região Serrana;Petrópolis;;Universidade Estácio da Bingen.;;;CT: Bloco A;;;2018-04-03 15:57:02;2018-04-03 15:57:02;1,3;;;;2018-05-30 16:20:00
;Grande Niterói;Icaraí;;Campo de São Bento;Av. Roberto Silveira, Marquês de Paraná;;CCS;;Saindo 6:20. Contribuição R$ 5;2016-07-21 23:54:10;2017-04-19 11:59:25;1,2,3,4,5;;;;2016-07-26 07:20:00
;Grande Niterói;Fonseca;;;;;CT;;Ajuda com 5 reais;2017-04-10 18:22:36;2017-04-19 11:59:25;2,4;;;;2017-05-25 08:30:00
;Grande Niterói;Icaraí-Niterói;;Campo de São Bento;Saindo da Otávio Carneiro, Lopes Trovão, pela Roberto Silveira até a ponte;;CCS;;"Saída às 6:25.
Não é permitido fumar no carro.
Contribuição de R$ 5,00.";2019-01-06 20:50:34;2019-01-06 21:12:46;1,2,3,4,5;2019-03-07;;2019-01-06 21:12:46;2019-02-07 07:15:00
;Região dos Lagos;Unamar;;Retão-Unamar;Amaral Peixoto - linha verde;;Polo Universitário;;"R$5,00 p/vaga
Chamem no wpp : 021 97219-3236";2019-03-13 22:29:14;2019-03-13 22:29:14;2,4;2019-07-14;;;2019-07-11 19:30:00
;Zona Norte;São Cristóvão ;;;Próximo ao Estádio São Januário > Largo da Cancela > Linha Vermelha > CT;;CT;;;2016-04-15 23:08:42;2017-04-19 11:59:25;;;;;2016-04-16 08:00:00
;Grande Niterói;Icaraí-Niterói;;Campo de São Bento;Saindo da Otávio Carneiro, Lopes Trovão, pela Roberto Silveira até a ponte;;CCS;;"Saída às 6:25.
Não é permitido fumar no carro.
Contribuição de R$ 5,00.";2019-01-06 20:50:34;2019-01-06 21:00:05;1,2,3,4,5;2019-03-07;;2019-01-06 21:00:05;2019-01-07 07:15:00
;Grande Niterói;Centro de Niterói;;Amaral Peixoto;Jansen de Melo, Amaral Peixoto, Rua Dr Celestino;;Letras;;"Ajuda combustível R$6,00
whatsapp 964824093";2018-03-13 01:37:05;2018-03-13 01:37:05;1,2,3,4,5;;;;2018-04-19 13:00:00
;Zona Norte;São Cristóvão;;17ª DP;Linha Vermelha, Campo De São Cristóvão, Quinta Da Boa Vista, Metrô De São Cristóvão;;CT: Bloco H;;;2016-04-27 16:46:22;2017-04-19 11:59:25;3,5;;;;2016-06-01 17:00:00
;Grande Niterói;Icaraí;;Campo de São Bento;Av. Roberto Silveira, Marquês de Paraná;;CCS;;Saindo 6:20. Contribuição R$ 5;2016-07-21 23:54:11;2017-04-19 11:59:25;1,2,3,4,5;;;;2016-09-22 07:20:00
;Grande Niterói;Maricá;;;Niterói, Alameda;;Letras;;"Não fumo
Contribuição: R$ 5,00
Whatsapp: 021 999917714";2016-05-03 13:25:07;2017-04-19 11:59:25;;;;;2016-05-04 16:00:00
;Grande Niterói;Fonseca - Niteroi ;;Alameda - Fonseca;;;CT: Bloco A;;"Pedimos colaboração de 5 reais;
Entrar em contato por wpp 21 99575-7872
";2016-05-05 13:21:11;2017-04-19 11:59:25;2,4;;;2016-05-05 17:14:26;2016-06-14 17:00:00
;Grande Niterói;Icaraí Niterói;;;Pela Roberto Silveira;;Reitoria;;;2016-09-02 00:29:04;2017-04-19 11:59:25;1,2,3,4,5;;;;2016-09-06 07:30:00
;Grande Niterói;Fonseca - Niteroi ;;Alameda - Fonseca;;;CT: Bloco A;;;2016-05-05 13:46:53;2017-04-19 11:59:25;2,3,4,5;;;2016-05-05 17:14:53;2016-05-10 08:00:00
;Região dos Lagos;Unamar;;Retão-Unamar;Amaral Peixoto;;Polo Universitário;;;2019-03-11 09:44:17;2019-03-12 14:20:23;1,2;2019-07-11;;;2019-03-12 10:00:00
;Região dos Lagos;Cabo Frio;;;;;Polo Universitário;;Valor: R$10,00;2019-05-23 14:04:16;2019-05-23 14:19:27;1,3,4,5;2019-07-27;;2019-05-23 14:19:27;2019-07-18 07:30:00
;Região dos Lagos;Unamar;;Retão-Unamar;Amaral Peixoto - linha verde;;Polo Universitário;;"R$5,00 p/vaga
Chamem no wpp : 021 97219-3236";2019-03-13 22:27:31;2019-03-13 22:27:31;3,4;2019-07-14;;;2019-03-14 13:30:00
;Grande Niterói;Icaraí Niterói;;;Rota: 7 de Setembro + Roberto Silveira;;Reitoria;;"Oie, vou quase todo dia esse horário. 
Peço só uma ajuda para a gasolina de 5 reais.";2018-03-26 23:28:05;2018-03-26 23:28:05;1,2,3,4;;;;2018-04-16 07:30:00
;Centro;bairro de Fátima;;Bairro de Fátima;Linha Vermelha, Cidade Nova e Bairro de Fátima;;Letras;;;2017-03-15 12:39:44;2017-04-19 11:59:25;2,4;;;;2017-05-23 21:45:00
;Zona Oeste;Praça Seca;;Rua Pinto Teles;Rua Cândido Benício, Rua Goiás, Cascadura, Linha Amarela;;CCS: HUCFF;;5 R$ de contribuição. Deixo em outros prédios;2019-02-10 21:37:56;2019-02-10 21:37:56;;;;;2019-02-11 16:00:00
;Grande Niterói;Maria Paula;;moinho;alameda;;CCMN;;"
$4,00 por pessoa. Faço uma volta no moinho e pego a ponte. ";2016-04-27 21:24:00;2017-04-19 11:59:25;1,2,3,4,5;;;2016-05-02 16:51:56;2016-05-04 09:00:00
;Zona Norte;São Cristóvão;;Largo da Cancela;Rua S. Luiz Gonzaga, Linha Vermelha;;CT;;;2016-05-11 00:08:19;2017-04-19 11:59:25;;;;;2016-05-11 09:00:00
;Grande Niterói;Fonseca;;22 de novembro;Alameda São Boaventura;;Letras;;"- Sem cigarros durante a viagem por gentileza.

ZAP 964824093
R$6,00 de auxílio gasolina

Peço R$6,00 para ajuda no combustível.

ZAP 964824093";2017-09-08 17:38:20;2017-09-08 17:38:20;2,3,4,5;;;;2017-10-18 07:30:00
;Centro;bairro de Fátima;;Bairro de Fátima;Linha Vermelha, Cidade Nova e Bairro de Fátima;;Letras;;;2017-03-15 12:39:44;2017-04-19 11:59:25;2,4;;;;2017-04-20 21:45:00
;Região Serrana;Petrópolis;;Universidade Estácio da Bingen.;;;CT: Bloco A;;;2018-04-03 15:57:02;2018-04-03 15:57:02;1,3;;;;2018-06-20 16:20:00
;Região Serrana;Petrópolis;;Rodoviária;Br-040;;CCS: HUCFF;;;2019-09-05 15:32:17;2019-09-05 15:32:17;;;;;2019-09-05 15:55:00
;Grande Niterói;Fonseca;;Alameda, a partir da Igreja Batista sentido Rio;Alameda - Ponte;;CT;;"Tento sempre pegar a ponte antes das 7h.
Colaboração de R$5";2017-03-14 23:05:41;2017-04-19 11:59:25;;;;;2017-03-15 07:30:00
;Região Serrana;Eng. Paulo de Frontin;;Serra Fluminense;Paracambi, Japeri, Dutra, Linha Vermelha;;CT;;"Saio por volta das 10h.
Tenho tido problemas com o app, trava após eu aceitar a carona. Entre em contato pelo Whatsapp:
+5524999557072
Taxa a combinar.";2016-05-11 08:53:45;2017-04-19 11:59:25;1;;;;2016-06-06 12:00:00
;Grande Niterói;Fonseca;;Alameda;22 DE NOVEMBRO, ALAMEDA;;Letras;;"WhatsApp 964824093
Ajuda para combustível R$5,00";2018-08-25 05:09:22;2018-08-25 05:09:22;1,2,3,5;;;;2018-11-05 07:30:00
;Baixada;XERÉM ;;Bloco H;;;CCMN: Frente;;;2016-09-09 18:16:08;2017-04-19 11:59:25;3;;;;2016-10-05 12:00:00
;Zona Norte;São Cristóvão;;17ª DP;Linha Vermelha, Campo De São Cristóvão, Quinta Da Boa Vista, Metrô De São Cristóvão;;Letras;;;2016-04-27 16:44:21;2017-04-19 11:59:25;3,5;;;2016-04-27 16:44:36;2016-04-29 17:00:00
;Grande Niterói;Fonseca;;22 de novembro;Alameda São Boaventura;;Letras;;"- Sem cigarros durante a viagem por gentileza.

ZAP 964824093
R$6,00 de auxílio gasolina

Peço R$6,00 para ajuda no combustível.

ZAP 964824093";2017-09-08 17:38:20;2017-09-08 17:38:20;2,3,4,5;;;;2017-12-08 07:30:00
;Grande Niterói;Icaraí;;Campo de São Bento;Av. Roberto Silveira, Marquês de Paraná;;CCS;;Saindo 6:20. Contribuição R$ 5;2016-07-21 23:54:10;2017-04-19 11:59:25;1,2,3,4,5;;;;2016-08-29 07:20:00
;Grande Niterói;Icaraí Niterói;;;Rota: 7 de Setembro + Roberto Silveira;;Reitoria;;"Oie, vou quase todo dia esse horário. 
Peço só uma ajuda para a gasolina de 5 reais.";2018-03-26 23:28:05;2018-03-26 23:28:05;1,2,3,4;;;;2018-05-15 07:30:00
;Grande Niterói;Fonseca;;Alameda;22 DE NOVEMBRO, ALAMEDA;;Letras;;"WhatsApp 964824093
Ajuda para combustível R$5,00";2018-08-25 05:09:22;2018-08-25 05:09:22;1,2,3,5;;;;2018-09-21 07:30:00
;Grande Niterói;Fonseca;;;;;CT;;"Ajuda com 5 reais.
";2017-04-10 18:23:07;2017-04-19 11:59:25;3;;;;2017-05-17 11:00:00
;Grande Niterói;Icaraí;;Campo de São Bento;Av. Roberto Silveira, Marquês de Paraná;;CCS;;Saindo 6:20. Contribuição R$ 5;2016-07-21 23:54:11;2017-04-19 11:59:25;1,2,3,4,5;;;;2016-10-11 07:20:00
;Região Serrana;Eng. Paulo de Frontin;;Serra Fluminense;Paracambi, Japeri, Dutra, Linha Vermelha;;CT;;"Saio por volta das 10h.
Tenho tido problemas com o app, trava após eu aceitar a carona. Entre em contato pelo Whatsapp:
+5524999557072
Taxa a combinar.";2016-05-11 08:53:45;2017-04-19 11:59:25;1;;;;2016-05-30 12:00:00
;Grande Niterói;Icaraí Niterói;;;Pela Gavião Peixoto ;;Reitoria;;;2016-04-15 07:41:23;2017-04-19 11:59:25;1,2,3,4,5;;;2016-04-15 08:01:40;2016-06-03 13:30:00
;Grande Niterói;Fonseca;;Alameda;22 DE NOVEMBRO, ALAMEDA;;Letras;;"WhatsApp 964824093
Ajuda para combustível R$5,00";2018-08-25 05:09:22;2018-08-25 05:09:22;1,2,3,5;;;;2018-11-23 07:30:00
;Região dos Lagos;Unamar;;Retão-Unamar;Amaral Peixoto - linha verde;;Polo Universitário;;"R$5,00 p/vaga
Chamem no wpp : 021 97219-3236";2019-03-13 22:29:13;2019-03-13 22:29:13;2,4;2019-07-14;;;2019-04-02 19:30:00
;Baixada;Xerém ;;Postinho de Saúde ;Santa Cruz da Serra, W. Luís, Caxias Shopping ;;CT;;Faço sempre o trajeto toda terça e quinta as 8h de Xerém ao CT;2016-04-14 01:03:21;2017-04-19 11:59:25;2,4;;;;2016-05-19 08:00:00
;Grande Niterói;Fonseca;;Alameda;22 DE NOVEMBRO, ALAMEDA;;Letras;;"WhatsApp 964824093
Ajuda para combustível R$5,00";2018-08-25 05:09:22;2018-08-25 05:09:22;1,2,3,5;;;;2018-11-06 07:30:00
;Grande Niterói;Fonseca;;Alameda;22 DE NOVEMBRO, ALAMEDA;;Letras;;"WhatsApp 964824093
Ajuda para combustível R$5,00";2018-08-25 05:09:22;2018-08-25 05:09:22;1,2,3,5;;;;2018-11-19 07:30:00
;Região dos Lagos;Unamar;;Retão-Unamar;Amaral Peixoto - linha verde;;Polo Universitário;;"R$5,00 p/vaga
Chamem no wpp : 021 97219-3236";2019-03-13 22:26:51;2019-03-13 22:26:51;1,2;2019-07-18;;;2019-07-02 10:00:00
;Baixada;Xerém;;Rua Senador Vergueiro;Marques De Abrantes, Pinheiro Machado, Sta Barbara, Presidente Vargas, Linha Vermelha;;CT: Bloco A;;"Não fumo, não o façam dentro do carro, por favor.
Contribuição R$4,00
Temperatura do ar condicionado 19ºC (quem for atrás, tem saída para vocês)
Qualquer coisa manda WhatsApp (21)981665652";2018-04-14 14:28:13;2018-04-14 14:28:13;1,5;;;;2018-05-14 14:00:00
;Região dos Lagos;Unamar;;Retão-Unamar;Amaral Peixoto - linha verde;;Polo Universitário;;"R$5,00 p/vaga
Chamem no wpp : 021 97219-3236";2019-03-13 22:26:51;2019-03-13 22:26:51;1,2;2019-07-18;;;2019-04-01 10:00:00
;Região dos Lagos;Unamar;;Retão-Unamar;Amaral Peixoto - linha verde;;Polo Universitário;;"R$5,00 p/vaga
Chamem no wpp : 021 97219-3236";2019-03-13 22:26:51;2019-03-13 22:26:51;1,2;2019-07-18;;;2019-06-04 10:00:00
;Região dos Lagos;Arraial do Cabo;;Figueira;Via Praia Seca, Bacaxá, São Gonçalo;;CT: Bloco D;;;2019-03-15 09:48:36;2019-03-15 09:48:36;5;2019-07-15;;;2019-05-24 21:45:00
;Baixada;Xerém;;Rua Senador Vergueiro;Marques De Abrantes, Pinheiro Machado, Sta Barbara, Presidente Vargas, Linha Vermelha;;CT: Bloco A;;"Não fumo, não o façam dentro do carro, por favor.
Contribuição R$4,00
Temperatura do ar condicionado 19ºC (quem for atrás, tem saída para vocês)
Qualquer coisa manda WhatsApp (21)981665652";2018-04-14 14:29:04;2018-04-14 14:29:04;3;;;;2018-04-25 12:00:00
;Zona Oeste;Jacarepaguá ;;Praça seca - Vila Valqueire ;Linha Amarela-Piedade-Rua Goiás - Terminal De Cascadura- Tem Tudo - Assai Campinho- Mundial Praça Seca ;;CT;;;2016-04-29 19:52:04;2017-04-19 11:59:25;1,2,3,4,5;;;;2016-06-28 20:00:00
;Zona Norte;São Cristóvão;;Largo da Cancela;Linha Vermelha -> Largo da Cancela;;CT: Bloco A;;;2016-09-01 17:19:06;2017-04-19 11:59:25;;;;;2016-09-01 17:30:00
;Grande Niterói;Maria Paula;;moinho;alameda;;CCMN;;"
$4,00 por pessoa. Faço uma volta no moinho e pego a ponte. ";2016-04-27 21:24:01;2017-04-19 11:59:25;1,2,3,4,5;;;2016-05-09 08:30:22;2016-05-25 09:00:00
;Região dos Lagos;Arraial do Cabo;;Figueira;Via Praia Seca, Bacaxá, São Gonçalo;;CT: Bloco D;;;2019-03-15 09:48:36;2019-03-15 09:48:36;5;2019-07-15;;;2019-05-31 21:45:00
;Zona Norte;São Cristóvão;;Esquina da av. exército com a rua Fonseca Teles (ponto do sinal);Colégio Brasileiro - Centro De Tradições Nordestinas - Linha Vermelha - Fundão ;;CCMN;;2 reais pra ajudar na gasolina :);2016-05-08 01:46:28;2017-04-19 11:59:25;;;;;2016-05-09 07:10:00
;Baixada;Xerém ;;Postinho de Saúde ;Santa Cruz da Serra, W. Luís, Caxias Shopping ;;CT;;Faço sempre o trajeto toda terça e quinta as 8h de Xerém ao CT;2016-04-14 01:03:21;2017-04-19 11:59:25;2,4;;;;2016-05-03 08:00:00
;Baixada;Xerém;;Rua Senador Vergueiro;Marques De Abrantes, Pinheiro Machado, Sta Barbara, Presidente Vargas, Linha Vermelha;;CT: Bloco A;;"Não fumo, não o façam dentro do carro, por favor.
Contribuição R$4,00
Temperatura do ar condicionado 19ºC (quem for atrás, tem saída para vocês)
Qualquer coisa manda WhatsApp (21)981665652";2018-04-14 14:29:04;2018-04-14 14:29:04;3;;;;2018-06-20 12:00:00
;Grande Niterói;Centro de Niterói;;Amaral Peixoto;Jansen de Melo, Amaral Peixoto, Rua Dr Celestino;;Letras;;"Ajuda combustível R$6,00
whatsapp 964824093";2018-03-13 01:37:05;2018-03-13 01:37:05;1,2,3,4,5;;;;2018-03-22 13:00:00
;Grande Niterói;Icaraí;;Campo de São Bento;Av. Roberto Silveira, Marquês de Paraná;;CCS;;;2016-10-25 00:30:57;2017-04-19 11:59:25;1,2,3,4,5;;;;2016-12-20 08:00:00
;Grande Niterói;Icaraí Niterói;;;Pela Roberto Silveira;;Reitoria;;Quem puder dar uma ajudazinea será bem vinda :) ;2016-09-25 11:21:32;2017-04-19 11:59:25;1,3,4,5;;;;2016-09-26 13:00:00
;Zona Norte;São Cristóvão;;Feira nordestina ;Ufrj , São Cristóvão ;;Letras;;;2016-09-30 16:03:51;2017-04-19 11:59:25;5;;;;2016-10-07 17:00:00
;Grande Niterói;Fonseca - Niteroi ;;Alameda - Fonseca;;;CT: Bloco A;;"Pedimos colaboração de 5 reais;
Entrar em contato por wpp 21 99575-7872
";2016-05-05 13:21:11;2017-04-19 11:59:25;2,4;;;2016-05-05 17:13:59;2016-05-17 17:00:00
;Zona Oeste;Jacarepaguá ;;Praça seca - Vila Valqueire ;Linha Amarela-Piedade-Rua Goiás - Terminal De Cascadura- Tem Tudo - Assai Campinho- Mundial Praça Seca ;;CT;;;2016-04-29 19:52:03;2017-04-19 11:59:25;1,2,3,4,5;;;;2016-05-31 20:00:00
;Grande Niterói;Fonseca;;Alameda;22 DE NOVEMBRO, ALAMEDA;;Letras;;"WhatsApp 964824093
Ajuda para combustível R$5,00";2018-08-25 05:09:22;2018-08-25 05:09:22;1,2,3,5;;;;2018-11-09 07:30:00
;Grande Niterói;Icaraí Niterói;;;Pela Gavião Peixoto ;;Reitoria;;;2016-04-15 07:41:23;2017-04-19 11:59:25;1,2,3,4,5;;;2016-04-15 07:43:42;2016-05-12 13:30:00
;Região dos Lagos;Cabo Frio;;;;;Polo Universitário;;Valor: R$10,00;2019-05-23 13:57:55;2019-05-23 14:15:21;1,2,3,4,5;2019-07-23;;2019-05-23 14:15:21;2019-06-13 16:00:00
;Região dos Lagos;Unamar;;Retão-Unamar;Amaral Peixoto - linha verde;;Polo Universitário;;"R$5,00 p/vaga
Chamem no wpp : 021 97219-3236";2019-03-13 22:29:13;2019-03-13 22:29:13;2,4;2019-07-14;;;2019-03-26 19:30:00
;Grande Niterói;Maria Paula;;moinho;alameda;;CCMN;;"
$4,00 por pessoa. Faço uma volta no moinho e pego a ponte. ";2016-04-27 21:24:01;2017-04-19 11:59:25;1,2,3,4,5;;;;2016-06-14 09:00:00
;Região dos Lagos;Unamar;;Retão-Unamar;Amaral Peixoto - linha verde;;Polo Universitário;;"R$5,00 p/vaga
Chamem no wpp : 021 97219-3236";2019-03-13 22:26:51;2019-03-13 22:26:51;1,2;2019-07-18;;;2019-03-25 10:00:00
;Grande Niterói;Centro de Niterói;;Amaral Peixoto;Jansen de Melo, Amaral Peixoto, Rua Dr Celestino;;Letras;;"Ajuda combustível R$6,00
whatsapp 964824093";2018-03-13 01:37:05;2018-03-13 01:37:05;1,2,3,4,5;;;;2018-03-14 13:00:00
;Zona Norte;São Cristóvão;;17ª DP;Linha Vermelha, Campo De São Cristóvão, Quinta Da Boa Vista, Metrô De São Cristóvão;;CT: Bloco H;;;2016-04-27 16:46:22;2017-04-19 11:59:25;3,5;;;2016-05-06 15:21:23;2016-05-06 17:00:00
;Grande Niterói;Icaraí;;Campo de São Bento;Av. Roberto Silveira, Marquês de Paraná;;CCS;;;2016-10-25 00:30:57;2017-04-19 11:59:25;1,2,3,4,5;;;;2016-12-22 08:00:00
;Zona Norte;São Cristóvão;;;Colégio Pedro II;;CCMN: Frente;;Contribuições são bem-vindas :);2016-06-02 07:29:50;2017-04-19 11:59:25;;;;;2016-06-02 12:00:00
;Região dos Lagos;Cabo Frio;;;;;Polo Universitário;;Valor: R$10,00;2019-05-23 14:04:16;2019-05-23 14:18:40;1,3,4,5;2019-07-27;;2019-05-23 14:18:40;2019-07-11 07:30:00
;Zona Norte;São Cristóvão;;;Av Do Exército - Centro De Tradições Nordestinas - Linha Vermelha - Fundão;;CCMN;;Contribuições pra gasolina são bem vindas :);2016-05-12 19:32:03;2017-04-19 11:59:25;;;;2016-05-12 22:57:04;2016-05-13 07:20:00
;Zona Norte;São Cristóvão;;Campo de São Cristóvão;Campo de São Cristóvão;;CT;;;2016-04-20 09:30:34;2017-04-19 11:59:25;1,2,3,4,5;;;;2016-06-09 07:50:00
;Zona Oeste;Jacarepaguá ;;Praça seca - Vila Valqueire ;Linha Amarela-Piedade-Rua Goiás - Terminal De Cascadura- Tem Tudo - Assai Campinho- Mundial Praça Seca ;;CT;;;2016-04-29 19:52:04;2017-04-19 11:59:25;1,2,3,4,5;;;2016-04-29 19:56:31;2016-07-21 20:00:00
;Zona Norte;São Cristóvão;;17ª DP;Quinta da Boa Vista, Feira de São Cristóvão, Linha Vermelha;;Letras;;;2017-09-27 17:15:34;2017-09-27 17:15:34;1,2,3,4,5;;;;2017-11-17 17:19:00
;Grande Niterói;Fonseca;;Alameda;22 DE NOVEMBRO, ALAMEDA;;Letras;;"WhatsApp 964824093
Ajuda para combustível R$5,00";2018-08-25 05:09:22;2018-08-25 05:09:22;1,2,3,5;;;;2018-12-19 07:30:00
;Zona Norte;São Cristóvão;;17ª DP;Linha Vermelha, Campo De São Cristóvão, Quinta Da Boa Vista, Metrô De São Cristóvão;;CT: Bloco H;;;2016-04-27 16:46:22;2017-04-19 11:59:25;3,5;;;;2016-06-17 17:00:00
;Zona Norte;São Cristóvão;;17ª DP;Linha Vermelha, Campo De São Cristóvão, Quinta Da Boa Vista, Metrô De São Cristóvão;;Letras;;;2016-04-27 16:44:21;2017-04-19 11:59:25;3,5;;;2016-04-27 16:44:53;2016-05-18 17:00:00
;Zona Oeste;Jacarepaguá ;;Praça seca - Vila Valqueire ;Linha Amarela-Piedade-Rua Goiás - Terminal De Cascadura- Tem Tudo - Assai Campinho- Mundial Praça Seca ;;CT;;;2016-04-29 19:52:03;2017-04-19 11:59:25;1,2,3,4,5;;;2016-04-29 19:57:26;2016-05-05 20:00:00
;Grande Niterói;Fonseca;;Alameda;22 DE NOVEMBRO, ALAMEDA;;Letras;;"WhatsApp 964824093
Ajuda para combustível R$5,00";2018-08-25 05:09:22;2018-08-25 05:09:22;1,2,3,5;;;;2018-09-14 07:30:00
;Ilha do Fundão;Incubadora;;Incubadora da COPPE;;;CT: Bloco D;;Carona pra Incubadora de Empresas da COPPE! E você ainda de quebra pode conhecer as empresas de lá!;2016-04-12 09:15:40;2017-04-19 11:59:25;2,4;;;;2016-05-17 13:00:00
;Grande Niterói;Santa Rosa - Niterói ;;Noronha Torrezão;Alameda, 22 de Novembro, Noronha Torrezão;;CCMN: Frente;;As contribuições não são obrigatórias, mas bem-vindas. Não desvio minha rota pelo Centro.;2016-06-21 12:23:11;2017-04-19 11:59:25;2,4;;;;2016-06-23 15:00:00
;Grande Niterói;Fonseca;;Alameda;22 DE NOVEMBRO, ALAMEDA;;Letras;;"WhatsApp 964824093
Ajuda para combustível R$5,00";2018-08-25 05:09:22;2018-08-25 05:09:22;1,2,3,5;;;;2018-10-03 07:30:00
;Grande Niterói;Fonseca;;Alameda;22 DE NOVEMBRO, ALAMEDA;;Letras;;"WhatsApp 964824093
Ajuda para combustível R$5,00";2018-08-25 05:09:22;2018-08-25 05:09:22;1,2,3,5;;;;2018-10-01 07:30:00
;Grande Niterói;Fonseca;;Alameda;22 DE NOVEMBRO, ALAMEDA;;Letras;;"WhatsApp 964824093
Ajuda para combustível R$6,00";2018-03-13 01:33:44;2018-03-13 01:33:44;1,3,5;;;;2018-04-23 07:30:00
;Baixada;Xerém ;;Postinho de Saúde ;Santa Cruz da Serra, W. Luís, Caxias Shopping ;;CT;;Faço sempre o trajeto toda terça e quinta as 8h de Xerém ao CT;2016-04-14 01:03:21;2017-04-19 11:59:25;2,4;;;;2016-08-02 08:00:00
;Região dos Lagos;Unamar;;Retão-Unamar;Amaral Peixoto - linha verde;;Polo Universitário;;"R$5,00 p/vaga
Chamem no wpp : 021 97219-3236";2019-03-13 22:29:13;2019-03-13 22:29:13;2,4;2019-07-14;;;2019-05-09 19:30:00
;Ilha do Fundão;Incubadora;;Incubadora da COPPE;;;CT: Bloco D;;Carona pra Incubadora de Empresas da COPPE! E você ainda de quebra pode conhecer as empresas de lá!;2016-04-12 09:15:41;2017-04-19 11:59:25;2,4;;;;2016-06-02 13:00:00
;Grande Niterói;Fonseca;;22 de novembro;Alameda São Boaventura;;Letras;;"- Sem cigarros durante a viagem por gentileza.

ZAP 964824093
R$6,00 de auxílio gasolina

Peço R$6,00 para ajuda no combustível.

ZAP 964824093";2017-09-08 17:38:20;2017-09-08 17:38:20;2,3,4,5;;;;2017-10-20 07:30:00
;Zona Norte;São Cristóvão;;Campo do Vasco;Linha Vermelha, Cancela, Campo do vasco;;CT: Bloco H;;;2018-10-05 17:48:29;2018-10-05 17:48:29;1,2,3,4,5;;;;2018-12-05 18:00:00
;Grande Niterói;Icaraí Niterói;;;Pela Gavião Peixoto ;;Reitoria;;;2016-04-15 07:41:23;2017-04-19 11:59:25;1,2,3,4,5;;;2016-04-15 07:43:27;2016-05-09 13:30:00
;Grande Niterói;Fonseca - Niteroi ;;Alameda - Fonseca;;;CT: Bloco A;;"Saio do CT até a Alameda Boa Ventura, no Fonseca. Não aceitamos fumantes
Entrar em contato no wpp:
 21 99575-7872

Pedimos colaboração de 5 dinheiros ";2016-05-05 13:17:17;2017-04-19 11:59:25;2,4,5;;;2016-05-05 13:19:37;2016-06-09 14:00:00
;Grande Niterói;Fonseca;;Alameda;22 DE NOVEMBRO, ALAMEDA;;Letras;;"WhatsApp 964824093
Ajuda para combustível R$5,00";2018-08-25 05:09:22;2018-08-25 05:09:22;1,2,3,5;;;;2018-10-02 07:30:00
;Grande Niterói;Icaraí;;Campo de São Bento;Av. Roberto Silveira, Marquês de Paraná;;CCS;;Saindo 6:20. Contribuição R$ 5;2016-07-21 23:54:11;2017-04-19 11:59:25;1,2,3,4,5;;;;2016-11-03 07:20:00
;Grande Niterói;Icaraí Niterói;;;Pela Roberto Silveira;;Reitoria;;;2016-09-02 00:29:04;2017-04-19 11:59:25;1,2,3,4,5;;;;2016-09-29 07:30:00
;Grande Niterói;Fonseca;;Alameda;22 DE NOVEMBRO, ALAMEDA;;Letras;;"WhatsApp 964824093
Ajuda para combustível R$6,00";2018-03-13 01:33:44;2018-03-13 01:33:44;1,3,5;;;;2018-06-25 07:30:00
;Grande Niterói;Icaraí Niterói;;;Rota: 7 de Setembro + Roberto Silveira;;Reitoria;;"Oie, vou quase todo dia esse horário. 
Peço só uma ajuda para a gasolina de 5 reais.";2018-03-26 23:28:05;2018-03-26 23:28:05;1,2,3,4;;;;2018-05-09 07:30:00
;Zona Norte;São Cristóvão;;17ª DP;Linha Vermelha, Campo De São Cristóvão, Quinta Da Boa Vista, Metrô De São Cristóvão;;CT: Bloco H;;;2016-04-27 16:46:22;2017-04-19 11:59:25;3,5;;;;2016-05-27 17:00:00
;Grande Niterói;Fonseca - Niteroi ;;Alameda - Fonseca;;;CT: Bloco A;;;2016-05-05 13:46:53;2017-04-19 11:59:25;2,3,4,5;;;2016-05-05 17:15:03;2016-05-13 08:00:00
;Grande Niterói;Icaraí-Niterói;;Campo de São Bento;Saindo da Otávio Carneiro, Lopes Trovão, pela Roberto Silveira até a ponte;;CCS;;"Saída às 6:25.
Não é permitido fumar no carro.
Contribuição de R$ 5,00.";2019-01-06 20:50:34;2019-01-06 21:09:41;1,2,3,4,5;2019-03-07;;2019-01-06 21:09:41;2019-01-18 07:15:00
;Grande Niterói;Icaraí;;Campo de São Bento;Av. Roberto Silveira, Marquês de Paraná;;CCS;;Saindo 6:20. Contribuição R$ 5;2016-07-21 23:54:11;2017-04-19 11:59:25;1,2,3,4,5;;;;2016-09-16 07:20:00
;Região Serrana;Petrópolis;;Universidade Estácio da Bingen.;;;CT: Bloco A;;;2018-04-03 15:57:02;2018-04-03 15:57:02;1,3;;;;2018-05-28 16:20:00
;Grande Niterói;Centro de Niterói;;Amaral Peixoto;Jansen de Melo, Amaral Peixoto, Rua Dr Celestino;;Letras;;"Ajuda combustível R$6,00
whatsapp 964824093";2018-03-13 01:37:05;2018-03-13 01:37:05;1,2,3,4,5;;;;2018-03-28 13:00:00
;Zona Norte;São Cristóvão;;quinta D'or;metrô de São Cristóvão, quinta dor, pedro ii, feira de tradições nordestinas, linha vermelha;;CT;;"Qualquer contribuição é sempre bem vinda..
";2016-04-18 12:58:48;2017-04-19 11:59:25;;;;;2016-04-18 17:00:00
;Baixada;Xerém ;;;;;CT;;;2016-09-09 18:14:30;2017-04-19 11:59:25;1;;;;2016-10-17 12:00:00
;Região dos Lagos;Cabo Frio;;;;;Polo Universitário;;Valor: R$10,00;2019-05-23 13:57:55;2019-05-23 14:15:02;1,2,3,4,5;2019-07-23;;2019-05-23 14:15:02;2019-06-11 16:00:00
;Grande Niterói;Icaraí;;Campo de São Bento;Av. Roberto Silveira, Marquês de Paraná;;CCS;;Saindo 6:20. Contribuição R$ 5;2016-07-21 23:54:11;2017-04-19 11:59:25;1,2,3,4,5;;;;2016-11-17 07:20:00
;Grande Niterói;Fonseca;;22 de novembro;Alameda São Boaventura;;Letras;;"- Sem cigarros durante a viagem por gentileza.

ZAP 964824093
R$6,00 de auxílio gasolina

Peço R$6,00 para ajuda no combustível.

ZAP 964824093";2017-09-08 17:38:20;2017-09-08 17:38:20;2,3,4,5;;;;2017-09-27 07:30:00
;Região dos Lagos;Cabo Frio;;;;;Polo Universitário;;Valor: R$10,00;2019-05-23 14:04:16;2019-05-23 14:15:06;1,3,4,5;2019-07-27;;2019-05-23 14:15:06;2019-06-12 07:30:00
;Grande Niterói;Fonseca;;Wiseup;;;CT: Bloco H;;Ajuda com 5 reais. ;2017-04-10 18:24:17;2017-04-19 11:59:25;1,2,3;;;;2017-05-30 15:00:00
;Grande Niterói;Maria Paula;;moinho;alameda;;CCMN;;"
$4,00 por pessoa. Faço uma volta no moinho e pego a ponte. ";2016-04-27 21:24:01;2017-04-19 11:59:25;1,2,3,4,5;;;;2016-06-13 09:00:00
;Zona Norte;São Cristóvão;;17ª DP;Quinta da Boa Vista, Feira de São Cristóvão, Linha Vermelha;;Letras;;;2017-09-27 17:15:34;2017-09-27 17:15:34;1,2,3,4,5;;;;2017-10-26 17:19:00
;Zona Norte;Maria da Graça;;Metrô Maria da Graça;Linha Amarela;;CCMN: Fundos;;;2019-03-14 15:12:49;2019-03-14 15:13:08;;;;2019-03-14 15:13:08;2019-03-14 16:00:00
;Grande Niterói;Icaraí Niterói;;;Pela Gavião Peixoto ;;Reitoria;;;2016-04-15 07:41:23;2017-04-19 11:59:25;1,2,3,4,5;;;2016-04-15 07:43:59;2016-05-17 13:30:00
;Grande Niterói;Fonseca - Niteroi ;;Alameda - Fonseca;;;CT: Bloco A;;"Saio do CT até a Alameda Boa Ventura, no Fonseca. Não aceitamos fumantes
Entrar em contato no wpp:
 21 99575-7872

Pedimos colaboração de 5 dinheiros ";2016-05-05 13:17:17;2017-04-19 11:59:25;2,4,5;;;2016-05-05 13:19:49;2016-06-21 14:00:00
;Zona Norte;São Cristóvão;;17ª DP;Quinta da Boa Vista, Feira de São Cristóvão, Linha Vermelha;;Letras;;;2017-09-27 17:15:34;2017-09-27 17:15:34;1,2,3,4,5;;;;2017-11-16 17:19:00
;Região dos Lagos;Cabo Frio;;Unamar;Amaral Peixoto;;Polo Universitário;;;2019-08-10 18:56:15;2019-08-10 18:56:15;1;2019-12-12;;;2019-10-28 13:30:00
;Grande Niterói;Icaraí Niterói;;;Pela Gavião Peixoto ;;Reitoria;;;2016-04-15 07:41:23;2017-04-19 11:59:25;1,2,3,4,5;;;2016-04-15 18:44:15;2016-06-10 13:30:00
;Grande Niterói;Fonseca;;22 de novembro;Alameda São Boaventura;;Letras;;"- Sem cigarros durante a viagem por gentileza.

ZAP 964824093
R$6,00 de auxílio gasolina

Peço R$6,00 para ajuda no combustível.

ZAP 964824093";2017-09-08 17:38:20;2017-09-08 17:38:20;2,3,4,5;;;;2017-10-17 07:30:00
;Zona Norte;São Cristóvão;;Feira nordestina ;Ufrj , São Cristóvão ;;Letras;;Não fumo ;2016-09-25 23:11:03;2017-04-19 11:59:25;1,3,5;;;;2016-11-04 21:20:00
;Zona Norte;São Cristóvão;;17ª DP;Quinta da Boa Vista, Feira de São Cristóvão, Linha Vermelha;;Letras;;;2017-09-27 17:15:34;2017-09-27 17:15:34;1,2,3,4,5;;;;2017-11-21 17:19:00
;Região dos Lagos;Cabo Frio;;;;;Polo Universitário;;Valor: R$10,00;2019-05-23 13:57:55;2019-05-23 14:15:47;1,2,3,4,5;2019-07-23;;2019-05-23 14:15:47;2019-06-17 16:00:00
;Grande Niterói;Centro de Niterói;;Amaral Peixoto;Jansen de Melo, Amaral Peixoto, Rua Dr Celestino;;Letras;;"Ajuda combustível R$6,00
whatsapp 964824093";2018-03-13 01:37:05;2018-03-13 01:37:05;1,2,3,4,5;;;;2018-03-29 13:00:00
;Baixada;Xerém ;;Postinho de Saúde ;Caxias Shopping,  W. Luís,  Santa Cruz da Serra ;;CT: Bloco H;;Viagem de Volta do CT para Xerém,  caso queira parar em algum bairro intermediário,  pode. ;2016-04-14 01:05:30;2017-04-19 11:59:25;2,4;;;;2016-07-21 17:00:00
;Zona Norte;São Cristóvão;;Campo do Vasco;Linha Vermelha, Cancela, Campo do vasco;;CT: Bloco H;;;2018-10-05 17:48:29;2018-10-05 17:48:29;1,2,3,4,5;;;;2018-11-20 18:00:00
;Zona Norte;São Cristóvão;;próximo ao estádio são Januário (Vasco);campo de São Cristóvão, rua General argolo, rua sao Januário;;CT: Bloco A;;;2016-04-12 14:11:50;2017-04-19 11:59:25;2,4;;;;2016-04-14 17:00:00
;Zona Oeste;Jacarepaguá ;;Praça seca - Vila Valqueire ;Linha Amarela-Piedade-Rua Goiás - Terminal De Cascadura- Tem Tudo - Assai Campinho- Mundial Praça Seca ;;CT;;;2016-04-29 19:52:04;2017-04-19 11:59:25;1,2,3,4,5;;;;2016-06-29 20:00:00
;Grande Niterói;Centro de Niterói;;Amaral Peixoto;Jansen de Melo, Amaral Peixoto, Rua Dr Celestino;;Letras;;"Ajuda combustível R$6,00
whatsapp 964824093";2018-03-13 01:37:05;2018-03-13 01:37:05;1,2,3,4,5;;;;2018-04-16 13:00:00
;Região Serrana;Petrópolis;;Rodoviária;Br-040;;CT;;;2019-09-04 17:40:01;2019-09-04 17:40:01;;;;;2019-09-05 09:00:00
;Zona Norte;São Cristóvão ;;;CT > Linha Vermelha > Feira de São Cristóvão > Largo da Cancela > próximo ao Estádio São Januário ;;CT: Bloco A;;;2016-04-13 10:24:33;2017-04-19 11:59:25;1,3;;;2016-04-13 10:26:14;2016-05-16 14:05:00
;Grande Niterói;Centro de Niterói;;Amaral Peixoto;Jansen de Melo, Amaral Peixoto, Rua Dr Celestino;;Letras;;"Ajuda combustível R$6,00
whatsapp 964824093";2018-03-13 01:37:05;2018-03-13 01:37:05;1,2,3,4,5;;;;2018-04-18 13:00:00
;Região Serrana;Petrópolis;;Universidade Estácio da Bingen.;;;CT: Bloco A;;;2018-04-03 15:57:02;2018-04-03 15:57:02;1,3;;;;2018-05-09 16:20:00
;Grande Niterói;Centro de Niterói;;Amaral Peixoto;Jansen de Melo, Amaral Peixoto, Rua Dr Celestino;;Letras;;"Ajuda combustível R$6,00
whatsapp 964824093";2018-03-13 01:37:05;2018-03-13 01:37:05;1,2,3,4,5;;;;2018-07-10 13:00:00
;Zona Oeste;Jacarepaguá ;;Praça seca - Vila Valqueire ;Linha Amarela-Piedade-Rua Goiás - Terminal De Cascadura- Tem Tudo - Assai Campinho- Mundial Praça Seca ;;CT;;;2016-04-29 19:52:04;2017-04-19 11:59:25;1,2,3,4,5;;;;2016-06-13 20:00:00
;Zona Norte;São Cristóvão;;17ª DP;Linha Vermelha, Campo De São Cristóvão, Quinta Da Boa Vista, Metrô De São Cristóvão;;CT: Bloco H;;;2016-10-06 16:29:48;2017-04-19 11:59:25;4;2017-02-06;;;2016-10-06 17:00:00
;Zona Norte;São Cristóvão;;17 dp;Fonseca Teles - Cancela - LV;;CT;;"Contribuição opcional da gasolina

Rota pode ser alterada devido a necessidade do caronista";2016-04-19 21:01:36;2017-04-19 11:59:25;;;;;2016-04-20 07:59:00
;Grande Niterói;Fonseca;;;;;CT;;Ajuda com 5 reais;2017-04-10 18:22:36;2017-04-19 11:59:25;2,4;;;;2017-05-23 08:30:00
;Região dos Lagos;Cabo Frio;;Lagoa;;;Polo Universitário;;Contribuição de R$20,00.;2019-03-25 18:42:21;2019-03-25 18:42:21;;;;;2019-03-29 14:00:00
;Zona Oeste;Praça Seca;;Rua Pinto Teles;Rua Cândido Benício, Rua Goiás, Cascadura, Linha Amarela;;CCS;;5 R$ de contribuição. Deixo em outros prédios;2018-10-04 12:54:07;2018-10-04 12:54:07;;;;;2018-10-04 18:20:00
;Grande Niterói;Fonseca - Niteroi ;;Alameda - Fonseca;;;CT: Bloco A;;;2016-05-05 13:46:53;2017-04-19 11:59:25;2,3,4,5;;;2016-05-05 17:16:56;2016-07-01 08:00:00
;Zona Norte;São Cristóvão;;17ª DP;Linha Vermelha, Campo De São Cristóvão, Quinta Da Boa Vista, Metrô De São Cristóvão;;CT: Bloco A;;;2016-05-04 13:34:54;2017-04-19 11:59:25;;;;;2016-05-04 17:00:00
;Zona Norte;São Cristóvão;;Campo de São Cristóvão;Linha Vermelha ;;CT: Bloco H;;;2016-04-20 09:17:38;2017-04-19 11:59:25;3;;;;2016-05-04 10:30:00
;Grande Niterói;Fonseca;;;;;CT;;Ajuda com 5 reais;2017-04-10 18:22:36;2017-04-19 11:59:25;2,4;;;;2017-04-13 08:30:00
;Zona Norte;São Cristóvão;;Feira nordestina ;Ufrj , São Cristóvão ;;Letras;;;2016-09-30 16:03:51;2017-04-19 11:59:25;5;;;;2016-11-25 17:00:00
;Grande Niterói;Icaraí;;Campo de São Bento;Av. Roberto Silveira, Marquês de Paraná;;CCS;;Saindo 6:20. Contribuição R$ 5;2016-07-21 23:54:11;2017-04-19 11:59:25;1,2,3,4,5;;;;2016-09-21 07:20:00
;Zona Norte;São Cristóvão;;Campo de São Cristóvão;Campo de São Cristóvão;;CT;;;2016-04-20 09:30:34;2017-04-19 11:59:25;1,2,3,4,5;;;;2016-05-18 07:50:00
;Grande Niterói;Centro de Niterói;;Amaral Peixoto;Jansen de Melo, Amaral Peixoto, Rua Dr Celestino;;Letras;;"Ajuda combustível R$6,00
whatsapp 964824093";2018-03-13 01:37:05;2018-03-13 01:37:05;1,2,3,4,5;;;;2018-06-20 13:00:00
;Grande Niterói;Centro de Niterói;;Amaral Peixoto;Jansen de Melo, Amaral Peixoto, Rua Dr Celestino;;Letras;;"Ajuda combustível R$6,00
whatsapp 964824093";2018-03-13 01:37:05;2018-03-13 01:37:05;1,2,3,4,5;;;;2018-05-16 13:00:00
;Zona Norte;São Cristóvão;;17ª DP;Linha Vermelha, Campo De São Cristóvão, Quinta Da Boa Vista, Metrô De São Cristóvão;;Letras;;;2016-04-27 16:44:21;2017-04-19 11:59:25;3,5;;;2016-04-27 16:44:47;2016-05-11 17:00:00
;Zona Oeste;Jacarepaguá ;;Praça seca - Vila Valqueire ;Linha Amarela-Piedade-Rua Goiás - Terminal De Cascadura- Tem Tudo - Assai Campinho- Mundial Praça Seca ;;CT;;;2016-04-29 19:52:04;2017-04-19 11:59:25;1,2,3,4,5;;;;2016-06-17 20:00:00
;Região dos Lagos;Unamar;;Retão-Unamar;Amaral Peixoto - linha verde;;Polo Universitário;;"R$5,00 p/vaga
Chamem no wpp : 021 97219-3236";2019-03-13 22:26:51;2019-03-13 22:26:51;1,2;2019-07-18;;;2019-04-15 10:00:00
;Grande Niterói;Icaraí Niterói;;;Rota: 7 de Setembro + Roberto Silveira;;Reitoria;;"Oie, vou quase todo dia esse horário. 
Peço só uma ajuda para a gasolina de 5 reais.";2018-03-26 23:28:05;2018-03-26 23:28:05;1,2,3,4;;;;2018-03-29 07:30:00
;Região dos Lagos;Cabo Frio;;;;;Polo Universitário;;Valor: R$10,00;2019-05-23 14:04:16;2019-05-23 14:11:29;1,3,4,5;2019-07-27;;2019-05-23 14:11:29;2019-06-10 07:30:00
;Grande Niterói;Fonseca - Niteroi ;;Alameda - Fonseca;;;CT: Bloco A;;;2016-05-05 13:46:53;2017-04-19 11:59:25;2,3,4,5;;;2016-05-05 17:16:50;2016-06-30 08:00:00
;Grande Niterói;Fonseca;;;Linha Vermelha-Ponte-Alameda;;CT: Bloco H;;"Sou motorista prudente. 
Colaboração de R$6.
";2017-03-15 13:47:06;2017-04-19 11:59:25;3,5;;;;2017-04-12 15:00:00
;Zona Norte;São Cristóvão;;Campo de São Cristóvão;Campo de São Cristóvão;;CT;;;2016-04-20 09:30:34;2017-04-19 11:59:25;1,2,3,4,5;;;;2016-06-03 07:50:00
;Região dos Lagos;Unamar;;Retão-Unamar;Amaral Peixoto - linha verde;;Polo Universitário;;"R$5,00 p/vaga
Chamem no wpp : 021 97219-3236";2019-03-13 22:26:51;2019-03-13 22:26:51;1,2;2019-07-18;;;2019-04-02 10:00:00
;Região Serrana;Petrópolis;;Universidade Estácio da Bingen.;;;CT: Bloco A;;;2018-04-03 15:57:02;2018-04-03 15:57:02;1,3;;;;2018-05-07 16:20:00
;Grande Niterói;Fonseca;;Alameda;22 DE NOVEMBRO, ALAMEDA;;Letras;;"WhatsApp 964824093
Ajuda para combustível R$6,00";2018-03-13 01:33:44;2018-08-25 05:06:58;1,3,5;;;;2018-06-13 07:30:00
;Grande Niterói;Centro de Niterói;;Amaral Peixoto;Jansen de Melo, Amaral Peixoto, Rua Dr Celestino;;Letras;;"Ajuda combustível R$6,00
whatsapp 964824093";2018-03-13 01:37:05;2018-03-13 01:37:05;1,2,3,4,5;;;;2018-06-04 13:00:00
;Centro;bairro de Fátima;;Bairro de Fátima;Linha Vermelha, Cidade Nova e Bairro de Fátima;;Letras;;;2017-03-15 12:39:44;2017-04-19 11:59:25;2,4;;;;2017-04-27 21:45:00
;Grande Niterói;Icaraí;;Vital Brazil;Av. Alm. Ary Pareiras -> Roberto Silveira -> Marquês do Paraná -> Ponte;;CT;;preço/pessoa: R$5;2016-07-01 08:12:13;2017-04-19 11:59:25;;;;;2016-07-01 09:00:00
;Ilha do Fundão;Incubadora;;Incubadora da COPPE;;;CT: Bloco D;;Carona pra Incubadora de Empresas da COPPE! E você ainda de quebra pode conhecer as empresas de lá!;2016-04-12 09:15:40;2017-04-19 11:59:25;2,4;;;;2016-05-19 13:00:00
;Grande Niterói;Icaraí Niterói;;;Pela Roberto Silveira;;Reitoria;;Quem puder dar uma ajudazinea será bem vinda :) ;2016-09-25 11:21:32;2017-04-19 11:59:25;1,3,4,5;;;;2016-10-21 13:00:00
;Grande Niterói;Santa Catarina (São Gonçalo);;Perto do Fórum Novo;Ponte do Saber - Linha Vermelha - Ponte - Contorno - Neves - Barro Vermelho - Santa Catarina;;Letras;;Não fumo. Valor R$ 4,00.;2016-04-12 13:30:56;2017-04-19 11:59:25;;;;;2016-04-12 16:00:00
;Grande Niterói;Icaraí;;Campo de São Bento;Av. Roberto Silveira, Marquês de Paraná;;CCS;;;2016-10-25 00:30:57;2017-04-19 11:59:25;1,2,3,4,5;;;;2016-12-23 08:00:00
;Zona Norte;São Cristóvão;;17ª DP;Linha Vermelha, Campo De São Cristóvão, Quinta Da Boa Vista, Metrô De São Cristóvão;;CT: Bloco H;;;2016-10-06 16:29:48;2017-04-19 11:59:25;4;;;;2016-11-10 17:00:00
;Grande Niterói;Maria Paula;;moinho;alameda;;CCMN;;"
$4,00 por pessoa. Faço uma volta no moinho e pego a ponte. ";2016-04-27 21:24:01;2017-04-19 11:59:25;1,2,3,4,5;;;;2016-06-07 09:00:00
;Zona Norte;São Cristóvão;;Campo do Vasco;Linha Vermelha, Cancela, Campo do vasco;;CT: Bloco H;;;2018-10-05 17:48:29;2018-10-05 17:48:29;1,2,3,4,5;;;;2018-10-25 18:00:00
;Grande Niterói;Fonseca;;Alameda;22 DE NOVEMBRO, ALAMEDA;;Letras;;"WhatsApp 964824093
Ajuda para combustível R$5,00";2018-08-25 05:09:22;2018-08-25 05:09:22;1,2,3,5;;;;2018-08-27 07:30:00
;Grande Niterói;Fonseca - Niterói;;Princesa;Alameda;;CCMN;;Não fumo;2016-09-15 00:22:40;2017-04-19 11:59:25;;;;;2016-09-15 13:00:00
;Grande Niterói;Maria Paula;;moinho;alameda;;CCMN;;"
$4,00 por pessoa. Faço uma volta no moinho e pego a ponte. ";2016-04-27 21:24:01;2017-04-19 11:59:25;1,2,3,4,5;;;2016-05-16 08:09:41;2016-06-03 09:00:00
;Grande Niterói;Icaraí-Niterói;;Campo de São Bento;Saindo da Otávio Carneiro, Lopes Trovão, pela Roberto Silveira até a ponte;;CCS;;"Saída às 6:25.
Não é permitido fumar no carro.
Contribuição de R$ 5,00.";2019-01-06 20:50:34;2019-01-06 21:18:24;1,2,3,4,5;2019-03-07;;2019-01-06 21:18:24;2019-02-22 07:15:00
;Região dos Lagos;Cabo Frio;;;;;Polo Universitário;;Valor: R$10,00;2019-05-23 14:04:16;2019-05-23 14:15:27;1,3,4,5;2019-07-27;;2019-05-23 14:15:27;2019-06-14 07:30:00
;Zona Norte;São Cristóvão ;;;CT > Linha Vermelha > Feira de São Cristóvão > Largo da Cancela > próximo ao Estádio São Januário ;;CT: Bloco A;;;2016-04-13 10:24:33;2017-04-19 11:59:25;1,3;;;2016-04-13 10:26:17;2016-05-11 14:05:00
;Zona Oeste;Praça Seca;;Rua Pinto Teles;Rua Cândido Benício, Rua Goiás, Cascadura, Linha Amarela;;CCS;;5 R$ de contribuição. Deixo em outros prédios;2018-12-12 09:12:09;2018-12-12 09:12:09;;;;;2018-12-12 13:00:00
;Zona Norte;São Cristóvão ;;;;;CT: Bloco H;;;2016-06-24 15:51:46;2017-04-19 11:59:25;;;;;2016-06-24 17:00:00
;Zona Norte;São Cristóvão ;;;;;CT: Bloco A;;;2016-10-03 17:04:58;2017-04-19 11:59:25;;;;;2016-10-03 17:10:00
;Grande Niterói;Icaraí;;Campo de São Bento;Av. Roberto Silveira, Marquês de Paraná;;CCS;;;2016-10-25 00:30:57;2017-04-19 11:59:25;1,2,3,4,5;;;;2016-11-15 08:00:00
;Região dos Lagos;Unamar;;Retão-Unamar;Amaral Peixoto - linha verde;;Polo Universitário;;"R$5,00 p/vaga
Chamem no wpp : 021 97219-3236";2019-03-13 22:27:31;2019-03-13 22:27:31;3,4;2019-07-14;;;2019-07-03 13:30:00
;Grande Niterói;Fonseca;;Alameda;22 DE NOVEMBRO, ALAMEDA;;Letras;;"WhatsApp 964824093
Ajuda para combustível R$6,00";2018-03-13 01:33:44;2018-03-13 01:33:44;1,3,5;;;;2018-04-02 07:30:00
;Zona Norte;São Cristóvão;;próximo ao estádio são Januário (Vasco);campo de São Cristóvão, rua General argolo, rua sao Januário;;CT: Bloco A;;;2016-04-12 14:11:50;2017-04-19 11:59:25;2,4;;;;2016-04-21 17:00:00
;Grande Niterói;Fonseca;;;Linha Vermelha-Ponte-Alameda;;CT: Bloco H;;"Sou motorista prudente. 
Colaboração de R$6.
";2017-03-15 13:47:06;2017-04-19 11:59:25;3,5;;;;2017-05-10 15:00:00
;Baixada;Xerém ;;Postinho de Saúde ;Caxias Shopping,  W. Luís,  Santa Cruz da Serra ;;CT: Bloco H;;Viagem de Volta do CT para Xerém,  caso queira parar em algum bairro intermediário,  pode. ;2016-04-14 01:05:30;2017-04-19 11:59:25;2,4;;;;2016-07-14 17:00:00
;Região dos Lagos;Cabo Frio;;;;;Polo Universitário;;Valor: R$10,00;2019-05-23 14:04:16;2019-05-23 14:15:42;1,3,4,5;2019-07-27;;2019-05-23 14:15:42;2019-06-17 07:30:00
;Grande Niterói;Fonseca;;22 de novembro;Alameda São Boaventura;;Letras;;"- Sem cigarros durante a viagem por gentileza.

ZAP 964824093
R$6,00 de auxílio gasolina

Peço R$6,00 para ajuda no combustível.

ZAP 964824093";2017-09-08 17:38:20;2017-09-08 17:38:20;2,3,4,5;;;;2017-09-20 07:30:00
;Grande Niterói;Icaraí-Niterói;;Campo de São Bento;Saindo da Otávio Carneiro, Lopes Trovão, pela Roberto Silveira até a ponte;;CCS;;"Saída às 6:25.
Não é permitido fumar no carro.
Contribuição de R$ 5,00.";2019-01-06 20:50:34;2019-01-06 21:13:23;1,2,3,4,5;2019-03-07;;2019-01-06 21:13:23;2019-02-18 07:15:00
;Grande Niterói;Icaraí Niterói;;;Pela Roberto Silveira;;Reitoria;;Quem puder dar uma ajudazinea será bem vinda :) ;2016-09-25 11:21:32;2017-04-19 11:59:25;1,3,4,5;;;;2016-10-06 13:00:00
;Região dos Lagos;Cabo Frio;;Unamar;Amaral Peixoto;;Polo Universitário;;;2019-08-10 18:56:15;2019-08-10 18:56:15;1;2019-12-12;;;2019-08-12 13:30:00
;Zona Norte;São Cristóvão;;17ª DP;Linha Vermelha, Campo De São Cristóvão, Quinta Da Boa Vista, Metrô De São Cristóvão;;CT: Bloco H;;;2016-09-06 16:31:06;2017-04-19 11:59:25;2;2016-11-06;;;2016-09-06 17:00:00
;Zona Norte;São Cristóvão;;Rua São Cristóvão, próximo a delegacia;"Linha Vermelha; Largo Da Cancella; Avenida Do Exército;Fonseca Teles";;CT: Bloco H;;"Posso passar na estação de metrô. 

Agradeço contribuições para a gasolina!";2017-08-30 10:45:56;2017-08-30 18:02:23;;;;;2017-08-30 17:00:00
;Grande Niterói;Pita (São Gonçalo);;Posto BR;Dr. March - Barreto - Av. Contorno - Ponte - Linha Vermelha ;;Letras;;Não fumo. Corrida compartilhada. ;2016-04-23 16:59:51;2017-04-19 11:59:25;;;;;2016-04-25 07:30:00
;Região Serrana;Petrópolis;;itaipava;;;CCS;;;2016-09-16 13:59:48;2017-04-19 11:59:25;;;;;2016-09-16 16:30:00
;Zona Norte;São Cristóvão;;Campo de São Cristóvão;Campo de São Cristóvão;;CT;;;2016-04-20 09:30:34;2017-04-19 11:59:25;1,2,3,4,5;;;;2016-05-17 07:50:00
;Região dos Lagos;Cabo Frio;;;;;Polo Universitário;;Valor: R$10,00;2019-05-23 13:57:55;2019-05-23 14:13:53;1,2,3,4,5;2019-07-23;;2019-05-23 14:13:53;2019-05-29 16:00:00
;Grande Niterói;Icaraí Niterói;;;Pela Gavião Peixoto ;;Reitoria;;;2016-04-15 07:41:23;2017-04-19 11:59:25;1,2,3,4,5;;;2016-04-15 08:01:06;2016-05-25 13:30:00
;Grande Niterói;Fonseca - Niteroi ;;Alameda - Fonseca;;;CT: Bloco A;;"Pedimos colaboração de 5 reais;
Entrar em contato por wpp 21 99575-7872
";2016-05-05 13:21:11;2017-04-19 11:59:25;2,4;;;2016-05-05 17:14:22;2016-06-09 17:00:00
;Zona Oeste;Praça Seca;;Rua Pinto Teles;Rua Cândido Benício, Rua Goiás, Cascadura, Linha Amarela;;Letras;;5 R$ de contribuição. Deixo em outros prédios;2018-09-10 11:12:34;2018-09-10 11:12:34;;;;;2018-09-10 14:00:00
;Região dos Lagos;Cabo Frio;;;;;Polo Universitário;;Valor: R$10,00;2019-05-23 13:57:55;2019-05-23 14:17:59;1,2,3,4,5;2019-07-23;;2019-05-23 14:17:59;2019-07-04 16:00:00
;Zona Norte;São Cristóvão;;;;;CT: Bloco H;;;2017-05-05 17:00:00;2017-05-05 17:00:00;;;;;2017-05-05 18:00:00
;Grande Niterói;Fonseca - Niteroi ;;Alameda - Fonseca;;;CT: Bloco A;;;2016-05-05 13:46:53;2017-04-19 11:59:25;2,3,4,5;;;2016-05-05 17:15:45;2016-06-03 08:00:00
;Grande Niterói;Icaraí ;;;Ary Parreiras, Roberto Silveira, Ponte;;CCMN;;4$;2016-12-20 18:48:58;2017-04-19 11:59:25;;;;;2016-12-22 14:00:00
;Grande Niterói;Fonseca;;;;;CT;;"Ajuda com 5 reais.
";2017-04-10 18:23:07;2017-04-19 11:59:25;3;;;;2017-05-10 11:00:00
;Grande Niterói;Fonseca;;Alameda;22 DE NOVEMBRO, ALAMEDA;;Letras;;"WhatsApp 964824093
Ajuda para combustível R$5,00";2018-08-25 05:09:22;2018-08-25 05:09:22;1,2,3,5;;;;2018-10-15 07:30:00
;Grande Niterói;Icaraí Niterói;;;Pela Roberto Silveira;;Reitoria;;;2016-09-02 00:29:04;2017-04-19 11:59:25;1,2,3,4,5;;;;2016-09-20 07:30:00
;Região dos Lagos;Cabo Frio;;;;;Polo Universitário;;Valor: R$10,00;2019-05-23 14:04:16;2019-05-23 14:05:10;1,3,4,5;2019-07-27;;2019-05-23 14:05:10;2019-05-29 07:30:00
;Grande Niterói;Centro de Niterói;;Amaral Peixoto;Jansen de Melo, Amaral Peixoto, Rua Dr Celestino;;Letras;;"Ajuda combustível R$6,00
whatsapp 964824093";2018-03-13 01:37:05;2018-03-13 01:37:05;1,2,3,4,5;;;;2018-04-10 13:00:00
;Zona Norte;São Cristóvão;;Campo de São Cristóvão;Linha Vermelha ;;CT: Bloco H;;;2016-04-20 09:31:08;2017-04-19 11:59:25;3;;;;2016-06-15 10:30:00
;Zona Norte;São Cristóvão ;;;;;CT: Bloco H;;;2017-03-06 14:54:17;2017-04-19 11:59:25;;;;;2017-03-06 15:00:00
;Região Serrana;Petrópolis;;Universidade Estácio da Bingen.;;;CT: Bloco A;;;2018-04-03 15:57:02;2018-04-03 15:57:02;1,3;;;;2018-05-23 16:20:00
;Baixada;Xerém;;Rua Senador Vergueiro;Marques De Abrantes, Pinheiro Machado, Sta Barbara, Presidente Vargas, Linha Vermelha;;CT: Bloco A;;"Não fumo, não o façam dentro do carro, por favor.
Contribuição R$4,00
Temperatura do ar condicionado 19ºC (quem for atrás, tem saída para vocês)
Qualquer coisa manda WhatsApp (21)981665652";2018-04-14 14:29:04;2018-04-14 14:29:04;3;;;;2018-05-02 12:00:00
;Região dos Lagos;Unamar;;Retão-Unamar;Amaral Peixoto - linha verde;;Polo Universitário;;"R$5,00 p/vaga
Chamem no wpp : 021 97219-3236";2019-03-13 22:27:31;2019-03-29 19:43:01;3,4;2019-07-14;;;2019-03-27 13:30:00
;Grande Niterói;Fonseca;;Alameda;22 DE NOVEMBRO, ALAMEDA;;Letras;;"WhatsApp 964824093
Ajuda para combustível R$5,00";2018-08-25 05:09:22;2018-08-25 05:09:22;1,2,3,5;;;;2018-10-10 07:30:00
;Região dos Lagos;Cabo Frio;;;;;Polo Universitário;;Valor: R$10,00;2019-05-23 13:57:55;2019-05-23 14:14:52;1,2,3,4,5;2019-07-23;;2019-05-23 14:14:52;2019-06-07 16:00:00
;Grande Niterói;Itaipuaçu;;;Niterói-Região oceânica;;CT;;moro em Itaipuaçu, e posso mudar meu caminho entre RJ 106 e região oceânica de Niterói para a carona.;2018-03-11 15:36:40;2018-03-11 15:36:40;1;;;;2018-04-16 07:15:00
;Zona Norte;São Cristóvão;;Campo do Vasco;Linha Vermelha, Cancela, Campo do vasco;;CT: Bloco H;;;2018-10-05 17:48:29;2018-10-05 17:48:29;1,2,3,4,5;;;;2018-11-26 18:00:00
;Grande Niterói;Fonseca - Niteroi ;;Alameda - Fonseca;;;CT: Bloco A;;;2016-05-05 13:46:53;2017-04-19 11:59:25;2,3,4,5;;;2016-05-05 17:16:35;2016-06-29 08:00:00
;Grande Niterói;Icaraí;;Campo de São Bento;Av. Roberto Silveira, Marquês de Paraná;;CCS;;Saindo 6:20. Contribuição R$ 5;2016-07-21 23:54:10;2017-04-19 11:59:25;1,2,3,4,5;;;;2016-09-02 07:20:00
;Grande Niterói;Fonseca;;22 de novembro;Alameda São Boaventura;;Letras;;"- Sem cigarros durante a viagem por gentileza.

ZAP 964824093
R$6,00 de auxílio gasolina

Peço R$6,00 para ajuda no combustível.

ZAP 964824093";2017-09-08 17:38:20;2017-09-08 17:38:20;2,3,4,5;;;;2017-10-11 07:30:00
;Grande Niterói;Icaraí;;campo de são bento;Miguel de frias;;CT: Bloco H;;;2017-03-16 22:45:13;2017-04-19 11:59:25;;;;;2017-03-17 13:00:00
;Grande Niterói;Fonseca;;;;;CT;;Ajuda com 5 reais;2017-04-10 18:22:36;2017-04-19 11:59:25;2,4;;;;2017-04-20 08:30:00
;Zona Oeste;Praça Seca;;Rua Pinto Teles;Rua Cândido Benício, Rua Goiás, Cascadura, Linha Amarela;;CCS;;5 R$ de contribuição. Deixo em outros prédios;2018-08-23 16:24:07;2018-08-23 16:24:07;;;;;2018-08-23 18:20:00
;Zona Norte;São Cristóvão;;Campo de São Cristóvão;Linha Vermelha ;;CT: Bloco H;;;2016-04-20 09:31:08;2017-04-19 11:59:25;3;;;;2016-05-18 10:30:00
;Região Serrana;Teresópolis ;;;"Linha vermelha; WL; Crt ";;CT: Bloco H;;;2017-03-14 14:38:19;2017-04-19 11:59:25;;;;;2017-03-17 12:30:00
;Grande Niterói;Fonseca - Niteroi ;;Alameda - Fonseca;;;CT: Bloco A;;"Saio do CT até a Alameda Boa Ventura, no Fonseca. Não aceitamos fumantes
Entrar em contato no wpp:
 21 99575-7872

Pedimos colaboração de 5 dinheiros ";2016-05-05 13:17:17;2017-04-19 11:59:25;2,4,5;;;2016-05-05 13:19:45;2016-06-10 14:00:00
;Grande Niterói;Icaraí Niterói;;;Rota: 7 de Setembro + Roberto Silveira;;Reitoria;;"Oie, vou quase todo dia esse horário. 
Peço só uma ajuda para a gasolina de 5 reais.";2018-03-26 23:28:05;2018-03-26 23:28:05;1,2,3,4;;;;2018-05-21 07:30:00
;Zona Norte;São Cristóvão;;Campo do Vasco;Linha Vermelha, Cancela, Campo do vasco;;CT: Bloco H;;;2018-10-05 17:48:29;2018-10-05 17:48:29;1,2,3,4,5;;;;2018-10-09 18:00:00
;Grande Niterói;Fonseca;;;;;CT;;"Ajuda com 5 reais.
";2017-04-10 18:23:07;2017-04-19 11:59:25;3;;;;2017-04-19 11:00:00
;Grande Niterói;Centro de Niterói;;Amaral Peixoto;Jansen de Melo, Amaral Peixoto, Rua Dr Celestino;;Letras;;"Ajuda combustível R$6,00
whatsapp 964824093";2018-03-13 01:37:05;2018-03-13 01:37:05;1,2,3,4,5;;;;2018-04-03 13:00:00
;Região dos Lagos;Arraial do Cabo;;Figueira;Via Praia Seca, Bacaxá, São Gonçalo;;CT: Bloco D;;;2019-03-15 09:48:36;2019-03-15 09:48:36;5;2019-07-15;;;2019-05-17 21:45:00
;Baixada;XERÉM ;;Bloco H;;;CCMN: Frente;;;2016-06-14 16:07:34;2017-04-19 11:59:25;;;;;2016-06-16 19:30:00
;Zona Norte;São Cristóvão;;17ª DP;Rua São Cristóvão-Rua do Parque-Rua Fonseca Teles- Linha Vermelha;;CT;;Contribuição para a gasolina de R$4,00;2018-04-17 20:07:53;2018-04-17 20:07:53;;;;;2018-04-18 07:00:00
;Zona Norte;São Cristóvão;;Quinta da Boa Vista;Feira de São Cristóvão;;CT;;;2016-09-14 21:50:16;2017-04-19 11:59:25;;;;;2016-09-15 07:50:00
;Região dos Lagos;Cabo Frio;;;;;Polo Universitário;;Valor: R$10,00;2019-05-23 13:57:55;2019-05-23 14:15:52;1,2,3,4,5;2019-07-23;;2019-05-23 14:15:52;2019-06-18 16:00:00
;Zona Norte;São Cristóvão;;17ª DP;Quinta da Boa Vista, Feira de São Cristóvão, Linha Vermelha;;Letras;;;2017-09-27 17:15:34;2017-09-27 17:15:34;1,2,3,4,5;;;;2017-11-14 17:19:00
;Zona Norte;São Cristóvão;;Largo da Cancela;Largo Da Cancela, Avenida Do Exército, Feira De São Cristóvão, Linha Vermelha ;;Reitoria;;Saio entre 8:00 e 8:10. Me chama no chat para combinarmos o local. ;2016-04-26 08:58:34;2017-04-19 11:59:25;;;;;2016-04-28 08:30:00
;Grande Niterói;Icaraí Niterói;;;Pela Gavião Peixoto ;;Reitoria;;;2016-04-15 07:41:23;2017-04-19 11:59:25;1,2,3,4,5;;;2016-04-15 07:42:44;2016-04-28 13:30:00
;Zona Norte;São Cristóvão;;17ª DP;Linha Vermelha, Campo De São Cristóvão, Quinta Da Boa Vista, Metrô De São Cristóvão;;CT: Bloco H;;;2016-10-06 16:29:48;2017-04-19 11:59:25;4;;;;2016-11-03 17:00:00
;Grande Niterói;Santa Rosa - Niterói ;;Noronha Torrezão;Alameda, 22 de Novembro, Noronha Torrezão;;CCMN: Frente;;As contribuições não são obrigatórias, mas bem-vindas. Não desvio minha rota pelo Centro.;2016-06-21 12:23:11;2017-04-19 11:59:25;2,4;;;;2016-08-02 15:00:00
;Zona Norte;São Cristóvão;;17ª DP;Linha Vermelha, Campo De São Cristóvão, Quinta Da Boa Vista, Metrô De São Cristóvão;;Letras;;;2016-04-27 16:44:21;2017-04-19 11:59:25;3,5;;;2016-04-27 16:45:09;2016-06-01 17:00:00
;Grande Niterói;Icaraí;;Campo de São Bento;Av. Roberto Silveira, Marquês de Paraná;;CCS;;Saindo 6:20. Contribuição R$ 5;2016-07-21 23:54:11;2017-04-19 11:59:25;1,2,3,4,5;;;;2016-10-04 07:20:00
;Grande Niterói;Centro de Niterói;;Amaral Peixoto;Jansen de Melo, Amaral Peixoto, Rua Dr Celestino;;Letras;;"Ajuda combustível R$6,00
whatsapp 964824093";2018-03-13 01:37:05;2018-03-13 01:37:05;1,2,3,4,5;;;;2018-04-27 13:00:00
;Região dos Lagos;Unamar;;Retão-Unamar;Amaral Peixoto - linha verde;;Polo Universitário;;"R$5,00 p/vaga
Chamem no wpp : 021 97219-3236";2019-03-13 22:27:31;2019-03-13 22:27:31;3,4;2019-07-14;;;2019-04-11 13:30:00
;Região dos Lagos;Cabo Frio;;;;;Polo Universitário;;Valor: R$10,00;2019-05-23 14:04:16;2019-05-23 14:15:16;1,3,4,5;2019-07-27;;2019-05-23 14:15:16;2019-06-13 07:30:00
;Região dos Lagos;Unamar;;Retão-Unamar;Amaral Peixoto;;Polo Universitário;;Wpp: 021 97219-3236;2019-03-11 14:50:14;2019-03-11 14:52:48;;;;2019-03-11 14:52:48;2019-03-12 17:30:00
;Grande Niterói;Icaraí Niterói;;;Pela Gavião Peixoto ;;Reitoria;;;2016-04-15 07:41:23;2017-04-19 11:59:25;1,2,3,4,5;;;2016-04-15 07:43:54;2016-05-16 13:30:00
;Região dos Lagos;Arraial do Cabo;;Figueira;Via Praia Seca, Bacaxá, São Gonçalo;;CT;;;2019-03-15 07:47:14;2019-03-15 07:47:14;4;2019-05-15;;;2019-04-04 15:00:00
;Grande Niterói;Maria Paula;;moinho;alameda;;CCMN;;"
$4,00 por pessoa. Faço uma volta no moinho e pego a ponte. ";2016-04-27 21:24:01;2017-04-19 11:59:25;1,2,3,4,5;;;;2016-06-21 09:00:00
;Baixada;Xerém;;Rua Senador Vergueiro;Marques De Abrantes, Pinheiro Machado, Sta Barbara, Presidente Vargas, Linha Vermelha;;CT: Bloco A;;"Não fumo, não o façam dentro do carro, por favor.
Contribuição R$4,00
Temperatura do ar condicionado 19ºC (quem for atrás, tem saída para vocês)
Qualquer coisa manda WhatsApp (21)981665652";2018-04-14 14:29:04;2018-04-14 14:29:04;3;;;;2018-05-16 12:00:00
;Zona Norte;São Cristóvão;;Campo de São Cristóvão;Linha Vermelha ;;CT: Bloco H;;;2016-04-20 09:17:38;2017-04-19 11:59:25;3;;;;2016-04-27 10:30:00
;Região dos Lagos;Unamar;;Retão-Unamar;Amaral Peixoto - linha verde;;Polo Universitário;;"R$5,00 p/vaga
Chamem no wpp : 021 97219-3236";2019-03-13 22:27:31;2019-03-13 22:27:31;3,4;2019-07-14;;;2019-04-03 13:30:00
;Grande Niterói;Icaraí;;Campo de São Bento;Av. Roberto Silveira, Marquês de Paraná;;CCS;;Saindo 6:20. Contribuição R$ 5;2016-07-21 23:54:11;2017-04-19 11:59:25;1,2,3,4,5;;;;2016-10-19 07:20:00
;Grande Niterói;Maria Paula;;moinho;alameda;;CCMN;;"
$4,00 por pessoa. Faço uma volta no moinho e pego a ponte. ";2016-04-27 21:24:01;2017-04-19 11:59:25;1,2,3,4,5;;;2016-05-09 08:30:15;2016-05-26 09:00:00
;Grande Niterói;Fonseca;;Alameda;22 DE NOVEMBRO, ALAMEDA;;Letras;;"WhatsApp 964824093
Ajuda para combustível R$6,00";2018-03-13 01:33:44;2018-03-13 01:33:44;1,3,5;;;;2018-04-30 07:30:00
;Baixada;Xerém;;Rua Senador Vergueiro;Marques De Abrantes, Pinheiro Machado, Sta Barbara, Presidente Vargas, Linha Vermelha;;CT: Bloco A;;"Não fumo, não o façam dentro do carro, por favor.
Contribuição R$4,00
Temperatura do ar condicionado 19ºC (quem for atrás, tem saída para vocês)
Qualquer coisa manda WhatsApp (21)981665652";2018-04-14 14:29:04;2018-04-14 14:29:04;3;;;;2018-05-23 12:00:00
;Grande Niterói;Fonseca;;Alameda;22 DE NOVEMBRO, ALAMEDA;;Letras;;"WhatsApp 964824093
Ajuda para combustível R$5,00";2018-08-25 05:09:22;2018-08-25 05:09:22;1,2,3,5;;;;2018-11-30 07:30:00
;Grande Niterói;Pita-SG;;Posto BR;Dr. March - Barreto - Av. Contorno - Ponte - Linha Vermelha ;;Letras;;Não fumo. Corrida compartilhada. ;2016-04-12 13:33:28;2017-04-19 11:59:25;;;;;2016-04-13 09:00:00
;Grande Niterói;Fonseca;;Alameda;22 DE NOVEMBRO, ALAMEDA;;Letras;;"WhatsApp 964824093
Ajuda para combustível R$5,00";2018-08-25 05:09:22;2018-08-25 05:09:22;1,2,3,5;;;;2018-09-04 07:30:00
;Grande Niterói;Icaraí-Niterói;;Campo de São Bento;Saindo da Otávio Carneiro, Lopes Trovão, pela Roberto Silveira até a ponte;;CCS;;"Saída às 6:25.
Não é permitido fumar no carro.
Contribuição de R$ 5,00.";2019-01-06 20:50:34;2019-01-06 21:06:05;1,2,3,4,5;2019-03-07;;2019-01-06 21:06:05;2019-01-15 07:15:00
;Região dos Lagos;Cabo Frio;;;;;Polo Universitário;;Valor: R$10,00;2019-05-23 14:04:16;2019-05-23 14:17:30;1,3,4,5;2019-07-27;;2019-05-23 14:17:30;2019-07-01 07:30:00
;Grande Niterói;Maria Paula;;moinho;alameda;;CCMN;;"
$4,00 por pessoa. Faço uma volta no moinho e pego a ponte. ";2016-04-27 21:24:00;2017-04-19 11:59:25;1,2,3,4,5;;;2016-05-06 07:31:42;2016-05-11 09:00:00
;Zona Norte;São Cristóvão;;Quinta da Boa vista;Campo de São Cristóvão;;CCS;;;2017-05-25 04:08:32;2017-05-25 04:08:32;;;;;2017-05-25 10:00:00
;Grande Niterói;Fonseca;;22 de novembro;Alameda São Boaventura;;Letras;;"- Sem cigarros durante a viagem por gentileza.

ZAP 964824093
R$6,00 de auxílio gasolina

Peço R$6,00 para ajuda no combustível.

ZAP 964824093";2017-09-08 17:38:20;2017-09-08 17:38:20;2,3,4,5;;;;2017-10-25 07:30:00
;Zona Norte;São Cristóvão;;Feira nordestina ;Ufrj , São Cristóvão ;;Letras;;;2016-09-30 16:03:51;2017-04-19 11:59:25;5;;;;2016-10-28 17:00:00
;Grande Niterói;Alameda;;;Mocanguê(ponte), Baias(alameda);;CCS: Frente;;;2019-05-14 20:45:33;2019-05-14 20:45:55;;;;2019-05-14 20:45:55;2019-05-20 22:00:00
;Grande Niterói;Icaraí Niterói;;;Pela Roberto Silveira;;Reitoria;;;2016-09-02 00:29:04;2017-04-19 11:59:25;1,2,3,4,5;;;;2016-11-02 07:30:00
;Grande Niterói;Fonseca;;Alameda;22 DE NOVEMBRO, ALAMEDA;;Letras;;"WhatsApp 964824093
Ajuda para combustível R$5,00";2018-08-25 05:09:22;2018-08-25 05:09:22;1,2,3,5;;;;2018-11-12 07:30:00
;Região Serrana;Eng. Paulo de Frontin;;Serra Fluminense;Paracambi, Japeri, Dutra, Linha Vermelha;;CT;;"Saio por volta das 10h.
Tenho tido problemas com o app, trava após eu aceitar a carona. Entre em contato pelo Whatsapp:
+5524999557072
Taxa a combinar.";2016-05-11 08:53:45;2017-04-19 11:59:25;1;;;;2016-06-27 12:00:00
;Grande Niterói;Fonseca;;Wiseup;;;CT: Bloco H;;Ajuda com 5 reais. ;2017-04-10 18:24:17;2017-04-19 11:59:25;1,2,3;;;;2017-05-17 15:00:00
;Região Serrana;Petrópolis;;Universidade Estácio da Bingen.;;;CT: Bloco A;;;2018-04-03 15:57:02;2018-04-03 15:57:02;1,3;;;;2018-06-11 16:20:00
;Grande Niterói;Centro de Niterói;;Amaral Peixoto;Jansen de Melo, Amaral Peixoto, Rua Dr Celestino;;Letras;;"Ajuda combustível R$6,00
whatsapp 964824093";2018-03-13 01:37:05;2018-03-13 01:37:05;1,2,3,4,5;;;;2018-07-12 13:00:00
;Região dos Lagos;Cabo Frio;;;;;Polo Universitário;;Valor: R$10,00;2019-05-23 14:04:16;2019-05-23 14:18:15;1,3,4,5;2019-07-27;;2019-05-23 14:18:15;2019-07-08 07:30:00
;Zona Norte;São Cristóvão;;Campo de São Cristóvão;Campo de São Cristóvão;;CT;;;2016-04-20 09:30:34;2017-04-19 11:59:25;1,2,3,4,5;;;;2016-05-04 07:50:00
;Zona Norte;São Cristóvão;;próximo ao estádio são Januário (Vasco);campo de São Cristóvão, rua General argolo, rua sao Januário;;CT: Bloco A;;;2016-04-12 14:11:51;2017-04-19 11:59:25;2,4;;;;2016-05-24 17:00:00
;Região Serrana;Petrópolis;;Universidade Estácio da Bingen.;;;CT: Bloco A;;;2018-04-03 15:57:02;2018-04-03 15:57:02;1,3;;;;2018-06-27 16:20:00
;Grande Niterói;Centro de Niterói;;Amaral Peixoto;Jansen de Melo, Amaral Peixoto, Rua Dr Celestino;;Letras;;"Ajuda combustível R$6,00
whatsapp 964824093";2018-03-13 01:37:05;2018-03-13 01:37:05;1,2,3,4,5;;;;2018-03-26 13:00:00
;Grande Niterói;Fonseca - Niteroi ;;Alameda - Fonseca;;;CT: Bloco A;;;2016-05-05 13:46:53;2017-04-19 11:59:25;2,3,4,5;;;2016-05-05 17:15:33;2016-05-31 08:00:00
;Região dos Lagos;Arraial do Cabo;;Figueira;Via Praia Seca, Bacaxá, São Gonçalo;;CT: Bloco D;;;2019-03-15 09:48:36;2019-03-15 09:48:36;5;2019-07-15;;;2019-07-05 21:45:00
;Zona Norte;São Cristóvão;;Campo do Vasco;Linha Vermelha, Cancela, Campo do vasco;;CT: Bloco H;;;2018-10-05 17:48:29;2018-10-05 17:48:29;1,2,3,4,5;2018-12-05;;;2018-10-05 18:00:00
;Zona Norte;São Cristóvão;;17ª DP;Quinta da Boa Vista, Feira de São Cristóvão, Linha Vermelha;;Letras;;;2017-09-27 17:15:34;2017-09-27 17:15:34;1,2,3,4,5;;;;2017-10-30 17:19:00
;Zona Norte;São Cristóvão;;;;;CT: Bloco D;;Posso passar na leopoldina;2016-04-14 23:30:59;2017-04-19 11:59:25;;;;2016-04-15 07:31:56;2016-04-15 17:00:00
;Zona Norte;São Cristóvão;;Campo de São Cristóvão;Campo de São Cristóvão;;CT;;;2016-04-20 09:30:34;2017-04-19 11:59:25;1,2,3,4,5;;;;2016-06-14 07:50:00
;Zona Norte;São Cristóvão;;Feira nordestina ;Ufrj , São Cristóvão ;;Letras;;;2016-09-30 16:03:51;2017-04-19 11:59:25;5;;;;2016-11-18 17:00:00
;Zona Norte;São Cristóvão;;17ª DP;Linha Vermelha, Campo De São Cristóvão, Quinta Da Boa Vista, Metrô De São Cristóvão;;Letras;;;2016-04-27 16:44:21;2017-04-19 11:59:25;3,5;;;2016-04-27 16:45:35;2016-06-10 17:00:00
;Grande Niterói;Icaraí;;Campo de São Bento;Av. Roberto Silveira, Marquês de Paraná;;CCS;;Saindo 6:20. Contribuição R$ 5;2016-07-21 23:54:11;2017-04-19 11:59:25;1,2,3,4,5;;;;2016-09-20 07:20:00
;Grande Niterói;Centro de Niterói;;Amaral Peixoto;Jansen de Melo, Amaral Peixoto, Rua Dr Celestino;;Letras;;"Ajuda combustível R$6,00
whatsapp 964824093";2018-03-13 01:37:05;2018-03-13 01:37:05;1,2,3,4,5;;;;2018-05-24 13:00:00
;Baixada;Xerém ;;Postinho de Saúde ;Santa Cruz da Serra, W. Luís, Caxias Shopping ;;CT;;Faço sempre o trajeto toda terça e quinta as 8h de Xerém ao CT;2016-04-14 01:03:21;2017-04-19 11:59:25;2,4;;;;2016-06-14 08:00:00
;Grande Niterói;Centro de Niterói;;Amaral Peixoto;Jansen de Melo, Amaral Peixoto, Rua Dr Celestino;;Letras;;"Ajuda combustível R$6,00
whatsapp 964824093";2018-03-13 01:37:05;2018-03-13 01:37:05;1,2,3,4,5;;;;2018-06-27 13:00:00
;Grande Niterói;Fonseca;;Alameda;22 DE NOVEMBRO, ALAMEDA;;Letras;;"WhatsApp 964824093
Ajuda para combustível R$5,00";2018-08-25 05:09:22;2018-08-25 05:09:22;1,2,3,5;;;;2018-12-12 07:30:00
;Zona Norte;São Cristóvão;;próximo ao estádio são Januário (Vasco);campo de São Cristóvão, rua General argolo, rua sao Januário;;CT: Bloco A;;;2016-04-12 14:11:51;2017-04-19 11:59:25;2,4;;;;2016-06-09 17:00:00
;Grande Niterói;Fonseca;;22 de novembro;Alameda São Boaventura;;Letras;;"- Sem cigarros durante a viagem por gentileza.

ZAP 964824093
R$6,00 de auxílio gasolina

Peço R$6,00 para ajuda no combustível.

ZAP 964824093";2017-09-08 17:38:20;2017-09-08 17:38:20;2,3,4,5;;;;2017-11-03 07:30:00
;Região dos Lagos;Unamar;;Retão-Unamar;Amaral Peixoto - linha verde;;Polo Universitário;;"R$5,00 p/vaga
Chamem no wpp : 021 97219-3236";2019-03-13 22:26:51;2019-03-13 22:26:51;1,2;2019-07-18;;;2019-05-13 10:00:00
;Zona Norte;São Cristóvão;;17ª DP;Linha Vermelha, Campo De São Cristóvão, Quinta Da Boa Vista, Metrô De São Cristóvão;;CT: Bloco H;;;2016-04-27 20:30:13;2017-04-19 11:59:25;4;;;;2016-05-05 09:20:00
;Zona Norte;São Cristóvão;;Esquina da Av. do exército com a rua Fonseca Teles;Colégio Brasileiro - Av. Do Exército - Centro De Tradições Nordestinas - Linha Vermelha - Fundão ;;CCMN: Frente;;Contribuições são bem vindas :);2016-05-10 15:32:03;2017-04-19 11:59:25;;;;;2016-05-11 07:20:00
;Zona Norte;São Cristóvão;;Campo de São Cristóvão;Linha Vermelha ;;CT: Bloco H;;;2016-04-25 13:06:57;2017-04-19 11:59:25;1;2016-06-25;;;2016-04-25 15:00:00
;Grande Niterói;Itaipuaçu;;;Niterói-Região oceânica;;CT;;moro em Itaipuaçu, e posso mudar meu caminho entre RJ 106 e região oceânica de Niterói para a carona.;2018-03-11 15:36:40;2018-03-11 15:36:40;1;;;;2018-03-26 07:15:00
;Grande Niterói;Icaraí;;Campo de São Bento;Av. Roberto Silveira, Marquês de Paraná;;CCS;;;2016-10-25 00:30:57;2017-04-19 11:59:25;1,2,3,4,5;;;;2016-11-23 08:00:00
;Zona Norte;São Cristóvão;;17ª DP;Linha Vermelha, Campo De São Cristóvão, Quinta Da Boa Vista, Metrô De São Cristóvão;;Letras;;;2016-04-27 16:44:21;2017-04-19 11:59:25;3,5;;;2016-04-27 16:44:50;2016-05-13 17:00:00
;Grande Niterói;Maria Paula;;moinho;alameda;;CCMN;;"
$4,00 por pessoa. Faço uma volta no moinho e pego a ponte. ";2016-04-27 21:24:01;2017-04-19 11:59:25;1,2,3,4,5;;;;2016-06-24 09:00:00
;Grande Niterói;Icaraí;;Campo de São Bento;Av. Roberto Silveira, Marquês de Paraná;;CCS;;Saindo 6:20. Contribuição R$ 5;2016-07-21 23:54:11;2017-04-19 11:59:25;1,2,3,4,5;;;;2016-09-26 07:20:00
;Região dos Lagos;Unamar;;Retão-Unamar;Amaral Peixoto - linha verde;;Polo Universitário;;"R$5,00 p/vaga
Chamem no wpp : 021 97219-3236";2019-03-13 22:27:31;2019-03-13 22:27:31;3,4;2019-07-14;;;2019-05-02 13:30:00
;Região dos Lagos;Unamar;;Retão-Unamar;Amaral Peixoto - linha verde;;Polo Universitário;;"R$5,00 p/vaga
Chamem no wpp : 021 97219-3236";2019-03-13 22:26:51;2019-03-13 22:26:51;1,2;2019-07-18;;;2019-05-14 10:00:00
;Baixada;XERÉM ;;Bloco H;;;CCMN: Frente;;;2016-09-09 18:16:08;2017-04-19 11:59:25;3;;;;2016-11-09 12:00:00
;Zona Norte;São Cristóvão;;17ª DP;Linha Vermelha, Campo De São Cristóvão, Quinta Da Boa Vista, Metrô De São Cristóvão;;CT: Bloco H;;;2016-04-27 20:30:13;2017-04-19 11:59:25;4;;;;2016-05-19 09:20:00
;Região dos Lagos;Unamar;;Retão-Unamar;Amaral Peixoto - linha verde;;Polo Universitário;;"R$5,00 p/vaga
Chamem no wpp : 021 97219-3236";2019-03-13 22:27:31;2019-03-13 22:27:31;3,4;2019-07-14;;;2019-04-24 13:30:00
;Centro;bairro de Fátima;;Bairro de Fátima;Linha Vermelha, Cidade Nova e Bairro de Fátima;;Letras;;;2017-03-15 12:39:44;2017-04-19 11:59:25;2,4;;;;2017-05-11 21:45:00
;Grande Niterói;Fonseca - Niteroi ;;Alameda - Fonseca;;;CT: Bloco A;;"Saio do CT até a Alameda Boa Ventura, no Fonseca. Não aceitamos fumantes
Entrar em contato no wpp:
 21 99575-7872

Pedimos colaboração de 5 dinheiros ";2016-05-05 13:17:16;2017-04-19 11:59:25;2,4,5;2016-07-05;;2016-05-05 13:17:38;2016-05-05 14:00:00
;Zona Norte;São Cristóvão;;Largo da Cancela;Rua S. Luiz Gonzaga, Linha Vermelha;;CT;;;2016-05-02 23:34:05;2017-04-19 11:59:25;;;;;2016-05-03 09:30:00
;Zona Norte;São Cristóvão;;;;;CT: Bloco D;;Confirmar no whatsapp: 981394014;2016-04-15 07:33:34;2017-04-19 11:59:25;;;;2016-04-15 07:35:42;2016-04-15 17:00:00
;Grande Niterói;Fonseca - Niteroi ;;Alameda - Fonseca;;;CT: Bloco A;;;2016-05-05 13:46:53;2017-04-19 11:59:25;2,3,4,5;;;2016-05-05 17:15:20;2016-05-24 08:00:00
;Grande Niterói;Icaraí Niterói;;;Rota: 7 de Setembro + Roberto Silveira;;Reitoria;;"Oie, vou quase todo dia esse horário. 
Peço só uma ajuda para a gasolina de 5 reais.";2018-03-26 23:28:05;2018-03-26 23:28:05;1,2,3,4;;;;2018-05-17 07:30:00
;Região dos Lagos;Unamar;;Retão-Unamar;Amaral Peixoto - linha verde;;Polo Universitário;;"R$5,00 p/vaga
Chamem no wpp : 021 97219-3236";2019-03-13 22:26:51;2019-03-13 22:26:51;1,2;2019-07-18;;;2019-03-26 10:00:00
;Região dos Lagos;Unamar;;Retão-Unamar;Amaral Peixoto - linha verde;;Polo Universitário;;"R$5,00 p/vaga
Chamem no wpp : 021 97219-3236";2019-03-13 22:26:51;2019-03-13 22:26:51;1,2;2019-07-18;;;2019-06-24 10:00:00
;Grande Niterói;Fonseca;;;Linha Vermelha-Ponte-Alameda;;CT: Bloco H;;Sou motorista prudente. Contribuição de R$6;2017-03-15 05:37:28;2017-04-19 11:59:25;3,5;;;2017-03-15 13:42:07;2017-05-12 17:00:00
;Zona Norte;São Cristóvão;;17ª DP;Linha Vermelha, Campo De São Cristóvão, Quinta Da Boa Vista, Metrô De São Cristóvão;;Letras;;;2016-04-27 16:44:21;2017-04-19 11:59:25;3,5;;;2016-04-27 16:45:38;2016-06-15 17:00:00
;Grande Niterói;Fonseca - Niteroi ;;Alameda - Fonseca;;;CT: Bloco A;;"Saio do CT até a Alameda Boa Ventura, no Fonseca. Não aceitamos fumantes
Entrar em contato no wpp:
 21 99575-7872

Pedimos colaboração de 5 dinheiros ";2016-05-05 13:17:17;2017-04-19 11:59:25;2,4,5;;;2016-05-05 13:18:40;2016-06-16 14:00:00
;Zona Norte;São Cristóvão;;17ª DP;Linha Vermelha, Campo De São Cristóvão, Quinta Da Boa Vista;;Letras;;Posso deixar no metrô se quiserem.;2016-04-11 10:01:28;2017-04-19 11:59:25;1;;;2016-04-11 12:02:57;2016-06-06 17:00:00
;Região Serrana;Petrópolis ;;;;;CT: Bloco H;;;2017-02-16 08:25:35;2017-04-19 11:59:25;;;;;2017-02-16 11:00:00
;Grande Niterói;Fonseca;;22 de novembro;Alameda São Boaventura;;Letras;;"- Sem cigarros durante a viagem por gentileza.

ZAP 964824093
R$6,00 de auxílio gasolina

Peço R$6,00 para ajuda no combustível.

ZAP 964824093";2017-09-08 17:38:20;2017-09-08 17:38:20;2,3,4,5;;;;2017-11-30 07:30:00
;Grande Niterói;Icaraí Niterói;;;Pela Gavião Peixoto ;;Reitoria;;;2016-04-15 07:41:23;2017-04-19 11:59:25;1,2,3,4,5;;;2016-04-15 07:43:14;2016-05-04 13:30:00
;Grande Niterói;Fonseca;;Alameda;22 DE NOVEMBRO, ALAMEDA;;Letras;;"WhatsApp 964824093
Ajuda para combustível R$6,00";2018-03-13 01:33:44;2018-08-25 05:06:36;1,3,5;;;;2018-06-06 07:30:00
;Grande Niterói;Icaraí;;Campo de São Bento;Av. Roberto Silveira, Marquês de Paraná;;CCS;;;2016-10-25 00:30:57;2017-04-19 11:59:25;1,2,3,4,5;;;;2016-12-02 08:00:00
;Zona Norte;São Cristóvão;;17ª DP;Quinta da Boa Vista, Feira de São Cristóvão, Linha Vermelha;;Letras;;;2017-09-27 17:15:34;2017-09-27 17:15:34;1,2,3,4,5;;;;2017-11-23 17:19:00
;Zona Norte;São Cristóvão;;17ª DP;Linha Vermelha, Campo De São Cristóvão, Quinta Da Boa Vista, Metrô De São Cristóvão;;CT: Bloco A;;;2016-04-27 16:41:57;2017-04-19 11:59:25;3,5;;;2016-04-27 16:42:34;2016-05-11 17:00:00
;Grande Niterói;Maria Paula;;moinho;alameda;;CCMN;;"
$4,00 por pessoa. Faço uma volta no moinho e pego a ponte. ";2016-04-27 21:24:00;2017-04-19 11:59:25;1,2,3,4,5;;;;2016-05-02 09:00:00
;Grande Niterói;Fonseca;;Alameda;22 DE NOVEMBRO, ALAMEDA;;Letras;;"WhatsApp 964824093
Ajuda para combustível R$5,00";2018-08-25 05:09:22;2018-08-25 05:09:22;1,2,3,5;;;;2018-11-13 07:30:00
;Região dos Lagos;Unamar;;Retão-Unamar;Amaral Peixoto - linha verde;;Polo Universitário;;"R$5,00 p/vaga
Chamem no wpp : 021 97219-3236";2019-03-13 22:27:31;2019-03-13 22:27:31;3,4;2019-07-14;;;2019-05-22 13:30:00
;Região dos Lagos;Cabo Frio;;;;;Polo Universitário;;Valor: R$10,00;2019-05-23 14:04:16;2019-05-23 14:19:17;1,3,4,5;2019-07-27;;2019-05-23 14:19:17;2019-07-17 07:30:00
;Zona Norte;São Cristóvão;;17ª DP;Linha Vermelha, Campo De São Cristóvão, Quinta Da Boa Vista, Metrô De São Cristóvão;;CT: Bloco A;;;2016-04-27 16:41:57;2017-04-19 11:59:25;3,5;;;2016-04-27 16:42:57;2016-05-27 17:00:00
;Zona Norte;São Cristóvão;;Campo do Vasco;Linha Vermelha, Cancela, Campo do vasco;;CT: Bloco H;;;2018-10-05 17:48:29;2018-10-05 17:48:29;1,2,3,4,5;;;;2018-11-22 18:00:00
;Baixada;Xerém ;;Postinho de Saúde ;Caxias Shopping,  W. Luís,  Santa Cruz da Serra ;;CT: Bloco H;;Viagem de Volta do CT para Xerém,  caso queira parar em algum bairro intermediário,  pode. ;2016-04-14 01:05:30;2017-04-19 11:59:25;2,4;;;;2016-07-12 17:00:00
;Baixada;Xerém ;;Postinho de Saúde ;Caxias Shopping,  W. Luís,  Santa Cruz da Serra ;;CT: Bloco H;;Viagem de Volta do CT para Xerém,  caso queira parar em algum bairro intermediário,  pode. ;2016-04-14 01:05:30;2017-04-19 11:59:25;2,4;;;;2016-08-11 17:00:00
;Zona Norte;São Cristóvão;;Campo de São Cristóvão;Campo de São Cristóvão;;CT;;;2016-04-20 09:30:34;2017-04-19 11:59:25;1,2,3,4,5;;;;2016-06-17 07:50:00
;Grande Niterói;Fonseca;;Alameda;22 DE NOVEMBRO, ALAMEDA;;Letras;;"WhatsApp 964824093
Ajuda para combustível R$5,00";2018-08-25 05:09:22;2018-08-25 05:09:22;1,2,3,5;;;;2018-09-11 07:30:00
;Zona Norte;São Cristóvão;;17ª DP;Linha Vermelha, Campo De São Cristóvão, Quinta Da Boa Vista, Metrô De São Cristóvão;;CT: Bloco H;;;2016-04-27 16:46:22;2017-04-19 11:59:25;3,5;;;;2016-05-25 17:00:00
;Zona Norte;São Cristóvão;;17ª DP;Quinta da Boa Vista, Feira de São Cristóvão, Linha Vermelha;;CT;;;2017-10-05 20:18:40;2017-10-05 20:18:40;5;;;;2017-10-13 08:00:00
;Região dos Lagos;Cabo Frio;;;;;Polo Universitário;;Valor: R$10,00;2019-05-23 14:04:16;2019-05-23 14:20:08;1,3,4,5;2019-07-27;;2019-05-23 14:20:08;2019-07-26 07:30:00
;Grande Niterói;Icaraí-Niterói;;Campo de São Bento;Saindo da Otávio Carneiro, Lopes Trovão, pela Roberto Silveira até a ponte;;CCS;;"Saída às 6:25.
Não é permitido fumar no carro.
Contribuição de R$ 5,00.";2019-01-06 20:50:34;2019-01-06 21:07:50;1,2,3,4,5;2019-03-07;;2019-01-06 21:07:50;2019-01-17 07:15:00
;Zona Norte;São Cristóvão;;17ª DP;Linha Vermelha, Campo De São Cristóvão, Quinta Da Boa Vista, Metrô De São Cristóvão;;CT: Bloco H;;;2016-10-06 16:29:48;2017-04-19 11:59:25;4;;;;2016-12-15 17:00:00
;Zona Norte;São Cristóvão;;Largo da Cancela;Largo Da Cancela, Avenida Do Exército, Feira De São Cristóvão, Linha Vermelha ;;Reitoria;;Saio entre 7:30 e 7:40. Me chama no chat para combinarmos o local. ;2016-04-26 08:57:27;2017-04-19 11:59:25;;;;;2016-04-27 08:00:00
;Região dos Lagos;Cabo Frio;;;;;Polo Universitário;;Valor: R$10,00;2019-05-23 13:57:55;2019-05-23 14:19:05;1,2,3,4,5;2019-07-23;;2019-05-23 14:19:05;2019-07-15 16:00:00
;Centro;bairro de Fátima;;Bairro de Fátima;Linha Vermelha, Cidade Nova e Bairro de Fátima;;Letras;;;2017-03-15 12:39:44;2017-04-19 11:59:25;2,4;;;;2017-05-02 21:45:00
;Zona Norte;São Cristóvão;;;metrô de São Cristóvão, feira de tradições nordestinas..;;CT: Bloco A;;"R$2 pela carona para ajuda de custos.
CT -> Letras -> ponte do saber -> linha vermelha -> (podendo passar pela leopoldina ou) feira de São Cristóvão -> Quinta da boa vista -> metrô de São Cristóvão -> Quinta D'or";2016-05-02 14:15:01;2017-04-19 11:59:25;1,2;;;;2016-06-13 22:00:00
;Grande Niterói;Icaraí Niterói;;;Pela Roberto Silveira;;Reitoria;;Quem puder dar uma ajudazinea será bem vinda :) ;2016-09-25 11:21:32;2017-04-19 11:59:25;1,3,4,5;;;;2016-10-19 13:00:00
;Grande Niterói;Fonseca;;;Linha Vermelha-Ponte-Alameda;;CT: Bloco H;;"Sou motorista prudente. 
Colaboração de R$6.
";2017-03-15 13:47:06;2017-04-19 11:59:25;3,5;;;;2017-04-14 15:00:00
;Grande Niterói;Centro de Niterói;;Amaral Peixoto;Jansen de Melo, Amaral Peixoto, Rua Dr Celestino;;Letras;;"Ajuda combustível R$6,00
whatsapp 964824093";2018-03-13 01:37:05;2018-03-13 01:37:05;1,2,3,4,5;;;;2018-03-21 13:00:00
;Região dos Lagos;Unamar;;Retão-Unamar;Amaral Peixoto - linha verde;;Polo Universitário;;"R$5,00 p/vaga
Chamem no wpp : 021 97219-3236";2019-03-13 22:29:13;2019-03-13 22:29:13;2,4;2019-07-14;;;2019-06-06 19:30:00
;Grande Niterói;Fonseca;;Alameda;22 DE NOVEMBRO, ALAMEDA;;Letras;;"WhatsApp 964824093
Ajuda para combustível R$5,00";2018-08-25 05:09:22;2018-08-25 05:09:22;1,2,3,5;;;;2018-11-27 07:30:00
;Baixada;Xerém;;Rua Senador Vergueiro;Marques De Abrantes, Pinheiro Machado, Sta Barbara, Presidente Vargas, Linha Vermelha;;CT: Bloco A;;"Não fumo, não o façam dentro do carro, por favor.
Contribuição R$4,00
Temperatura do ar condicionado 19ºC (quem for atrás, tem saída para vocês)
Qualquer coisa manda WhatsApp (21)981665652";2018-04-14 14:28:13;2018-04-14 14:28:13;1,5;;;;2018-04-30 14:00:00
;Zona Norte;São Cristóvão;;17ª DP;Quinta da Boa Vista, Feira de São Cristóvão, Linha Vermelha;;Letras;;;2017-09-27 17:15:34;2017-09-27 17:15:34;1,2,3,4,5;;;;2017-10-04 17:19:00
;Zona Norte;São Cristóvão;;;;;CT;;"R$2 pela carona para ajuda de custos.
";2016-05-02 17:34:18;2017-04-19 11:59:25;;;;;2016-05-02 18:21:00
;Zona Norte;São Cristóvão;;17ª DP;Linha Vermelha, Campo De São Cristóvão, Quinta Da Boa Vista, Metrô De São Cristóvão;;CT: Bloco A;;;2016-04-27 16:41:57;2017-04-19 11:59:25;3,5;;;2016-04-27 16:42:25;2016-05-04 17:00:00
;Grande Niterói;Centro de Niterói;;Amaral Peixoto;Jansen de Melo, Amaral Peixoto, Rua Dr Celestino;;Letras;;"Ajuda combustível R$6,00
whatsapp 964824093";2018-03-13 01:37:05;2018-03-13 01:37:05;1,2,3,4,5;;;;2018-04-17 13:00:00
;Região dos Lagos;Arraial do Cabo;;Figueira;Via Praia Seca, Bacaxá, São Gonçalo;;CT: Bloco D;;;2019-03-15 09:48:36;2019-03-15 09:48:36;5;2019-07-15;;;2019-04-26 21:45:00
;Grande Niterói;Icaraí Niterói;;;Pela Roberto Silveira;;Reitoria;;Quem puder dar uma ajudazinea será bem vinda :) ;2016-09-25 11:21:32;2017-04-19 11:59:25;1,3,4,5;;;;2016-10-20 13:00:00
;Zona Norte;São Cristóvão;;;metrô de São Cristóvão, feira de tradições nordestinas..;;CT: Bloco A;;"R$2 pela carona para ajuda de custos.
CT -> Letras -> ponte do saber -> linha vermelha -> (podendo passar pela leopoldina ou) feira de São Cristóvão -> Quinta da boa vista -> metrô de São Cristóvão -> Quinta D'or";2016-05-02 14:15:01;2017-04-19 11:59:25;1,2;;;;2016-06-28 22:00:00
;Grande Niterói;Icaraí Niterói;;;Rota: 7 de Setembro + Roberto Silveira;;Reitoria;;"Oie, vou quase todo dia esse horário. 
Peço só uma ajuda para a gasolina de 5 reais.";2018-03-26 23:28:05;2018-03-26 23:28:05;1,2,3,4;;;;2018-05-07 07:30:00
;Baixada;Xerém ;;Postinho de Saúde ;Santa Cruz da Serra, W. Luís, Caxias Shopping ;;CT;;Faço sempre o trajeto toda terça e quinta as 8h de Xerém ao CT;2016-04-14 01:03:21;2017-04-19 11:59:25;2,4;;;;2016-05-17 08:00:00
;Zona Norte;São Cristóvão;;;metrô de São Cristóvão, feira de tradições nordestinas..;;CT: Bloco A;;"R$2 pela carona para ajuda de custos.
CT -> Letras -> ponte do saber -> linha vermelha -> (podendo passar pela leopoldina ou) feira de São Cristóvão -> Quinta da boa vista -> metrô de São Cristóvão -> Quinta D'or";2016-05-02 14:15:01;2017-04-19 11:59:25;1,2;;;;2016-06-27 22:00:00
;Zona Norte;São Cristóvão;;17ª DP;Linha Vermelha, Campo De São Cristóvão, Quinta Da Boa Vista, Metrô De São Cristóvão;;CT: Bloco H;;;2016-10-06 16:29:48;2017-04-19 11:59:25;4;;;;2016-12-01 17:00:00
;Zona Norte;São Cristóvão;;;metrô de São Cristóvão, feira de tradições nordestinas..;;CT: Bloco A;;"R$2 pela carona para ajuda de custos.
CT -> Letras -> ponte do saber -> linha vermelha -> (podendo passar pela leopoldina ou) feira de São Cristóvão -> Quinta da boa vista -> metrô de São Cristóvão -> Quinta D'or";2016-05-02 14:15:00;2017-04-19 11:59:25;1,2;;;;2016-05-23 22:00:00
;Grande Niterói;Fonseca;;22 de novembro;Alameda São Boaventura;;Letras;;"- Sem cigarros durante a viagem por gentileza.

ZAP 964824093
R$6,00 de auxílio gasolina

Peço R$6,00 para ajuda no combustível.

ZAP 964824093";2017-09-08 17:38:20;2017-09-08 17:38:20;2,3,4,5;;;;2017-11-09 07:30:00
;Grande Niterói;Icaraí-Niterói;;Campo de São Bento;Saindo da Otávio Carneiro, Lopes Trovão, pela Roberto Silveira até a ponte;;CCS;;"Saída às 6:25.
Não é permitido fumar no carro.
Contribuição de R$ 5,00.";2019-01-06 20:50:34;2019-01-06 21:10:12;1,2,3,4,5;2019-03-07;;2019-01-06 21:10:12;2019-01-23 07:15:00
;Zona Norte;São Cristóvão;;Campo do Vasco;Linha Vermelha, Cancela, Campo do vasco;;CT: Bloco H;;;2018-10-05 17:48:29;2018-10-05 17:48:29;1,2,3,4,5;;;;2018-10-22 18:00:00
;Zona Oeste;Jacarepaguá ;;Praça seca - Vila Valqueire ;Linha Amarela-Piedade-Rua Goiás - Terminal De Cascadura- Tem Tudo - Assai Campinho- Mundial Praça Seca ;;CT;;;2016-04-29 19:52:03;2017-04-19 11:59:25;1,2,3,4,5;;;2016-04-29 19:57:10;2016-05-02 20:00:00
;Grande Niterói;Icaraí Niterói;;;Pela Roberto Silveira;;Reitoria;;;2016-09-02 00:29:04;2017-04-19 11:59:25;1,2,3,4,5;;;;2016-10-06 07:30:00
;Grande Niterói;Centro de Niterói;;Amaral Peixoto;Jansen de Melo, Amaral Peixoto, Rua Dr Celestino;;Letras;;"Ajuda combustível R$6,00
whatsapp 964824093";2018-03-13 01:37:05;2018-03-13 01:37:05;1,2,3,4,5;2018-07-13;;;2018-03-13 13:00:00
;Grande Niterói;Fonseca;;Alameda;22 DE NOVEMBRO, ALAMEDA;;Letras;;"WhatsApp 964824093
Ajuda para combustível R$6,00";2018-03-13 01:33:44;2018-08-06 10:12:38;1,3,5;;;;2018-04-25 07:30:00
;Grande Niterói;Icaraí Niterói;;;Rota: 7 de Setembro + Roberto Silveira;;Reitoria;;"Oie, vou quase todo dia esse horário. 
Peço só uma ajuda para a gasolina de 5 reais.";2018-03-26 23:28:05;2018-05-16 17:58:57;1,2,3,4;;;;2018-05-08 07:30:00
;Grande Niterói;Fonseca;;Alameda;22 DE NOVEMBRO, ALAMEDA;;Letras;;"WhatsApp 964824093
Ajuda para combustível R$5,00";2018-08-25 05:09:22;2018-08-25 05:09:22;1,2,3,5;;;;2018-12-18 07:30:00
;Baixada;Xerém ;;Postinho de Saúde ;Caxias Shopping,  W. Luís,  Santa Cruz da Serra ;;CT: Bloco H;;Viagem de Volta do CT para Xerém,  caso queira parar em algum bairro intermediário,  pode. ;2016-04-14 01:05:30;2017-04-19 11:59:25;2,4;;;;2016-08-18 17:00:00
;Grande Niterói;Fonseca - Niteroi ;;Alameda - Fonseca;;;CT: Bloco A;;"Pedimos colaboração de 5 reais;
Entrar em contato por wpp 21 99575-7872
";2016-05-05 13:21:11;2017-04-19 11:59:25;2,4;;;2016-05-05 17:13:52;2016-05-10 17:00:00
;Zona Norte;São Cristóvão;;Campo de São Cristóvão;Linha Vermelha ;;CT: Bloco H;;;2016-04-20 09:17:38;2017-04-19 11:59:25;3;;;;2016-05-25 10:30:00
;Grande Niterói;Maria Paula;;moinho;alameda;;CCMN;;"
$4,00 por pessoa. Faço uma volta no moinho e pego a ponte. ";2016-04-27 21:24:01;2017-04-19 11:59:25;1,2,3,4,5;;;;2016-06-27 09:00:00
;Zona Oeste;Jacarepaguá ;;Praça seca - Vila Valqueire ;Linha Amarela-Piedade-Rua Goiás - Terminal De Cascadura- Tem Tudo - Assai Campinho- Mundial Praça Seca ;;CT;;;2016-04-29 19:52:04;2017-04-19 11:59:25;1,2,3,4,5;;;2016-04-29 19:57:00;2016-07-05 20:00:00
;Grande Niterói;Icaraí Niterói;;;Pela Gavião Peixoto ;;Reitoria;;;2016-04-15 07:41:23;2017-04-19 11:59:25;1,2,3,4,5;;;2016-04-15 08:01:12;2016-05-26 13:30:00
;Grande Niterói;Icaraí;;Campo de São Bento;Av. Roberto Silveira, Marquês de Paraná;;CCS;;;2016-10-25 00:30:57;2017-04-19 11:59:25;1,2,3,4,5;;;;2016-11-14 08:00:00
;Grande Niterói;Icaraí Niterói;;;Pela Roberto Silveira;;Reitoria;;;2016-09-02 00:29:04;2017-04-19 11:59:25;1,2,3,4,5;;;;2016-10-12 07:30:00
;Região dos Lagos;Unamar;;Retão-Unamar;Amaral Peixoto - linha verde;;Polo Universitário;;"R$5,00 p/vaga
Chamem no wpp : 021 97219-3236";2019-03-13 22:29:13;2019-03-13 22:29:13;2,4;2019-07-14;;;2019-04-18 19:30:00
;Grande Niterói;Fonseca - Niteroi ;;Alameda - Fonseca;;;CT: Bloco A;;"Pedimos colaboração de 5 reais;
Entrar em contato por wpp 21 99575-7872
";2016-05-05 13:21:10;2017-04-19 11:59:25;2,4;2016-07-05;;;2016-05-05 17:00:00
;Grande Niterói;Icaraí Niterói;;;Pela Roberto Silveira;;Reitoria;;Quem puder dar uma ajudazinea será bem vinda :) ;2016-09-25 11:21:32;2017-04-19 11:59:25;1,3,4,5;;;;2016-11-21 13:00:00
;Região dos Lagos;Cabo Frio;;;;;Polo Universitário;;Valor: R$10,00;2019-05-23 13:57:55;2019-05-23 14:18:25;1,2,3,4,5;2019-07-23;;2019-05-23 14:18:25;2019-07-09 16:00:00
;Grande Niterói;Icaraí;;Campo de São Bento;Av. Roberto Silveira, Marquês de Paraná;;CCS;;Saindo 6:20. Contribuição R$ 5;2016-07-21 23:54:10;2017-04-19 11:59:25;1,2,3,4,5;;;;2016-09-05 07:20:00
;Zona Norte;São Cristóvão ;;;CT > Linha Vermelha > Feira de São Cristóvão > Largo da Cancela > próximo ao Estádio São Januário ;;CT: Bloco A;;;2016-04-13 10:24:33;2017-04-19 11:59:25;1,3;;;2016-04-13 10:26:30;2016-04-27 14:05:00
;Zona Norte;São Cristóvão;;17 dp;Fonseca Teles - Cancela - Lv;;CT;;"Colaboração opcional da gasolina

Favor confirmar no whatsapp";2016-04-28 21:26:00;2017-04-19 11:59:25;;;;;2016-04-29 08:00:00
;Zona Oeste;Praça Seca;;Rua Pinto Teles;Rua Cândido Benício, Rua Goiás, Cascadura, Linha Amarela;;CCS: HUCFF;;5 R$ de contribuição. Deixo em outros prédios;2019-02-07 10:24:50;2019-02-07 10:24:50;;;;;2019-02-07 15:30:00
;Grande Niterói;Fonseca;;Alameda;22 DE NOVEMBRO, ALAMEDA;;Letras;;"WhatsApp 964824093
Ajuda para combustível R$5,00";2018-08-25 05:09:22;2018-08-25 05:09:22;1,2,3,5;;;;2018-10-30 07:30:00
;Região Serrana;Petrópolis;;Universidade Estácio da Bingen.;;;CT: Bloco A;;;2018-04-03 15:57:02;2018-04-03 15:57:02;1,3;;;;2018-06-18 16:20:00
;Grande Niterói;Icaraí Niterói;;;Rota: 7 de Setembro + Roberto Silveira;;Reitoria;;"Oie, vou quase todo dia esse horário. 
Peço só uma ajuda para a gasolina de 5 reais.";2018-03-26 23:28:05;2018-03-26 23:28:05;1,2,3,4;;;;2018-04-11 07:30:00
;Zona Norte;São Cristóvão;;Campo de São Cristóvão;Linha Vermelha ;;CT: Bloco H;;;2016-04-20 09:31:08;2017-04-19 11:59:25;3;;;;2016-05-04 10:30:00
;Baixada;Xerém ;;Postinho de Saúde ;Santa Cruz da Serra, W. Luís, Caxias Shopping ;;CT;;Faço sempre o trajeto toda terça e quinta as 8h de Xerém ao CT;2016-04-14 01:03:21;2017-04-19 11:59:25;2,4;;;;2016-07-12 08:00:00
;Grande Niterói;Fonseca;;Alameda;22 DE NOVEMBRO, ALAMEDA;;Letras;;"WhatsApp 964824093
Ajuda para combustível R$6,00";2018-03-13 01:33:44;2018-08-06 10:18:37;1,3,5;;;;2018-05-16 07:30:00
;Grande Niterói;Fonseca;;Wiseup;;;CT: Bloco H;;Ajuda com 5 reais. ;2017-04-10 18:24:17;2017-04-19 11:59:25;1,2,3;;;;2017-04-24 15:00:00
;Grande Niterói;Fonseca - Niteroi ;;Alameda - Fonseca;;;CT: Bloco A;;;2016-05-05 13:46:53;2017-04-19 11:59:25;2,3,4,5;2016-07-06;;2016-05-06 07:54:04;2016-05-06 08:00:00
;Grande Niterói;Icaraí Niterói;;;Rota: 7 de Setembro + Roberto Silveira;;Reitoria;;"Oie, vou quase todo dia esse horário. 
Peço só uma ajuda para a gasolina de 5 reais.";2018-03-26 23:28:05;2018-03-26 23:28:05;1,2,3,4;;;;2018-03-28 07:30:00
;Grande Niterói;Fonseca;;;Linha Vermelha-Ponte-Alameda;;CT: Bloco H;;"Sou motorista prudente. 
Colaboração de R$6.
";2017-03-15 13:47:06;2017-04-19 11:59:25;3,5;;;;2017-03-17 15:00:00
;Grande Niterói;Fonseca - Niteroi ;;Alameda - Fonseca;;;CT: Bloco A;;"Saio do CT até a Alameda Boa Ventura, no Fonseca. Não aceitamos fumantes
Entrar em contato no wpp:
 21 99575-7872

Pedimos colaboração de 5 dinheiros ";2016-05-05 13:17:17;2017-04-19 11:59:25;2,4,5;;;2016-05-05 13:19:19;2016-07-01 14:00:00
;Grande Niterói;Icaraí;;Campo de São Bento;Av. Roberto Silveira, Marquês de Paraná;;CCS;;Saindo 6:20. Contribuição R$ 5;2016-07-21 23:54:11;2017-04-19 11:59:25;1,2,3,4,5;;;;2016-11-11 07:20:00
;Região Serrana;Petrópolis;;Universidade Estácio da Bingen.;;;CT: Bloco A;;;2018-04-03 15:57:02;2018-04-03 15:57:02;1,3;;;;2018-06-04 16:20:00
;Centro;bairro de Fátima;;Bairro de Fátima;Linha Vermelha, Cidade Nova e Bairro de Fátima;;Letras;;;2017-03-15 12:39:44;2017-04-19 11:59:25;2,4;;;;2017-06-06 21:45:00
;Grande Niterói;Fonseca;;Alameda;22 DE NOVEMBRO, ALAMEDA;;Letras;;"WhatsApp 964824093
Ajuda para combustível R$5,00";2018-08-25 05:09:22;2018-08-25 05:09:22;1,2,3,5;;;;2018-10-29 07:30:00
;Zona Oeste;Praça Seca;;Rua Pinto Teles;Rua Cândido Benício, Rua Goiás, Cascadura, Linha Amarela;;CCS: HUCFF;;5 R$ de contribuição. Deixo em outros prédios;2018-08-30 20:55:27;2018-08-30 20:55:27;;;;;2018-08-30 21:30:00
;Grande Niterói;Fonseca;;;Linha Vermelha-Ponte-Alameda;;CT: Bloco H;;"Sou motorista prudente. 
Colaboração de R$6.
";2017-03-15 13:47:06;2017-04-19 11:59:25;3,5;;;;2017-03-24 15:00:00
;Zona Norte;São Cristóvão;;Feira nordestina ;Ufrj , São Cristóvão ;;Letras;;Não fumo ;2016-09-25 23:11:03;2017-04-19 11:59:25;1,3,5;;;;2016-11-09 21:20:00
;Zona Norte;São Cristóvão;;17ª DP;Linha Vermelha, Campo De São Cristóvão, Quinta Da Boa Vista, Metrô De São Cristóvão;;CT: Bloco H;;;2016-09-06 16:31:06;2017-04-19 11:59:25;2;;;;2016-09-13 17:00:00
;Zona Norte;São Cristóvão;;17ª DP;Quinta da Boa Vista, Feira de São Cristóvão, Linha Vermelha;;Letras;;;2017-09-27 17:15:34;2017-09-27 17:15:34;1,2,3,4,5;;;;2017-11-15 17:19:00
;Baixada;Xerém;;Rua Senador Vergueiro;Marques De Abrantes, Pinheiro Machado, Sta Barbara, Presidente Vargas, Linha Vermelha;;CT: Bloco A;;"Não fumo, não o façam dentro do carro, por favor.
Contribuição R$4,00
Temperatura do ar condicionado 19ºC (quem for atrás, tem saída para vocês)
Qualquer coisa manda WhatsApp (21)981665652";2018-04-14 14:29:04;2018-04-14 14:29:04;3;;;;2018-05-30 12:00:00
;Zona Norte;São Cristóvão;;Colégio Pedro II;;;CCMN;;Contribuições são bem-vindas :);2016-06-06 21:21:34;2017-04-19 11:59:25;;;;;2016-06-07 07:20:00
;Região dos Lagos;Arraial do Cabo;;Figueira;Via Praia Seca, Bacaxá, São Gonçalo;;CT: Bloco D;;;2019-03-15 09:48:36;2019-03-15 09:48:36;5;2019-07-15;;;2019-06-07 21:45:00
;Zona Norte;São Cristóvão;;Campo de São Cristóvão;Campo de São Cristóvão;;CT;;;2016-04-20 09:30:34;2017-04-19 11:59:25;1,2,3,4,5;;;;2016-06-07 07:50:00
;Baixada;Xerém ;;Postinho de Saúde ;Caxias Shopping,  W. Luís,  Santa Cruz da Serra ;;CT: Bloco H;;Viagem de Volta do CT para Xerém,  caso queira parar em algum bairro intermediário,  pode. ;2016-04-14 01:05:30;2017-04-19 11:59:25;2,4;;;;2016-06-02 17:00:00
;Zona Oeste;Jacarepaguá ;;Praça seca - Vila Valqueire ;Linha Amarela-Piedade-Rua Goiás - Terminal De Cascadura- Tem Tudo - Assai Campinho- Mundial Praça Seca ;;CT;;;2016-04-29 19:52:03;2017-04-19 11:59:25;1,2,3,4,5;;;2016-04-29 19:57:33;2016-05-06 20:00:00
;Baixada;Xerém ;;Postinho de Saúde ;Santa Cruz da Serra, W. Luís, Caxias Shopping ;;CT;;Faço sempre o trajeto toda terça e quinta as 8h de Xerém ao CT;2016-04-14 01:03:21;2017-04-19 11:59:25;2,4;;;;2016-06-16 08:00:00
;Região dos Lagos;Cabo Frio;;;;;Polo Universitário;;Valor: R$10,00;2019-05-23 14:04:16;2019-05-23 14:19:36;1,3,4,5;2019-07-27;;2019-05-23 14:19:36;2019-07-19 07:30:00
;Zona Norte;São Cristóvão;;;;;CCMN: Fundos;;;2016-09-28 09:29:11;2017-04-19 11:59:25;;;;;2016-09-28 13:00:00
;Zona Oeste;Jacarepaguá ;;Praça seca - Vila Valqueire ;Linha Amarela-Piedade-Rua Goiás - Terminal De Cascadura- Tem Tudo - Assai Campinho- Mundial Praça Seca ;;CT;;;2016-04-29 19:52:04;2017-04-19 11:59:25;1,2,3,4,5;;;;2016-06-27 20:00:00
;Grande Niterói;Icaraí;;Campo de São Bento;Av. Roberto Silveira, Marquês de Paraná;;CCS;;;2016-10-25 00:30:57;2017-04-19 11:59:25;1,2,3,4,5;;;;2016-11-01 08:00:00
;Zona Norte;São Cristóvão;;17ª DP;Quinta da Boa Vista, Feira de São Cristóvão, Linha Vermelha;;Letras;;;2017-09-27 17:15:34;2017-09-27 17:15:34;1,2,3,4,5;;;;2017-11-01 17:19:00
;Grande Niterói;Icaraí-Niterói;;Campo de São Bento;Saindo da Otávio Carneiro, Lopes Trovão, pela Roberto Silveira até a ponte;;CCS;;"Saída às 6:25.
Não é permitido fumar no carro.
Contribuição de R$ 5,00.";2019-01-06 20:50:34;2019-01-06 21:17:24;1,2,3,4,5;2019-03-07;;2019-01-06 21:17:24;2019-03-06 07:15:00
;Grande Niterói;Fonseca;;Alameda;22 DE NOVEMBRO, ALAMEDA;;Letras;;"WhatsApp 964824093
Ajuda para combustível R$6,00";2018-03-13 01:33:44;2018-08-06 10:14:30;1,3,5;;;;2018-05-02 07:30:00
;Grande Niterói;Fonseca - Niteroi;;Alameda São boa Ventura ;Linha Vermelha > Ponte > Alameda ;;CT: Bloco A;;;2016-05-06 08:17:31;2017-04-19 11:59:25;;;;;2016-05-06 10:10:00
;Grande Niterói;Icaraí;;Campo de São Bento;Av. Roberto Silveira, Marquês de Paraná;;CCS;;Saindo 6:20. Contribuição R$ 5;2016-07-21 23:54:10;2017-04-19 11:59:25;1,2,3,4,5;;;;2016-08-25 07:20:00
;Grande Niterói;Icaraí Niterói;;;Pela Gavião Peixoto ;;Reitoria;;;2016-04-15 07:41:23;2017-04-19 11:59:25;1,2,3,4,5;;;2016-04-15 07:44:02;2016-05-18 13:30:00
;Grande Niterói;Icaraí Niterói;;;Pela Gavião Peixoto ;;Reitoria;;;2016-04-15 07:41:23;2017-04-19 11:59:25;1,2,3,4,5;;;2016-04-15 08:01:35;2016-06-02 13:30:00
;Grande Niterói;Fonseca;;Alameda;22 DE NOVEMBRO, ALAMEDA;;Letras;;"WhatsApp 964824093
Ajuda para combustível R$5,00";2018-08-25 05:09:22;2018-08-25 05:09:22;1,2,3,5;;;;2018-09-12 07:30:00
;Grande Niterói;Fonseca;;;;;CT;;Ajuda com 5 reais;2017-04-10 18:22:36;2017-04-19 11:59:25;2,4;;;;2017-05-18 08:30:00
;Zona Norte;São Cristóvão;;Colégio pedro II;;;CCMN;;Contribuições são bem-vindas :);2016-06-27 23:04:12;2017-04-19 11:59:25;;;;;2016-06-28 07:20:00
;Grande Niterói;Fonseca - Niteroi ;;Alameda - Fonseca;;;CT: Bloco A;;"Saio do CT até a Alameda Boa Ventura, no Fonseca. Não aceitamos fumantes
Entrar em contato no wpp:
 21 99575-7872

Pedimos colaboração de 5 dinheiros ";2016-05-05 13:17:17;2017-04-19 11:59:25;2,4,5;;;2016-05-05 13:18:21;2016-05-27 14:00:00
;Grande Niterói;Centro de Niterói;;Amaral Peixoto;Jansen de Melo, Amaral Peixoto, Rua Dr Celestino;;Letras;;"Ajuda combustível R$6,00
whatsapp 964824093";2018-03-13 01:37:05;2018-03-13 01:37:05;1,2,3,4,5;;;;2018-06-06 13:00:00
;Grande Niterói;Icaraí;;Campo de São Bento;Av. Roberto Silveira, Marquês de Paraná;;CCS;;Saindo 6:20. Contribuição R$ 5;2016-07-21 23:54:11;2017-04-19 11:59:25;1,2,3,4,5;;;;2016-09-19 07:20:00
;Grande Niterói;Centro de Niterói;;Amaral Peixoto;Jansen de Melo, Amaral Peixoto, Rua Dr Celestino;;Letras;;"Ajuda combustível R$6,00
whatsapp 964824093";2018-03-13 01:37:05;2018-03-13 01:37:05;1,2,3,4,5;;;;2018-03-30 13:00:00
;Baixada;Xerém ;;;;;CT;;;2016-09-09 18:14:30;2017-04-19 11:59:25;1;;;;2016-11-28 12:00:00
;Grande Niterói;Fonseca;;Alameda;22 DE NOVEMBRO, ALAMEDA;;Letras;;"WhatsApp 964824093
Ajuda para combustível R$5,00";2018-08-25 05:09:22;2018-08-25 05:09:22;1,2,3,5;;;;2018-11-16 07:30:00
;Baixada;Xerém ;;Postinho de Saúde ;Caxias Shopping,  W. Luís,  Santa Cruz da Serra ;;CT: Bloco H;;Viagem de Volta do CT para Xerém,  caso queira parar em algum bairro intermediário,  pode. ;2016-04-14 01:05:30;2017-04-19 11:59:25;2,4;;;;2016-04-21 17:00:00
;Grande Niterói;Fonseca - Niteroi ;;Alameda - Fonseca;;;CT: Bloco A;;"Pedimos colaboração de 5 reais;
Entrar em contato por wpp 21 99575-7872
";2016-05-05 13:21:11;2017-04-19 11:59:25;2,4;;;2016-05-05 17:14:20;2016-06-07 17:00:00
;Zona Oeste;Jacarepaguá ;;Praça seca - Vila Valqueire ;Linha Amarela-Piedade-Rua Goiás - Terminal De Cascadura- Tem Tudo - Assai Campinho- Mundial Praça Seca ;;CT;;;2016-04-29 19:52:04;2017-04-19 11:59:25;1,2,3,4,5;;;;2016-06-23 20:00:00
;Grande Niterói;Fonseca - Niteroi ;;Alameda - Fonseca;;;CT: Bloco A;;"Saio do CT até a Alameda Boa Ventura, no Fonseca. Não aceitamos fumantes
Entrar em contato no wpp:
 21 99575-7872

Pedimos colaboração de 5 dinheiros ";2016-05-05 13:17:17;2017-04-19 11:59:25;2,4,5;;;2016-05-05 13:18:44;2016-06-17 14:00:00
;Grande Niterói;Icaraí;;Campo de São Bento;Av. Roberto Silveira, Marquês de Paraná;;CCS;;;2016-10-25 00:30:57;2017-04-19 11:59:25;1,2,3,4,5;;;;2016-11-04 08:00:00
;Região dos Lagos;Cabo Frio;;Unamar;Amaral Peixoto;;Polo Universitário;;;2019-08-10 18:56:15;2019-08-10 18:56:15;1;2019-12-12;;;2019-10-07 13:30:00
;Zona Oeste;Jacarepaguá ;;Praça seca - Vila Valqueire ;Linha Amarela-Piedade-Rua Goiás - Terminal De Cascadura- Tem Tudo - Assai Campinho- Mundial Praça Seca ;;CT;;;2016-04-29 19:52:04;2017-04-19 11:59:25;1,2,3,4,5;;;2016-04-29 19:56:04;2016-07-28 20:00:00
;Zona Norte;São Cristóvão;;17 dp;Fonseca Teles - Cancela - LV;;CT;;"Contribuição voluntaria da gasolina

Rota pode ser alterada devido a necessidade do caronista.";2016-04-19 20:59:41;2017-04-19 11:59:25;;;;2016-04-19 21:00:29;2016-04-20 07:59:00
;Região Serrana;Eng. Paulo de Frontin;;Serra Fluminense;Paracambi, Japeri, Dutra, Linha Vermelha;;CT;;"Saio por volta das 10h.
Tenho tido problemas com o app, trava após eu aceitar a carona. Entre em contato pelo Whatsapp:
+5524999557072
Taxa a combinar.";2016-05-11 08:53:45;2017-04-19 11:59:25;1;;;;2016-06-13 12:00:00
;Zona Norte;São Cristóvão;;Esquina da avenida do exército com a rua Fonseca Teles;Colégio Brasileiro - Centro De Tradições Nordestinas - Linha Vermelha - Fundão;;CCMN: Frente;;"Previsão de chegada no fundão: 7:30
2 reais pra ajudar na gasolina :)";2016-05-03 16:34:36;2017-04-19 11:59:25;;;;;2016-05-04 07:10:00
;Região dos Lagos;Unamar;;Retão-Unamar;Amaral Peixoto - linha verde;;Polo Universitário;;"R$5,00 p/vaga
Chamem no wpp : 021 97219-3236";2019-03-13 22:27:31;2019-03-13 22:27:31;3,4;2019-07-14;;;2019-05-01 13:30:00
;Grande Niterói;Fonseca - Niteroi ;;Alameda - Fonseca;;;CT: Bloco A;;;2016-05-05 13:46:53;2017-04-19 11:59:25;2,3,4,5;;;2016-05-05 17:16:17;2016-06-22 08:00:00
;Zona Norte;São Cristóvão;;Campo de São Cristóvão;Campo de São Cristóvão;;CT;;;2016-04-20 09:30:34;2017-04-19 11:59:25;1,2,3,4,5;;;;2016-05-24 07:50:00
;Grande Niterói;Centro de Niterói;;Amaral Peixoto;Jansen de Melo, Amaral Peixoto, Rua Dr Celestino;;Letras;;"Ajuda combustível R$6,00
whatsapp 964824093";2018-03-13 01:37:05;2018-03-13 01:37:05;1,2,3,4,5;;;;2018-04-06 13:00:00
;Grande Niterói;Maria Paula;;moinho;alameda;;CCMN;;"
$4,00 por pessoa. Faço uma volta no moinho e pego a ponte. ";2016-04-27 21:24:01;2017-04-19 11:59:25;1,2,3,4,5;;;2016-05-09 17:45:14;2016-05-30 09:00:00
;Zona Norte;São Cristóvão;;Largo da Cancela;Rua S. Luiz Gonzaga, Linha Vermelha;;CT;;;2016-05-24 00:00:55;2017-04-19 11:59:25;;;;;2016-05-24 09:00:00
;Grande Niterói;Fonseca;;22 de novembro;Alameda São Boaventura;;Letras;;"- Sem cigarros durante a viagem por gentileza.

ZAP 964824093
R$6,00 de auxílio gasolina

Peço R$6,00 para ajuda no combustível.

ZAP 964824093";2017-09-08 17:38:20;2017-09-08 17:38:20;2,3,4,5;;;;2017-10-26 07:30:00
;Zona Oeste;Jacarepaguá ;;Praça seca - Vila Valqueire ;Linha Amarela-Piedade-Rua Goiás - Terminal De Cascadura- Tem Tudo - Assai Campinho- Mundial Praça Seca ;;CT;;;2016-04-29 19:52:03;2017-04-19 11:59:25;1,2,3,4,5;;;;2016-05-18 20:00:00
;Zona Norte;São Cristóvão;;17ª DP;Linha Vermelha, Campo De São Cristóvão, Quinta Da Boa Vista, Metrô De São Cristóvão;;CT: Bloco H;;;2016-09-06 16:31:06;2017-04-19 11:59:25;2;;;;2016-10-25 17:00:00
;Grande Niterói;Fonseca;;22 de Novembro;A partir da 22 de novembro (Mercado Princesa) passando por toda a Alameda;;Reitoria;;"Saindo de casa às 6:20
R$ 5,00";2016-05-10 20:17:09;2017-04-19 11:59:25;;;;;2016-05-11 07:10:00
;Grande Niterói;Icaraí;;Campo de São Bento;Av. Roberto Silveira, Marquês de Paraná;;CCS;;Saindo 6:20. Contribuição R$ 5;2016-07-21 23:54:11;2017-04-19 11:59:25;1,2,3,4,5;;;;2016-10-05 07:20:00
;Região dos Lagos;Arraial do Cabo;;Figueira;Via Praia Seca, Bacaxá, São Gonçalo;;CT: Bloco D;;;2019-03-15 09:48:36;2019-03-15 09:48:36;5;2019-07-15;;;2019-04-12 21:45:00
;Zona Oeste;Praça Seca;;Rua Pinto Teles;Rua Cândido Benício, Rua Goiás, Cascadura, Linha Amarela;;EEFD;;5 R$ de contribuição. Deixo em outros prédios;2018-09-11 16:50:20;2018-09-11 19:33:26;;;;2018-09-11 19:33:26;2018-09-11 21:15:00
;Zona Norte;São Cristóvão;;17ª DP;Linha Vermelha, Campo De São Cristóvão, Quinta Da Boa Vista, Metrô De São Cristóvão;;CT: Bloco H;;;2016-04-27 16:46:22;2017-04-19 11:59:25;3,5;;;;2016-05-11 17:00:00
;Região dos Lagos;Arraial do Cabo;;Figueira;Via Praia Seca, Bacaxá, São Gonçalo;;CT;;;2019-03-15 07:47:14;2019-03-15 07:47:14;4;2019-05-15;;;2019-03-21 15:00:00
;Zona Norte;São Cristóvão;;Campo de São Cristóvão;Campo de São Cristóvão;;CT;;;2016-04-20 09:30:34;2017-04-19 11:59:25;1,2,3,4,5;;;;2016-05-02 07:50:00
;Grande Niterói;Icaraí-Niterói;;Campo de São Bento;Saindo da Otávio Carneiro, Lopes Trovão, pela Roberto Silveira até a ponte;;CCS;;"Saída às 6:25.
Não é permitido fumar no carro.
Contribuição de R$ 5,00.";2019-01-06 20:50:34;2019-01-06 21:12:53;1,2,3,4,5;2019-03-07;;2019-01-06 21:12:53;2019-02-08 07:15:00
;Grande Niterói;Icaraí Niterói;;;Pela Roberto Silveira;;Reitoria;;Quem puder dar uma ajudazinea será bem vinda :) ;2016-09-25 11:21:32;2017-04-19 11:59:25;1,3,4,5;;;;2016-09-28 13:00:00
;Grande Niterói;Fonseca - Niteroi;;Alameda São boa Ventura ;Linha Vermelha > Ponte > Alameda ;;CT: Bloco A;;;2016-05-10 22:18:58;2017-04-19 11:59:25;;;;2016-05-10 22:19:26;2016-05-11 07:59:00
;Zona Norte;São Cristóvão;;Campo de São Cristóvão;Campo de São Cristóvão;;CT;;;2016-04-20 09:30:34;2017-04-19 11:59:25;1,2,3,4,5;;;;2016-05-03 07:50:00
;Zona Norte;São Cristóvão;;Campo de São Cristóvão;Campo de São Cristóvão;;CT;;;2016-04-20 09:30:34;2017-04-19 11:59:25;1,2,3,4,5;;;;2016-05-19 07:50:00
;Região dos Lagos;Unamar;;Retão-Unamar;Amaral Peixoto - linha verde;;Polo Universitário;;"R$5,00 p/vaga
Chamem no wpp : 021 97219-3236";2019-03-13 22:26:51;2019-03-13 22:26:51;1,2;2019-07-18;;;2019-05-06 10:00:00
;Zona Norte;São Cristóvão;;Campo do Vasco;Linha Vermelha, Cancela, Campo do vasco;;CT: Bloco H;;;2018-10-05 17:48:29;2018-10-05 17:48:29;1,2,3,4,5;;;;2018-11-09 18:00:00
;Zona Norte;São Cristóvão;;;Colégio Pedro II ;;CCMN: Frente;;Ajuda pra gasolina é bem-vinda :);2016-05-19 21:03:48;2017-04-19 11:59:25;;;;;2016-05-20 07:20:00
;Baixada;Xerém ;;Postinho de Saúde ;Santa Cruz da Serra, W. Luís, Caxias Shopping ;;CT;;Faço sempre o trajeto toda terça e quinta as 8h de Xerém ao CT;2016-04-14 01:03:21;2017-04-19 11:59:25;2,4;;;;2016-08-04 08:00:00
;Grande Niterói;Icaraí;;Campo de São Bento;Av. Roberto Silveira, Marquês de Paraná;;CCS;;Saindo 6:20. Contribuição R$ 5;2016-07-21 23:54:10;2017-04-19 11:59:25;1,2,3,4,5;;;;2016-08-16 07:20:00
;Grande Niterói;Fonseca;;Wiseup;;;CT: Bloco H;;Ajuda com 5 reais. ;2017-04-10 18:24:17;2017-04-19 11:59:25;1,2,3;;;;2017-05-02 15:00:00
;Grande Niterói;Centro de Niterói;;Amaral Peixoto;Jansen de Melo, Amaral Peixoto, Rua Dr Celestino;;Letras;;"Ajuda combustível R$6,00
whatsapp 964824093";2018-03-13 01:37:05;2018-03-13 01:37:05;1,2,3,4,5;;;;2018-05-10 13:00:00
;Zona Norte;São Cristóvão;;Feira nordestina ;Ufrj , São Cristóvão ;;Letras;;Não fumo ;2016-09-25 23:11:03;2017-04-19 11:59:25;1,3,5;;;;2016-11-14 21:20:00
;Grande Niterói;Icaraí Niterói;;;Pela Roberto Silveira;;Reitoria;;Quem puder dar uma ajudazinea será bem vinda :) ;2016-09-25 11:21:32;2017-04-19 11:59:25;1,3,4,5;;;;2016-10-26 13:00:00
;Baixada;Xerém;;Rua Senador Vergueiro;Marques De Abrantes, Pinheiro Machado, Sta Barbara, Presidente Vargas, Linha Vermelha;;CT: Bloco A;;"Não fumo, não o façam dentro do carro, por favor.
Contribuição R$4,00
Temperatura do ar condicionado 19ºC (quem for atrás, tem saída para vocês)
Qualquer coisa manda WhatsApp (21)981665652";2018-04-14 14:29:04;2018-04-14 14:29:04;3;;;;2018-06-13 12:00:00
;Região dos Lagos;Cabo Frio;;;;;Polo Universitário;;Valor: R$10,00;2019-05-23 13:57:55;2019-05-23 14:17:25;1,2,3,4,5;2019-07-23;;2019-05-23 14:17:25;2019-06-28 16:00:00
;Zona Norte;São Cristóvão;;Campo de São Cristóvão;Campo de São Cristóvão;;CT;;;2016-04-20 09:30:34;2017-04-19 11:59:25;1,2,3,4,5;;;;2016-05-26 07:50:00
;Zona Oeste;Praça Seca;;Rua Pinto Teles;Rua Cândido Benício, Rua Goiás, Cascadura, Linha Amarela;;CCS: HUCFF;;5 R$ de contribuição. Deixo em outros prédios;2018-10-22 16:38:02;2018-10-22 16:38:02;;;;;2018-10-22 21:45:00
;Região dos Lagos;Cabo Frio;;;;;CT: Bloco D;;;2016-04-13 22:01:17;2017-04-19 11:59:25;;;;;2016-04-14 14:00:00
;Zona Norte;São Cristóvão;;17ª DP;Linha Vermelha, Campo De São Cristóvão, Quinta Da Boa Vista, Metrô De São Cristóvão;;CT: Bloco H;;;2016-10-06 16:29:48;2017-04-19 11:59:25;4;;;;2016-10-13 17:00:00
;Grande Niterói;Fonseca;;;;;CT;;"Ajuda com 5 reais.
";2017-04-10 18:23:07;2017-04-19 11:59:25;3;2017-06-12;;;2017-04-12 11:00:00
;Zona Norte;São Cristóvão;;Campo de São Cristóvão;Linha Vermelha ;;CT: Bloco H;;;2016-04-20 09:31:08;2017-04-19 11:59:25;3;;;;2016-04-27 10:30:00
;Região Serrana;Petrópolis;;Universidade Estácio da Bingen.;;;CT: Bloco A;;;2018-04-03 15:57:02;2018-04-03 15:57:02;1,3;;;;2018-04-25 16:20:00
;Região dos Lagos;Unamar;;Retão-Unamar;Amaral Peixoto - linha verde;;Polo Universitário;;"R$5,00 p/vaga
Chamem no wpp : 021 97219-3236";2019-03-13 22:26:51;2019-03-13 22:26:51;1,2;2019-07-18;;;2019-04-08 10:00:00
;Baixada;Xerém ;;Postinho de Saúde ;Caxias Shopping,  W. Luís,  Santa Cruz da Serra ;;CT: Bloco H;;Viagem de Volta do CT para Xerém,  caso queira parar em algum bairro intermediário,  pode. ;2016-04-14 01:05:30;2017-04-19 11:59:25;2,4;;;;2016-05-24 17:00:00
;Zona Norte;São Cristóvão;;;metrô de São Cristóvão, feira de tradições nordestinas..;;CT: Bloco A;;"R$2 pela carona para ajuda de custos.
CT -> Letras -> ponte do saber -> linha vermelha -> (podendo passar pela leopoldina ou) feira de São Cristóvão -> Quinta da boa vista -> metrô de São Cristóvão -> Quinta D'or";2016-05-02 14:15:13;2017-04-19 11:59:25;3;;;;2016-06-15 21:00:00
;Zona Norte;São Cristóvão;;17ª DP;Quinta da Boa Vista, Feira de São Cristóvão, Linha Vermelha;;Letras;;;2017-09-27 17:15:34;2017-09-27 17:15:34;1,2,3,4,5;;;;2017-11-10 17:19:00
;Zona Norte;São Cristóvão ;;;;;CT: Bloco H;;;2016-06-03 15:13:06;2017-04-19 11:59:25;;;;;2016-06-03 17:00:00
;Região dos Lagos;Unamar;;Retão-Unamar;Amaral Peixoto - linha verde;;Polo Universitário;;"R$5,00 p/vaga
Chamem no wpp : 021 97219-3236";2019-03-13 22:29:13;2019-03-13 22:29:13;2,4;2019-07-14;;;2019-06-27 19:30:00
;Grande Niterói;Icaraí;;Campo de São Bento;Av. Roberto Silveira, Marquês de Paraná;;CCS;;Saindo 6:20. Contribuição R$ 5;2016-07-21 23:54:10;2017-04-19 11:59:25;1,2,3,4,5;;;;2016-08-22 07:20:00
;Grande Niterói;Icaraí Niterói;;;Pela Roberto Silveira;;Reitoria;;Quem puder dar uma ajudazinea será bem vinda :) ;2016-09-25 11:21:32;2017-04-19 11:59:25;1,3,4,5;;;;2016-11-14 13:00:00
;Grande Niterói;Icaraí;;Campo de São Bento;Av. Roberto Silveira, Marquês de Paraná;;CCS;;;2016-10-25 00:30:57;2017-04-19 11:59:25;1,2,3,4,5;;;;2016-11-11 08:00:00
;Região dos Lagos;Arraial do Cabo;;Figueira;Via Praia Seca, Bacaxá, São Gonçalo;;CT;;;2019-03-15 07:47:14;2019-03-15 07:47:44;4;2019-05-15;;2019-03-15 07:47:44;2019-03-15 15:00:00
;Zona Norte;São Cristóvão;;17ª DP;Quinta da Boa Vista, Feira de São Cristóvão, Linha Vermelha;;Letras;;;2017-09-27 17:15:34;2017-09-27 17:15:34;1,2,3,4,5;;;;2017-10-18 17:19:00
;Baixada;Xerém ;;Postinho de Saúde ;Santa Cruz da Serra, W. Luís, Caxias Shopping ;;CT;;Faço sempre o trajeto toda terça e quinta as 8h de Xerém ao CT;2016-04-14 01:03:21;2017-04-19 11:59:25;2,4;;;;2016-06-09 08:00:00
;Grande Niterói;Icaraí;;Campo de São Bento;Av. Roberto Silveira, Marquês de Paraná;;CCS;;;2016-10-25 00:30:57;2017-04-19 11:59:25;1,2,3,4,5;;;;2016-11-08 08:00:00
;Zona Norte;São Cristóvão;;17 dp;;;CT: Bloco A;;"Contribuiçao da gasolina opcional 


Podendo passar na leopoldina dependendo da necessidade do caronista
";2016-04-20 12:29:21;2017-04-19 11:59:25;;;;;2016-04-20 15:00:00
;Grande Niterói;Niterói - Fonseca;;22 de Novembro;A partir da 22 de novembro (Mercado Princesa) passando por toda a Alameda;;Reitoria;;"Saindo de casa às 6:30
Peço uma colaboração de R$ 5,00 para ajudar no combustível";2016-07-04 18:39:33;2017-04-19 11:59:25;;;;;2016-07-05 07:30:00
;Grande Niterói;Fonseca;;Wiseup;;;CT: Bloco H;;Ajuda com 5 reais. ;2017-04-10 18:24:17;2017-04-19 11:59:25;1,2,3;;;;2017-05-01 15:00:00
;Grande Niterói;Icaraí;;Campo de São Bento;Av. Roberto Silveira, Marquês de Paraná;;CCS;;;2016-10-25 00:30:57;2017-04-19 11:59:25;1,2,3,4,5;;;;2016-12-08 08:00:00
;Zona Norte;São Cristóvão;;Rua São Cristóvão;Rua Euclides da Cunha - Rua Fonseca Teles - Campo de São Cristóvão - Linha Vermelha;;CT;;"Posso mudar a rota e ir pela Avenida do Exército
Aceito contribuições para o combustível!";2018-08-15 18:56:32;2018-09-19 10:07:05;;;;2018-09-19 10:07:05;2018-08-16 10:00:00
;Grande Niterói;Fonseca;;Recuo da 22;Curso Saramago, recuo da 22, curso CNA, HCN;;Reitoria;;Saindo às  6:30AM ;2016-07-10 17:20:07;2017-04-19 11:59:25;;;;;2016-07-11 07:30:00
;Região dos Lagos;Unamar;;Retão-Unamar;Amaral Peixoto - linha verde;;Polo Universitário;;"R$5,00 p/vaga
Chamem no wpp : 021 97219-3236";2019-03-13 22:26:51;2019-03-13 22:26:51;1,2;2019-07-18;;;2019-04-09 10:00:00
;Grande Niterói;Fonseca;;;Linha Vermelha-Ponte-Alameda;;CT: Bloco H;;"Sou motorista prudente. 
Colaboração de R$6.
";2017-03-15 13:47:06;2017-04-19 11:59:25;3,5;;;;2017-05-05 15:00:00
;Grande Niterói;Maria Paula;;moinho;alameda;;CCMN;;"
$4,00 por pessoa. Faço uma volta no moinho e pego a ponte. ";2016-04-27 21:24:00;2017-04-19 11:59:25;1,2,3,4,5;;;2016-05-06 07:31:24;2016-05-10 09:00:00
;Grande Niterói;Icaraí Niterói;;;Pela Roberto Silveira;;Reitoria;;;2016-09-02 00:29:04;2017-04-19 11:59:25;1,2,3,4,5;;;;2016-10-14 07:30:00
;Zona Oeste;Jacarepaguá ;;Praça seca - Vila Valqueire ;Linha Amarela-Piedade-Rua Goiás - Terminal De Cascadura- Tem Tudo - Assai Campinho- Mundial Praça Seca ;;CT;;;2016-04-29 19:52:03;2017-04-19 11:59:25;1,2,3,4,5;;;;2016-06-07 20:00:00
;Região Serrana;Petrópolis;;Universidade Estácio da Bingen.;;;CT: Bloco A;;;2018-04-03 15:57:02;2018-04-03 15:57:02;1,3;;;;2018-05-21 16:20:00
;Grande Niterói;Icaraí Niterói;;;Pela Gavião Peixoto ;;Reitoria;;;2016-04-15 07:41:23;2017-04-19 11:59:25;1,2,3,4,5;;;2016-04-15 07:43:19;2016-05-05 13:30:00
;Região dos Lagos;Unamar;;Retão-Unamar;Amaral Peixoto - linha verde;;Polo Universitário;;"R$5,00 p/vaga
Chamem no wpp : 021 97219-3236";2019-03-13 22:27:31;2019-03-13 22:27:31;3,4;2019-07-14;;;2019-05-08 13:30:00
;Grande Niterói;Icaraí;;Campo de São Bento;Av. Roberto Silveira, Marquês de Paraná;;CCS;;Saindo 6:20. Contribuição R$ 5;2016-07-21 23:54:11;2017-04-19 11:59:25;1,2,3,4,5;;;;2016-11-07 07:20:00
;Zona Norte;São Cristóvão;;Campo do Vasco;Linha Vermelha, Cancela, Campo do vasco;;CT: Bloco H;;;2018-10-05 17:48:29;2018-10-05 17:48:29;1,2,3,4,5;;;;2018-10-11 18:00:00
;Zona Norte;São Cristóvão;;17ª DP;Linha Vermelha, Campo De São Cristóvão, Quinta Da Boa Vista, Metrô De São Cristóvão;;CT: Bloco H;;;2016-09-06 16:31:06;2017-04-19 11:59:25;2;;;;2016-09-27 17:00:00
;Zona Norte;São Cristóvão;;;;;CT: Bloco H;;;2017-04-27 10:17:08;2017-04-27 10:17:08;;;;;2017-04-27 10:21:00
;Baixada;Xerém ;;Postinho de Saúde ;Caxias Shopping,  W. Luís,  Santa Cruz da Serra ;;CT: Bloco H;;Viagem de Volta do CT para Xerém,  caso queira parar em algum bairro intermediário,  pode. ;2016-04-14 01:05:30;2017-04-19 11:59:25;2,4;;;;2016-06-09 17:00:00
;Zona Norte;São Cristóvão;;próximo ao estádio são Januário (Vasco);campo de São Cristóvão, rua General argolo, rua sao Januário;;CT: Bloco A;;;2016-04-12 14:11:51;2017-04-19 11:59:25;2,4;;;2016-07-05 14:19:06;2016-07-14 17:00:00
;Zona Norte;São Cristóvão;;Campo do Vasco;Linha Vermelha, Cancela, Campo do vasco;;CT: Bloco H;;;2018-10-05 17:48:29;2018-10-05 17:48:29;1,2,3,4,5;;;;2018-11-30 18:00:00
;Zona Oeste;Jacarepaguá ;;Praça seca - Vila Valqueire ;Linha Amarela-Piedade-Rua Goiás - Terminal De Cascadura- Tem Tudo - Assai Campinho- Mundial Praça Seca ;;CT;;;2016-04-29 19:52:04;2017-04-19 11:59:25;1,2,3,4,5;;;2016-04-29 19:56:34;2016-07-12 20:00:00
;Região Serrana;Petrópolis;;Universidade Estácio da Bingen.;;;CT: Bloco A;;;2018-04-03 15:57:02;2018-04-03 15:57:02;1,3;;;;2018-04-09 16:20:00
;Zona Norte;São Cristóvão;;17ª DP;Quinta da Boa Vista, Feira de São Cristóvão, Linha Vermelha;;CT;;;2017-10-05 20:18:40;2017-10-05 20:18:40;5;;;;2017-10-27 08:00:00
;Zona Oeste;Praça Seca;;Rua Pinto Teles;Rua Cândido Benício, Rua Goiás, Cascadura, Linha Amarela;;CCS;;5 R$ de contribuição. Deixo em outros prédios;2018-12-05 21:55:42;2018-12-05 21:55:42;;;;;2018-12-06 18:20:00
;Grande Niterói;Icaraí;;Campo de São Bento;Av. Roberto Silveira, Marquês de Paraná;;CCS;;Saindo 6:20. Contribuição R$ 5;2016-07-21 23:54:11;2017-04-19 11:59:25;1,2,3,4,5;;;;2016-10-14 07:20:00
;Grande Niterói;Centro de Niterói;;Amaral Peixoto;Jansen de Melo, Amaral Peixoto, Rua Dr Celestino;;Letras;;"Ajuda combustível R$6,00
whatsapp 964824093";2018-03-13 01:37:05;2018-03-13 01:37:05;1,2,3,4,5;;;;2018-06-25 13:00:00
;Região dos Lagos;Unamar;;Retão-Unamar;Amaral Peixoto - linha verde;;Polo Universitário;;"R$5,00 p/vaga
Chamem no wpp : 021 97219-3236";2019-03-13 22:26:51;2019-03-13 22:26:51;1,2;2019-07-18;;;2019-04-22 10:00:00
;Zona Norte;São Cristóvão;;Campo de São Cristóvão;Linha Vermelha ;;CT: Bloco H;;;2016-04-20 09:17:38;2017-04-19 11:59:25;3;2016-06-20;;;2016-04-20 10:30:00
;Grande Niterói;Fonseca;;22 de novembro;Alameda São Boaventura;;Letras;;"- Sem cigarros durante a viagem por gentileza.

ZAP 964824093
R$6,00 de auxílio gasolina

Peço R$6,00 para ajuda no combustível.

ZAP 964824093";2017-09-08 17:38:20;2017-09-08 17:38:20;2,3,4,5;;;;2017-09-19 07:30:00
;Região dos Lagos;Cabo Frio;;;;;Polo Universitário;;Valor: R$10,00;2019-05-23 14:04:16;2019-05-23 14:16:16;1,3,4,5;2019-07-27;;2019-05-23 14:16:16;2019-06-20 07:30:00
;Grande Niterói;Icaraí-Niterói;;Campo de São Bento;Saindo da Otávio Carneiro, Lopes Trovão, pela Roberto Silveira até a ponte;;CCS;;"Saída às 6:25.
Não é permitido fumar no carro.
Contribuição de R$ 5,00.";2019-01-06 20:50:34;2019-01-06 21:17:56;1,2,3,4,5;2019-03-07;;2019-01-06 21:17:56;2019-02-28 07:15:00
;Grande Niterói;Centro de Niterói;;Amaral Peixoto;Jansen de Melo, Amaral Peixoto, Rua Dr Celestino;;Letras;;"Ajuda combustível R$6,00
whatsapp 964824093";2018-03-13 01:37:05;2018-03-13 01:37:05;1,2,3,4,5;;;;2018-07-02 13:00:00
;Grande Niterói;Fonseca;;Wiseup;;;CT: Bloco H;;Ajuda com 5 reais. ;2017-04-10 18:24:17;2017-04-19 11:59:25;1,2,3;;;;2017-04-18 15:00:00
;Zona Norte;São Cristóvão;;Campo do Vasco;Linha Vermelha, Cancela, Campo do vasco;;CT: Bloco H;;;2018-10-05 17:48:29;2018-10-05 17:48:29;1,2,3,4,5;;;;2018-11-07 18:00:00
;Zona Norte;São Cristóvão;;Campo de São Cristóvão;Campo de São Cristóvão;;CT;;;2016-04-20 09:30:34;2017-04-19 11:59:25;1,2,3,4,5;;;2016-04-26 17:40:03;2016-04-27 07:50:00
;Grande Niterói;Icaraí Niterói;;;Pela Gavião Peixoto ;;Reitoria;;;2016-04-15 07:41:23;2017-04-19 11:59:25;1,2,3,4,5;;;2016-04-15 07:45:02;2016-05-20 13:30:00
;Zona Norte;São Cristóvão;;17ª DP;Linha Vermelha, Campo De São Cristóvão, Quinta Da Boa Vista, Metrô De São Cristóvão;;CT: Bloco H;;;2016-10-06 16:29:48;2017-04-19 11:59:25;4;;;;2016-12-22 17:00:00
;Baixada;Xerém ;;Postinho de Saúde ;Santa Cruz da Serra, W. Luís, Caxias Shopping ;;CT;;Faço sempre o trajeto toda terça e quinta as 8h de Xerém ao CT;2016-04-14 01:03:21;2017-04-19 11:59:25;2,4;;;;2016-07-19 08:00:00
;Região dos Lagos;Cabo Frio;;;;;Polo Universitário;;Valor: R$10,00;2019-05-23 14:04:16;2019-05-23 14:18:03;1,3,4,5;2019-07-27;;2019-05-23 14:18:03;2019-07-05 07:30:00
;Zona Norte;São Cristóvão;;Colégio Brasileiro;Colégio Brasileiro  - Feira de São Cristóvão - Linha Vermelha - Fundão;;CCMN: Frente;;Colaboração de 2 reais pra gasolina;2016-04-28 19:02:52;2017-04-19 11:59:25;;;;;2016-04-29 07:15:00
;Grande Niterói;Icaraí Niterói;;;Pela Roberto Silveira;;Reitoria;;;2016-09-02 00:29:04;2017-04-19 11:59:25;1,2,3,4,5;;;;2016-10-24 07:30:00
;Grande Niterói;Icaraí;;Campo de São Bento;Av. Roberto Silveira, Marquês de Paraná;;CCS;;;2016-10-25 00:30:57;2017-04-19 11:59:25;1,2,3,4,5;;;;2016-11-03 08:00:00
;Grande Niterói;Fonseca - Niteroi ;;Alameda - Fonseca;;;CT: Bloco A;;;2016-05-05 13:46:53;2017-04-19 11:59:25;2,3,4,5;;;2016-05-05 17:16:11;2016-06-17 08:00:00
;Ilha do Fundão;Incubadora;;Incubadora da COPPE;;;CT: Bloco D;;Carona pra Incubadora de Empresas da COPPE! E você ainda de quebra pode conhecer as empresas de lá!;2016-04-12 09:15:40;2017-04-19 11:59:25;2,4;;;;2016-05-12 13:00:00
;Grande Niterói;Icaraí;;Campo de São Bento;Av. Roberto Silveira, Marquês de Paraná;;CCS;;Saindo 6:20. Contribuição R$ 5;2016-07-21 23:54:11;2017-04-19 11:59:25;1,2,3,4,5;;;2016-10-25 00:34:47;2016-11-22 07:20:00
;Grande Niterói;Icaraí Niterói;;;Rota: 7 de Setembro + Roberto Silveira;;Reitoria;;"Oie, vou quase todo dia esse horário. 
Peço só uma ajuda para a gasolina de 5 reais.";2018-03-26 23:28:05;2018-03-26 23:28:05;1,2,3,4;;;;2018-05-03 07:30:00
;Zona Norte;São Cristóvão;;17ª DP;Quinta da Boa Vista, Feira de São Cristóvão, Linha Vermelha;;Letras;;;2017-09-27 17:15:34;2017-09-27 17:15:34;1,2,3,4,5;;;;2017-10-09 17:19:00
;Região dos Lagos;Unamar;;Retão-Unamar;Amaral Peixoto - linha verde;;Polo Universitário;;"R$5,00 p/vaga
Chamem no wpp : 021 97219-3236";2019-03-13 22:29:13;2019-03-13 22:29:13;2,4;2019-07-14;;;2019-06-13 19:30:00
;Grande Niterói;Centro de Niterói;;Amaral Peixoto;Jansen de Melo, Amaral Peixoto, Rua Dr Celestino;;Letras;;"Ajuda combustível R$6,00
whatsapp 964824093";2018-03-13 01:37:05;2018-03-13 01:37:05;1,2,3,4,5;;;;2018-06-29 13:00:00
;Zona Norte;São Cristóvão;;17ª DP;Linha Vermelha, Campo De São Cristóvão, Quinta Da Boa Vista, Metrô De São Cristóvão;;CT: Bloco A;;;2016-04-27 16:41:57;2017-04-19 11:59:25;3,5;;;2016-04-27 16:43:41;2016-06-10 17:00:00
;Região dos Lagos;Unamar;;Retão-Unamar;Amaral Peixoto - linha verde;;Polo Universitário;;"R$5,00 p/vaga
Chamem no wpp : 021 97219-3236";2019-03-13 22:26:51;2019-03-13 22:26:51;1,2;2019-07-18;;;2019-04-16 10:00:00
;Grande Niterói;Fonseca;;22 de novembro;Alameda São Boaventura;;Letras;;"- Sem cigarros durante a viagem por gentileza.

ZAP 964824093
R$6,00 de auxílio gasolina

Peço R$6,00 para ajuda no combustível.

ZAP 964824093";2017-09-08 17:38:20;2017-09-08 17:38:20;2,3,4,5;;;;2017-11-01 07:30:00
;Grande Niterói;Icaraí;;Campo de São Bento;Av. Roberto Silveira, Marquês de Paraná;;CCS;;;2016-10-25 00:30:57;2017-04-19 11:59:25;1,2,3,4,5;;;;2016-10-31 08:00:00
;Região Serrana;Eng. Paulo de Frontin;;Serra Fluminense;Paracambi, Japeri, Dutra, Linha Vermelha;;CT;;"Saio por volta das 10h.
Tenho tido problemas com o app, trava após eu aceitar a carona. Entre em contato pelo Whatsapp:
+5524999557072
Taxa a combinar.";2016-05-11 08:53:45;2017-04-19 11:59:25;1;;;;2016-07-04 12:00:00
;Região dos Lagos;Cabo Frio;;Unamar;Amaral Peixoto;;Polo Universitário;;;2019-08-10 18:56:15;2019-08-10 18:56:15;1;2019-12-12;;;2019-11-04 13:30:00
;Grande Niterói;Centro de Niterói;;Amaral Peixoto;Jansen de Melo, Amaral Peixoto, Rua Dr Celestino;;Letras;;"Ajuda combustível R$6,00
whatsapp 964824093";2018-03-13 01:37:05;2018-03-13 01:37:05;1,2,3,4,5;;;;2018-04-30 13:00:00
;Região dos Lagos;Cabo Frio;;;;;Polo Universitário;;Valor: R$10,00;2019-05-23 14:04:16;2019-05-23 14:20:04;1,3,4,5;2019-07-27;;2019-05-23 14:20:04;2019-07-25 07:30:00
;Zona Norte;São Cristóvão;;17ª DP;Linha Vermelha, Campo De São Cristóvão, Quinta Da Boa Vista, Metrô De São Cristóvão;;CT: Bloco A;;;2016-04-27 16:41:57;2017-04-19 11:59:25;3,5;;;2016-04-27 16:42:53;2016-05-25 17:00:00
;Ilha do Fundão;Incubadora;;Incubadora da COPPE;;;CT: Bloco D;;Carona pra Incubadora de Empresas da COPPE! E você ainda de quebra pode conhecer as empresas de lá!;2016-04-12 09:15:40;2017-04-19 11:59:25;2,4;;;;2016-05-10 13:00:00
;Ilha do Fundão;Incubadora;;Incubadora da COPPE;;;CT: Bloco D;;Carona pra Incubadora de Empresas da COPPE! E você ainda de quebra pode conhecer as empresas de lá!;2016-04-12 09:15:39;2017-04-19 11:59:25;2,4;2016-06-12;;;2016-04-12 13:00:00
;Grande Niterói;Icaraí Niterói;;;Pela Roberto Silveira;;Reitoria;;;2016-09-02 00:29:04;2017-04-19 11:59:25;1,2,3,4,5;;;;2016-10-31 07:30:00
;Grande Niterói;Icaraí;;Campo de São Bento;Av. Roberto Silveira, Marquês de Paraná;;CCS;;Saindo 6:20. Contribuição R$ 5;2016-07-21 23:54:10;2017-04-19 11:59:25;1,2,3,4,5;;;;2016-08-15 07:20:00
;Grande Niterói;Icaraí;;Campo de São Bento;Av. Roberto Silveira, Marquês de Paraná;;CCS;;Saindo 6:20. Contribuição R$ 5;2016-07-21 23:54:11;2017-04-19 11:59:25;1,2,3,4,5;;;;2016-11-02 07:20:00
;Zona Norte;São Cristóvão;;17ª DP;Linha Vermelha, Campo De São Cristóvão, Quinta Da Boa Vista;;Letras;;Posso deixar no metrô se quiserem.;2016-04-11 10:01:28;2017-04-19 11:59:25;1;;;2016-04-11 12:03:06;2016-05-16 17:00:00
;Grande Niterói;Fonseca - Niteroi ;;Alameda - Fonseca;;;CT: Bloco A;;;2016-05-05 13:46:53;2017-04-19 11:59:25;2,3,4,5;;;2016-05-05 17:17:23;2016-07-06 08:00:00
;Zona Norte;São Cristóvão;;Campo de Sao Cristóvão ;Rua S. Luiz Gonzaga, Linha Vermelha;;CT;;;2016-07-14 00:31:20;2017-04-19 11:59:25;;;;;2016-07-14 09:00:00
;Grande Niterói;Fonseca;;Wiseup;;;CT: Bloco H;;Ajuda com 5 reais. ;2017-04-10 18:24:17;2017-04-19 11:59:25;1,2,3;;;;2017-05-23 15:00:00
;Grande Niterói;Fonseca;;Alameda;22 DE NOVEMBRO, ALAMEDA;;Letras;;"WhatsApp 964824093
Ajuda para combustível R$6,00";2018-03-13 01:33:44;2018-03-13 01:33:44;1,3,5;;;;2018-04-13 07:30:00
;Grande Niterói;Fonseca;;;Linha Vermelha-Ponte-Alameda;;CT: Bloco H;;Sou motorista prudente. Contribuição de R$6;2017-03-15 05:37:28;2017-04-19 11:59:25;3,5;;;2017-03-15 13:39:16;2017-04-05 17:00:00
;Grande Niterói;Fonseca;;22 de novembro;Alameda São Boaventura;;Letras;;"- Sem cigarros durante a viagem por gentileza.

ZAP 964824093
R$6,00 de auxílio gasolina

Peço R$6,00 para ajuda no combustível.

ZAP 964824093";2017-09-08 17:38:20;2017-09-08 17:38:20;2,3,4,5;;;;2017-10-03 07:30:00
;Grande Niterói;Maria Paula;;moinho;alameda;;CCMN;;"
$4,00 por pessoa. Faço uma volta no moinho e pego a ponte. ";2016-04-27 21:24:01;2017-04-19 11:59:25;1,2,3,4,5;;;;2016-06-06 09:00:00
;Zona Norte;São Cristóvão;;Feira nordestina ;Ufrj , São Cristóvão ;;Letras;;Não fumo ;2016-09-25 23:11:03;2017-04-19 11:59:25;1,3,5;;;2016-09-30 16:04:36;2016-09-30 21:20:00
;Região Serrana;Petrópolis;;Rodoviária do Bingen, Petrópolis;Serra de Petrópolis;;Letras;;Não fumo.;2019-05-13 07:10:14;2019-05-13 07:10:14;;;;;2019-05-13 08:00:00
;Grande Niterói;Icaraí Niterói;;;Pela Roberto Silveira;;Reitoria;;;2016-09-02 00:29:04;2017-04-19 11:59:25;1,2,3,4,5;;;;2016-09-16 07:30:00
;Zona Norte;São Cristóvão;;17ª DP;Linha Vermelha, Campo De São Cristóvão, Quinta Da Boa Vista, Metrô De São Cristóvão;;CT: Bloco A;;;2016-04-27 16:41:57;2017-04-19 11:59:25;3,5;;;2016-04-27 16:42:43;2016-05-18 17:00:00
;Região dos Lagos;Cabo Frio;;;;;Polo Universitário;;Valor: R$10,00;2019-05-23 14:04:16;2019-05-23 14:10:42;1,3,4,5;2019-07-27;;2019-05-23 14:10:42;2019-06-05 07:30:00
;Baixada;Xerém;;Rua Senador Vergueiro;Marques De Abrantes, Pinheiro Machado, Sta Barbara, Presidente Vargas, Linha Vermelha;;CT: Bloco A;;"Não fumo, não o façam dentro do carro, por favor.
Contribuição R$4,00
Temperatura do ar condicionado 19ºC (quem for atrás, tem saída para vocês)
Qualquer coisa manda WhatsApp (21)981665652";2018-04-14 14:29:04;2018-04-14 14:29:04;3;;;;2018-06-06 12:00:00
;Região dos Lagos;Unamar;;Retão-Unamar;Amaral Peixoto - linha verde;;Polo Universitário;;"R$5,00 p/vaga
Chamem no wpp : 021 97219-3236";2019-03-13 22:29:13;2019-03-13 22:29:13;2,4;2019-07-14;;;2019-05-02 19:30:00
;Grande Niterói;Fonseca;;;Linha Vermelha-Ponte-Alameda;;CT: Bloco H;;Sou motorista prudente. Contribuição de R$6;2017-03-15 05:37:28;2017-04-19 11:59:25;3,5;;;2017-03-15 13:42:48;2017-04-21 17:00:00
;Região dos Lagos;Unamar;;Retão-Unamar;Amaral Peixoto - linha verde;;Polo Universitário;;"R$5,00 p/vaga
Chamem no wpp : 021 97219-3236";2019-03-13 22:29:13;2019-03-13 22:29:13;2,4;2019-07-14;;;2019-04-23 19:30:00
;Zona Oeste;Jacarepaguá ;;Praça seca - Vila Valqueire ;Linha Amarela-Piedade-Rua Goiás - Terminal De Cascadura- Tem Tudo - Assai Campinho- Mundial Praça Seca ;;CT;;;2016-04-29 19:52:03;2017-04-19 11:59:25;1,2,3,4,5;;;;2016-06-03 20:00:00
;Grande Niterói;Centro de Niterói;;Amaral Peixoto;Jansen de Melo, Amaral Peixoto, Rua Dr Celestino;;Letras;;"Ajuda combustível R$6,00
whatsapp 964824093";2018-03-13 01:37:05;2018-03-15 14:11:50;1,2,3,4,5;;;;2018-03-15 13:00:00
;Baixada;Xerém;;Rua Senador Vergueiro;Marques De Abrantes, Pinheiro Machado, Sta Barbara, Presidente Vargas, Linha Vermelha;;CT: Bloco A;;"Não fumo, não o façam dentro do carro, por favor.
Contribuição R$4,00
Temperatura do ar condicionado 19ºC (quem for atrás, tem saída para vocês)
Qualquer coisa manda WhatsApp (21)981665652";2018-04-14 14:29:04;2018-04-14 14:29:04;3;;;;2018-07-25 12:00:00
;Zona Norte;São Cristóvão;;;metrô de São Cristóvão, feira de tradições nordestinas..;;CT: Bloco A;;"R$2 pela carona para ajuda de custos.
CT -> Letras -> ponte do saber -> linha vermelha -> (podendo passar pela leopoldina ou) feira de São Cristóvão -> Quinta da boa vista -> metrô de São Cristóvão -> Quinta D'or";2016-05-02 14:15:00;2017-04-19 11:59:25;1,2;2016-07-02;;;2016-05-02 22:00:00
;Região dos Lagos;Unamar;;Retão-Unamar;Amaral Peixoto - linha verde;;Polo Universitário;;"R$5,00 p/vaga
Chamem no wpp : 021 97219-3236";2019-03-13 22:27:31;2019-03-13 22:27:31;3,4;2019-07-14;;;2019-06-06 13:30:00
;Grande Niterói;Centro de Niterói;;Amaral Peixoto;Jansen de Melo, Amaral Peixoto, Rua Dr Celestino;;Letras;;"Ajuda combustível R$6,00
whatsapp 964824093";2018-03-13 01:37:05;2018-03-13 01:37:05;1,2,3,4,5;;;;2018-03-16 13:00:00
;Zona Norte;São Cristóvão;;próximo ao estádio são Januário (Vasco);campo de São Cristóvão, rua General argolo, rua sao Januário;;CT: Bloco A;;;2016-04-12 14:11:51;2017-04-19 11:59:25;2,4;;;;2016-06-07 17:00:00
;Região dos Lagos;Cabo Frio;;;;;Polo Universitário;;Valor: R$10,00;2019-05-23 13:57:55;2019-05-23 14:16:50;1,2,3,4,5;2019-07-23;;2019-05-23 14:16:50;2019-06-25 16:00:00
;Região Serrana;Petrópolis;;;Bingen - Centro - Retiro;;CT: Bloco A;;;2016-04-15 10:02:37;2017-04-19 11:59:25;;;;2016-04-15 13:30:50;2016-04-15 13:00:00
;Zona Norte;São Cristóvão;;17ª DP;Quinta da Boa Vista, Feira de São Cristóvão, Linha Vermelha;;Letras;;;2017-09-27 17:15:34;2017-09-27 17:15:34;1,2,3,4,5;;;;2017-10-20 17:19:00
;Grande Niterói;Fonseca;;;Linha Vermelha-Ponte-Alameda;;CT: Bloco H;;Sou motorista prudente. Contribuição de R$6;2017-03-15 05:37:28;2017-04-19 11:59:25;3,5;;;2017-03-15 13:38:39;2017-03-31 17:00:00
;Grande Niterói;Icaraí-Niterói;;Campo de São Bento;Saindo da Otávio Carneiro, Lopes Trovão, pela Roberto Silveira até a ponte;;CCS;;"Saída às 6:25.
Não é permitido fumar no carro.
Contribuição de R$ 5,00.";2019-01-06 20:50:34;2019-01-06 21:11:38;1,2,3,4,5;2019-03-07;;2019-01-06 21:11:38;2019-01-31 07:15:00
;Zona Norte;São Cristóvão ;;;CT > Linha Vermelha > Feira de São Cristóvão > Largo da Cancela > próximo ao Estádio São Januário ;;CT: Bloco A;;;2016-04-13 10:24:33;2017-04-19 11:59:25;1,3;;;2016-04-13 10:25:48;2016-06-08 14:05:00
;Região dos Lagos;Cabo Frio;;Unamar;Amaral Peixoto;;Polo Universitário;;;2019-08-10 18:56:15;2019-08-10 18:56:15;1;2019-12-12;;;2019-09-09 13:30:00
;Zona Norte;São Cristóvão;;Campo de São Cristóvão;Linha Vermelha ;;CT: Bloco H;;;2016-04-20 09:31:08;2017-04-19 11:59:25;3;;;;2016-05-11 10:30:00
;Grande Niterói;Centro de Niterói;;Amaral Peixoto;Jansen de Melo, Amaral Peixoto, Rua Dr Celestino;;Letras;;"Ajuda combustível R$6,00
whatsapp 964824093";2018-03-13 01:37:05;2018-03-13 01:37:05;1,2,3,4,5;;;;2018-04-02 13:00:00
;Ilha do Fundão;UFRJ Fundão;;Linha Vermelha, Via Binário do Porto, Túnel Santa Bárbara, Aterro do Flamengo, Botafogo Praia Shopping;UFRJ DA PRAIA VERMELHA;;Praia Vermelha: Psicologia;;"💰Peço uma Contribuição no combustível de R$ 4.
Tb posso passar em outros prédios dentro do Fundão";2018-08-14 12:50:03;2018-08-14 12:50:42;;;;2018-08-14 12:50:42;2018-08-14 17:30:00
;Grande Niterói;Maricá;;;Niterói, Alameda;;Letras;;"Não fumo
Contribuição : R$5,00
Whatsapp: 021 999917714";2016-05-03 13:24:13;2017-04-19 11:59:25;;;;;2016-05-04 07:30:00
;Zona Norte;São Cristóvão;;17ª DP;Quinta da Boa Vista, Feira de São Cristóvão, Linha Vermelha;;Letras;;;2017-09-27 17:15:34;2017-09-27 17:15:34;1,2,3,4,5;;;;2017-10-24 17:19:00
;Região dos Lagos;Cabo Frio;;;;;Polo Universitário;;;2019-03-21 16:37:09;2019-03-21 16:37:09;;;;;2019-03-21 16:50:00
;Zona Norte;São Cristóvão;;Campo de Sao Cristóvão ;Rua S. Luiz Gonzaga, Linha Vermelha;;CT;;;2016-07-18 22:35:46;2017-04-19 11:59:25;;;;;2016-07-19 09:00:00
;Região dos Lagos;Unamar;;Retão-Unamar;Amaral Peixoto - linha verde;;Polo Universitário;;"R$5,00 p/vaga
Chamem no wpp : 021 97219-3236";2019-03-13 22:27:31;2019-03-13 22:27:31;3,4;2019-07-14;;;2019-06-27 13:30:00
;Grande Niterói;Icaraí Niterói;;;Pela Roberto Silveira;;Reitoria;;Quem puder dar uma ajudazinea será bem vinda :) ;2016-09-25 11:21:32;2017-04-19 11:59:25;1,3,4,5;;;;2016-10-10 13:00:00
;Grande Niterói;Icaraí Niterói;;;Pela Roberto Silveira;;Reitoria;;;2016-09-02 00:29:04;2017-04-19 11:59:25;1,2,3,4,5;;;;2016-10-20 07:30:00
;Zona Norte;São Cristóvão;;Campo do Vasco;Linha Vermelha, Cancela, Campo do vasco;;CT: Bloco H;;;2018-10-05 17:48:29;2018-10-05 17:48:29;1,2,3,4,5;;;;2018-11-06 18:00:00
;Baixada;Xerém;;Rua Senador Vergueiro;Marques De Abrantes, Pinheiro Machado, Sta Barbara, Presidente Vargas, Linha Vermelha;;CT: Bloco A;;"Não fumo, não o façam dentro do carro, por favor.
Contribuição R$4,00
Temperatura do ar condicionado 19ºC (quem for atrás, tem saída para vocês)
Qualquer coisa manda WhatsApp (21)981665652";2018-04-14 14:28:13;2018-04-14 14:28:13;1,5;;;;2018-06-01 14:00:00
;Zona Norte;São Cristóvão;;Esquina da Avenida exército com a rua Fonseca Teles (ponto do sinal);Colégio Brasileiro - Centro De Traduções Nordestinas - Linha Vermelha - Fundão ;;CCMN;;2 reais pra ajudar na gasolina :);2016-05-05 15:38:12;2017-04-19 11:59:25;;;;2016-05-05 15:59:38;2016-05-06 07:10:00
;Grande Niterói;Icaraí-Niterói;;Campo de São Bento;Saindo da Otávio Carneiro, Lopes Trovão, pela Roberto Silveira até a ponte;;CCS;;"Saída às 6:25.
Não é permitido fumar no carro.
Contribuição de R$ 5,00.";2019-01-06 20:50:34;2019-01-06 21:04:13;1,2,3,4,5;2019-03-07;;2019-01-06 21:04:13;2019-01-10 07:15:00
;Grande Niterói;Fonseca - Niteroi ;;Alameda - Fonseca;;;CT: Bloco A;;"Pedimos colaboração de 5 reais;
Entrar em contato por wpp 21 99575-7872
";2016-05-05 13:21:11;2017-04-19 11:59:25;2,4;;;2016-05-05 17:14:37;2016-06-23 17:00:00
;Grande Niterói;Icaraí Niterói;;;Pela Roberto Silveira;;Reitoria;;Quem puder dar uma ajudazinea será bem vinda :) ;2016-09-25 11:21:32;2017-04-19 11:59:25;1,3,4,5;;;;2016-11-04 13:00:00
;Zona Norte;São Cristóvão;;Campo de São Cristóvão;Linha Vermelha ;;CT: Bloco H;;;2016-04-25 13:06:57;2017-04-19 11:59:25;1;;;;2016-05-23 15:00:00
;Zona Norte;São Cristóvão;;Campo de São Cristóvão;Linha Vermelha ;;CT: Bloco H;;;2016-04-20 09:31:08;2017-04-19 11:59:25;3;;;;2016-05-25 10:30:00
;Grande Niterói;Fonseca - Niteroi ;;Alameda - Fonseca;;;CT: Bloco A;;"Saio do CT até a Alameda Boa Ventura, no Fonseca. Não aceitamos fumantes
Entrar em contato no wpp:
 21 99575-7872

Pedimos colaboração de 5 dinheiros ";2016-05-05 13:17:16;2017-04-19 11:59:25;2,4,5;;;2016-05-05 13:17:41;2016-05-06 14:00:00
;Zona Norte;São Cristóvão;;17ª DP;Linha Vermelha, Campo De São Cristóvão, Quinta Da Boa Vista, Metrô De São Cristóvão;;CT: Bloco H;;;2016-04-27 20:30:13;2017-04-19 11:59:25;4;;;;2016-06-02 09:20:00
;Zona Norte;São Cristóvão;;17ª DP;Linha Vermelha, Campo De São Cristóvão, Quinta Da Boa Vista, Metrô De São Cristóvão;;CT: Bloco A;;;2016-04-27 16:41:57;2017-04-19 11:59:25;3,5;;;2016-04-27 16:42:49;2016-05-20 17:00:00
;Zona Norte;São Cristóvão;;17ª DP;Quinta da Boa Vista, Feira de São Cristóvão, Linha Vermelha;;Letras;;;2017-09-27 17:15:34;2017-09-27 17:15:34;1,2,3,4,5;;;;2017-10-23 17:19:00
;Grande Niterói;Centro de Niterói;;Amaral Peixoto;Jansen de Melo, Amaral Peixoto, Rua Dr Celestino;;Letras;;"Ajuda combustível R$6,00
whatsapp 964824093";2018-03-13 01:37:05;2018-03-13 01:37:05;1,2,3,4,5;;;;2018-06-28 13:00:00
;Zona Oeste;Jacarepaguá ;;Praça seca - Vila Valqueire ;Linha Amarela-Piedade-Rua Goiás - Terminal De Cascadura- Tem Tudo - Assai Campinho- Mundial Praça Seca ;;CT;;;2016-04-29 19:52:04;2017-04-19 11:59:25;1,2,3,4,5;;;;2016-06-16 20:00:00
;Grande Niterói;Icaraí Niterói;;;Pela Roberto Silveira;;Reitoria;;;2016-09-02 00:29:04;2017-04-19 11:59:25;1,2,3,4,5;;;;2016-10-21 07:30:00
;Baixada;Xerém ;;Postinho de Saúde ;Santa Cruz da Serra, W. Luís, Caxias Shopping ;;CT;;Faço sempre o trajeto toda terça e quinta as 8h de Xerém ao CT;2016-04-14 01:03:21;2017-04-19 11:59:25;2,4;;;;2016-06-30 08:00:00
;Região dos Lagos;Cabo Frio;;;;;Polo Universitário;;Valor: R$10,00;2019-05-23 13:57:55;2019-05-23 14:14:47;1,2,3,4,5;2019-07-23;;2019-05-23 14:14:47;2019-06-06 16:00:00
;Grande Niterói;Fonseca;;22 de novembro;Alameda São Boaventura;;Letras;;"- Sem cigarros durante a viagem por gentileza.

ZAP 964824093
R$6,00 de auxílio gasolina

Peço R$6,00 para ajuda no combustível.

ZAP 964824093";2017-09-08 17:38:20;2017-09-08 17:38:20;2,3,4,5;;;;2017-10-12 07:30:00
;Região dos Lagos;Unamar;;Retão-Unamar;Amaral Peixoto - linha verde;;Polo Universitário;;"R$5,00 p/vaga
Chamem no wpp : 021 97219-3236";2019-03-13 22:26:51;2019-03-13 22:26:51;1,2;2019-07-18;;;2019-06-25 10:00:00
;Grande Niterói;Fonseca;;22 de novembro;Alameda São Boaventura;;Letras;;"- Sem cigarros durante a viagem por gentileza.

ZAP 964824093
R$6,00 de auxílio gasolina

Peço R$6,00 para ajuda no combustível.

ZAP 964824093";2017-09-08 17:38:20;2017-09-08 17:38:20;2,3,4,5;;;;2017-12-06 07:30:00
;Grande Niterói;Fonseca;;;;;CT;;"Ajuda com 5 reais.
";2017-04-10 18:23:07;2017-04-19 11:59:25;3;;;;2017-06-07 11:00:00
;Região dos Lagos;Cabo Frio;;;;;Polo Universitário;;Valor: R$10,00;2019-05-23 14:04:16;2019-05-23 14:10:56;1,3,4,5;2019-07-27;;2019-05-23 14:10:56;2019-05-30 07:30:00
;Grande Niterói;Fonseca;;Alameda;22 DE NOVEMBRO, ALAMEDA;;Letras;;"WhatsApp 964824093
Ajuda para combustível R$5,00";2018-08-25 05:09:22;2018-08-25 05:09:22;1,2,3,5;;;;2018-12-14 07:30:00
;Baixada;Nova Iguaçu - Santa Rita;;;Arco Metropolitano, Whashington luiz, Linha Vermelha;;CT;;"Saio de casa às 06:15, passo pela REDUC às 06:40. 
";2016-04-13 17:48:03;2017-04-19 11:59:25;;;;;2016-04-14 08:00:00
;Grande Niterói;Fonseca;;Alameda;22 DE NOVEMBRO, ALAMEDA;;Letras;;"WhatsApp 964824093
Ajuda para combustível R$6,00";2018-03-13 01:33:44;2018-05-03 09:04:32;1,3,5;;;;2018-03-21 07:30:00
;Região dos Lagos;Arraial do Cabo;;Figueira;Via Praia Seca, Bacaxá, São Gonçalo;;CT: Bloco D;;;2019-03-15 09:48:36;2019-03-15 09:48:36;5;2019-07-15;;;2019-06-21 21:45:00
;Grande Niterói;Icaraí Niterói;;;Rota: 7 de Setembro + Roberto Silveira;;Reitoria;;"Oie, vou quase todo dia esse horário. 
Peço só uma ajuda para a gasolina de 5 reais.";2018-03-26 23:28:05;2018-03-26 23:28:05;1,2,3,4;;;;2018-04-04 07:30:00
;Zona Norte;São Cristóvão;;Campo do Vasco;Linha Vermelha, Cancela, Campo do vasco;;CT: Bloco H;;;2018-10-05 17:48:29;2018-10-05 17:48:29;1,2,3,4,5;;;;2018-10-31 18:00:00
;Grande Niterói;Icaraí Niterói;;;Pela Roberto Silveira;;Reitoria;;;2016-09-02 00:29:04;2017-04-19 11:59:25;1,2,3,4,5;;;;2016-09-12 07:30:00
;Zona Norte;São Cristóvão;;Campo de São Cristóvão;Campo de São Cristóvão;;CT;;;2016-04-20 09:30:34;2017-04-19 11:59:25;1,2,3,4,5;;;;2016-05-16 07:50:00
;Grande Niterói;Fonseca;;;;;CT;;"Ajuda com 5 reais.
";2017-04-10 18:23:07;2017-04-19 11:59:25;3;;;;2017-04-26 11:00:00
;Região dos Lagos;Unamar;;Retão-Unamar;Amaral Peixoto - linha verde;;Polo Universitário;;"R$5,00 p/vaga
Chamem no wpp : 021 97219-3236";2019-03-13 22:29:14;2019-03-13 22:29:14;2,4;2019-07-14;;;2019-07-02 19:30:00
;Ilha do Fundão;UFRJ FUNDÃO;;Linha Vermelha, Via Binário do Porto, Túnel Santa Bárbara, Laranjeiras, Aterro do Flamengo, Botafogo Praia Shopping;UFRJ DA PRAIA VERMELHA;;Praia Vermelha;;"💰Peço uma Contribuição no combustível de R$ 4.
Tb posso passar em outros prédios dentro do Fundão.
Carro com ar condicionado.";2018-08-30 12:40:05;2018-08-30 12:40:05;;;;;2018-08-30 17:40:00
;Zona Norte;São Cristóvão;;Largo da Cancela;Rua S. Luiz Gonzaga, Linha Vermelha;;CT;;;2016-05-16 23:54:25;2017-04-19 11:59:25;;;;;2016-05-17 09:30:00
;Grande Niterói;Icaraí Niterói;;;Pela Roberto Silveira;;Reitoria;;Quem puder dar uma ajudazinea será bem vinda :) ;2016-09-25 11:21:32;2017-04-19 11:59:25;1,3,4,5;;;;2016-11-17 13:00:00
;Grande Niterói;Icaraí Niterói;;;Rota: 7 de Setembro + Roberto Silveira;;Reitoria;;"Oie, vou quase todo dia esse horário. 
Peço só uma ajuda para a gasolina de 5 reais.";2018-03-26 23:28:05;2018-03-26 23:28:05;1,2,3,4;;;;2018-04-17 07:30:00
;Grande Niterói;Fonseca;;22 de novembro;Alameda São Boaventura;;Letras;;"- Sem cigarros durante a viagem por gentileza.

ZAP 964824093
R$6,00 de auxílio gasolina

Peço R$6,00 para ajuda no combustível.

ZAP 964824093";2017-09-08 17:38:20;2017-09-08 17:38:20;2,3,4,5;;;;2017-09-26 07:30:00
;Zona Norte;São Cristóvão;;;metrô de São Cristóvão, feira de tradições nordestinas..;;CT: Bloco A;;"R$2 pela carona para ajuda de custos.
CT -> Letras -> ponte do saber -> linha vermelha -> (podendo passar pela leopoldina ou) feira de São Cristóvão -> Quinta da boa vista -> metrô de São Cristóvão -> Quinta D'or";2016-05-02 14:15:01;2017-04-19 11:59:25;1,2;;;;2016-06-14 22:00:00
;Zona Norte;São Cristóvão;;17ª DP;Quinta da Boa Vista, Feira de São Cristóvão, Linha Vermelha;;Letras;;;2017-09-27 17:15:34;2017-09-27 17:15:34;1,2,3,4,5;;;;2017-11-22 17:19:00
;Região Serrana;Petrópolis;;Rodoviária;Mosela e Bingen;;CT;;;2016-05-07 11:40:38;2017-04-19 11:59:25;;;;;2016-05-09 07:45:00
;Baixada;Xerém ;;Postinho de Saúde ;Santa Cruz da Serra, W. Luís, Caxias Shopping ;;CT;;Faço sempre o trajeto toda terça e quinta as 8h de Xerém ao CT;2016-04-14 01:03:21;2017-04-19 11:59:25;2,4;;;;2016-08-18 08:00:00
;Zona Norte;São Cristóvão;;17ª DP;Quinta da Boa Vista, Feira de São Cristóvão, Linha Vermelha;;Letras;;;2017-09-27 17:15:34;2017-09-27 17:15:34;1,2,3,4,5;;;;2017-11-08 17:19:00
;Zona Norte;São Cristóvão;;próximo ao estádio são Januário (Vasco);campo de São Cristóvão, rua General argolo, rua sao Januário;;CT: Bloco A;;;2016-04-12 14:11:51;2017-04-19 11:59:25;2,4;;;2016-07-05 14:19:27;2016-08-11 17:00:00
;Grande Niterói;Icaraí Niterói;;;Rota: 7 de Setembro + Roberto Silveira;;Reitoria;;"Oie, vou quase todo dia esse horário. 
Peço só uma ajuda para a gasolina de 5 reais.";2018-03-26 23:28:05;2018-03-26 23:28:05;1,2,3,4;;;;2018-04-09 07:30:00
;Grande Niterói;Fonseca - Niteroi ;;Alameda - Fonseca;;;CT: Bloco A;;"Pedimos colaboração de 5 reais;
Entrar em contato por wpp 21 99575-7872
";2016-05-05 13:21:11;2017-04-19 11:59:25;2,4;;;2016-05-05 17:14:16;2016-06-02 17:00:00
;Zona Oeste;Jacarepaguá ;;Praça seca - Vila Valqueire ;Linha Amarela-Piedade-Rua Goiás - Terminal De Cascadura- Tem Tudo - Assai Campinho- Mundial Praça Seca ;;CT;;;2016-04-29 19:52:03;2017-04-19 11:59:25;1,2,3,4,5;;;;2016-05-16 20:00:00
;Região Serrana;Petrópolis;;;;;EEFD;;Cobro $10 pra ajudar no pedágio;2019-10-15 22:34:40;2019-10-15 22:34:40;;;;;2019-10-16 16:30:00
;Grande Niterói;Fonseca;;;;;CT;;Ajuda com 5 reais;2017-04-10 18:22:36;2017-04-19 11:59:25;2,4;;;;2017-05-09 08:30:00
;Grande Niterói;Fonseca;;22 de novembro;Alameda São Boaventura;;Letras;;"- Sem cigarros durante a viagem por gentileza.

ZAP 964824093
R$6,00 de auxílio gasolina

Peço R$6,00 para ajuda no combustível.

ZAP 964824093";2017-09-08 17:38:20;2017-09-08 17:38:20;2,3,4,5;;;;2017-11-02 07:30:00
;Grande Niterói;Fonseca;;Wiseup;;;CT: Bloco H;;Ajuda com 5 reais. ;2017-04-10 18:24:17;2017-04-19 11:59:25;1,2,3;;;;2017-05-03 15:00:00
;Zona Norte;São Cristóvão;;quinta D'or;;;CT;;;2016-04-12 10:36:11;2017-04-19 11:59:25;;;;;2016-04-12 14:00:00
;Grande Niterói;Fonseca;;Alameda;22 DE NOVEMBRO, ALAMEDA;;Letras;;"WhatsApp 964824093
Ajuda para combustível R$5,00";2018-08-25 05:09:22;2018-08-25 05:09:22;1,2,3,5;;;;2018-10-08 07:30:00
;Grande Niterói;Icaraí;;Campo de São Bento;Av. Roberto Silveira, Marquês de Paraná;;CCS;;Saindo 6:20. Contribuição R$ 5;2016-07-21 23:54:11;2017-04-19 11:59:25;1,2,3,4,5;;;;2016-09-13 07:20:00
;Região Serrana;Petrópolis;;Universidade Estácio da Bingen.;;;CT: Bloco A;;;2018-04-03 15:57:02;2018-04-03 15:57:02;1,3;;;;2018-04-11 16:20:00
;Grande Niterói;Icaraí Niterói;;;Rota: 7 de Setembro + Roberto Silveira;;Reitoria;;"Oie, vou quase todo dia esse horário. 
Peço só uma ajuda para a gasolina de 5 reais.";2018-03-26 23:28:05;2018-03-26 23:28:05;1,2,3,4;;;;2018-05-22 07:30:00
;Grande Niterói;Icaraí;;Campo de São Bento;Av. Roberto Silveira, Marquês de Paraná;;CCS;;;2016-10-25 00:30:57;2017-04-19 11:59:25;1,2,3,4,5;;;;2016-12-16 08:00:00
;Zona Norte;São Cristóvão;;17ª DP;Linha Vermelha, Campo De São Cristóvão, Quinta Da Boa Vista, Metrô De São Cristóvão;;CT: Bloco A;;;2016-04-27 16:41:57;2017-04-19 11:59:25;3,5;;;2016-04-27 16:43:48;2016-06-17 17:00:00
;Zona Norte;São Cristóvão;;Largo da Cancela;Rua S. Luiz Gonzaga, Linha Vermelha;;CT;;;2016-05-05 22:22:17;2017-04-19 11:59:25;;;;;2016-05-06 09:30:00
;Zona Oeste;Praça Seca;;Rua Pinto Teles;Rua Cândido Benício, Rua Goiás, Cascadura, Linha Amarela;;CCS: Frente;;5 R$ de contribuição. Deixo em outros prédios;2018-10-28 23:49:58;2018-10-28 23:50:13;;;;2018-10-28 23:50:13;2018-10-29 00:00:00
;Grande Niterói;Fonseca;;22 de novembro;Alameda São Boaventura;;Letras;;"- Sem cigarros durante a viagem por gentileza.

ZAP 964824093
R$6,00 de auxílio gasolina

Peço R$6,00 para ajuda no combustível.

ZAP 964824093";2017-09-08 17:38:20;2017-09-08 17:38:20;2,3,4,5;;;;2017-09-22 07:30:00
;Grande Niterói;Maria Paula;;moinho;alameda;;CCMN;;"
$4,00 por pessoa. Faço uma volta no moinho e pego a ponte. ";2016-04-27 21:24:01;2017-04-19 11:59:25;1,2,3,4,5;;;;2016-06-15 09:00:00
;Zona Norte;São Cristóvão;;17ª DP;Linha Vermelha, Campo De São Cristóvão, Quinta Da Boa Vista, Metrô De São Cristóvão;;Letras;;;2016-05-09 09:57:37;2017-04-19 11:59:25;;;;;2016-05-09 13:00:00
;Grande Niterói;Fonseca - Niteroi ;;Alameda - Fonseca;;;CT: Bloco A;;;2016-05-05 13:46:53;2017-04-19 11:59:25;2,3,4,5;;;2016-05-05 17:15:17;2016-05-20 08:00:00
;Grande Niterói;Maria Paula;;moinho;alameda;;CCMN;;"
$4,00 por pessoa. Faço uma volta no moinho e pego a ponte. ";2016-04-27 21:24:00;2017-04-19 11:59:25;1,2,3,4,5;;;2016-05-09 08:30:10;2016-05-24 09:00:00
;Grande Niterói;Fonseca;;22 de novembro;Alameda São Boaventura;;Letras;;"- Sem cigarros durante a viagem por gentileza.

ZAP 964824093
R$6,00 de auxílio gasolina

Peço R$6,00 para ajuda no combustível.

ZAP 964824093";2017-09-08 17:38:20;2017-09-08 17:38:20;2,3,4,5;;;;2017-10-05 07:30:00
;Grande Niterói;Fonseca;;;Linha Vermelha-Ponte-Alameda;;CT: Bloco H;;"Sou motorista prudente. 
Colaboração de R$6.
";2017-03-15 13:47:06;2017-04-19 11:59:25;3,5;;;;2017-05-03 15:00:00
;Zona Norte;São Cristóvão;;;metrô de São Cristóvão, feira de tradições nordestinas..;;CT: Bloco A;;;2016-04-12 10:37:13;2017-04-19 11:59:25;;;;;2016-04-12 22:00:00
;Grande Niterói;Icaraí Niterói;;;Pela Roberto Silveira;;Reitoria;;;2016-09-02 00:29:04;2017-04-19 11:59:25;1,2,3,4,5;;;;2016-09-13 07:30:00
;Região dos Lagos;Arraial do Cabo;;Figueira;Via Praia Seca, Bacaxá, São Gonçalo;;CT;;;2019-03-15 07:47:14;2019-03-15 07:47:14;4;2019-05-15;;;2019-04-25 15:00:00
;Zona Norte;São Cristóvão;;;;;CT;;"R$2 pela carona para ajuda de custos.
";2016-05-17 11:00:29;2017-04-19 11:59:25;;;;;2016-05-17 15:00:00
;Zona Norte;São Cristóvão ;;;;;CT: Bloco A;;;2016-09-21 15:43:16;2017-04-19 11:59:25;;;;;2016-09-21 17:10:00
;Grande Niterói;Fonseca - Niteroi ;;Alameda - Fonseca;;;CT: Bloco A;;;2016-05-05 13:46:53;2017-04-19 11:59:25;2,3,4,5;;;2016-05-05 17:15:52;2016-06-08 08:00:00
;Grande Niterói;Fonseca - Niteroi ;;Alameda - Fonseca;;;CT: Bloco A;;"Saio do CT até a Alameda Boa Ventura, no Fonseca. Não aceitamos fumantes
Entrar em contato no wpp:
 21 99575-7872

Pedimos colaboração de 5 dinheiros ";2016-05-05 13:17:17;2017-04-19 11:59:25;2,4,5;;;2016-05-05 13:19:29;2016-06-28 14:00:00
;Zona Oeste;Praça Seca;;Rua Pinto Teles;Rua Cândido Benício, Rua Goiás, Cascadura, Linha Amarela;;Letras;;5 R$ de contribuição. Deixo em outros prédios;2018-10-08 11:22:50;2018-10-08 11:22:50;;;;;2018-10-08 14:00:00
;Grande Niterói;Fonseca;;22 de novembro;Alameda São Boaventura;;Letras;;"- Sem cigarros durante a viagem por gentileza.

ZAP 964824093
R$6,00 de auxílio gasolina

Peço R$6,00 para ajuda no combustível.

ZAP 964824093";2017-09-08 17:38:20;2017-09-08 17:38:20;2,3,4,5;;;;2017-11-07 07:30:00
;Grande Niterói;Santa Rosa - Niterói ;;Noronha Torrezão;Alameda, 22 de Novembro, Noronha Torrezão;;CCMN: Frente;;As contribuições não são obrigatórias, mas bem-vindas. Não desvio minha rota pelo Centro.;2016-06-21 12:23:11;2017-04-19 11:59:25;2,4;;;;2016-07-12 15:00:00
;Grande Niterói;Fonseca;;22 de novembro;Alameda São Boaventura;;Letras;;"- Sem cigarros durante a viagem por gentileza.

ZAP 964824093
R$6,00 de auxílio gasolina

Peço R$6,00 para ajuda no combustível.

ZAP 964824093";2017-09-08 17:38:20;2017-09-08 17:38:20;2,3,4,5;;;;2017-09-13 07:30:00
;Grande Niterói;Fonseca;;Alameda;22 DE NOVEMBRO, ALAMEDA;;Letras;;"WhatsApp 964824093
Ajuda para combustível R$5,00";2018-08-25 05:09:22;2018-08-25 05:09:22;1,2,3,5;;;;2018-10-22 07:30:00
;Zona Norte;São Cristóvão;;17ª DP;Linha Vermelha, Campo De São Cristóvão, Quinta Da Boa Vista, Metrô De São Cristóvão;;Letras;;;2016-04-27 16:44:21;2017-04-19 11:59:25;3,5;;;2016-04-27 16:45:53;2016-06-22 17:00:00
;Grande Niterói;Icaraí Niterói;;;Pela Roberto Silveira;;Reitoria;;;2016-09-02 00:29:04;2017-04-19 11:59:25;1,2,3,4,5;2016-11-02;;;2016-09-02 07:30:00
;Região dos Lagos;Unamar;;Retão-Unamar;Amaral Peixoto - linha verde;;Polo Universitário;;"R$5,00 p/vaga
Chamem no wpp : 021 97219-3236";2019-03-13 22:26:51;2019-03-13 22:26:51;1,2;2019-07-18;;;2019-06-11 10:00:00
;Grande Niterói;Fonseca;;Wiseup;;;CT: Bloco H;;Ajuda com 5 reais. ;2017-04-10 18:24:17;2017-04-19 11:59:25;1,2,3;;;;2017-05-15 15:00:00
;Grande Niterói;Fonseca;;Alameda;22 DE NOVEMBRO, ALAMEDA;;Letras;;"WhatsApp 964824093
Ajuda para combustível R$6,00";2018-03-13 01:33:44;2018-03-13 01:33:44;1,3,5;;;;2018-05-14 07:30:00
;Grande Niterói;Fonseca;;Alameda;22 DE NOVEMBRO, ALAMEDA;;Letras;;"WhatsApp 964824093
Ajuda para combustível R$5,00";2018-08-25 05:09:22;2018-08-25 05:09:22;1,2,3,5;;;;2018-12-03 07:30:00
;Grande Niterói;Icaraí Niterói;;;Pela Roberto Silveira;;Reitoria;;;2016-09-02 00:29:04;2017-04-19 11:59:25;1,2,3,4,5;;;;2016-10-25 07:30:00
;Zona Oeste;Jacarepaguá ;;Praça seca - Vila Valqueire ;Linha Amarela-Piedade-Rua Goiás - Terminal De Cascadura- Tem Tudo - Assai Campinho- Mundial Praça Seca ;;CT;;;2016-04-29 19:52:04;2017-04-19 11:59:25;1,2,3,4,5;;;;2016-07-04 20:00:00
;Região Serrana;Petrópolis;;;Bingen - Centro - Retiro;;CT: Bloco A;;;2016-04-15 13:32:33;2017-04-19 11:59:25;;;;2016-04-15 13:33:02;2016-04-15 16:00:00
;Zona Norte;São Cristóvão;;17ª DP;Linha Vermelha, Campo De São Cristóvão, Quinta Da Boa Vista, Metrô De São Cristóvão;;CT: Bloco A;;;2016-04-27 16:41:57;2017-04-19 11:59:25;3,5;;;2016-04-27 16:43:02;2016-06-01 17:00:00
;Grande Niterói;Fonseca;;Alameda;22 DE NOVEMBRO, ALAMEDA;;Letras;;"WhatsApp 964824093
Ajuda para combustível R$5,00";2018-08-25 05:09:22;2018-08-25 05:09:22;1,2,3,5;;;;2018-10-05 07:30:00
;Grande Niterói;Icaraí;;Campo de São Bento;Av. Roberto Silveira, Marquês de Paraná;;CCS;;;2016-10-25 00:30:57;2017-04-19 11:59:25;1,2,3,4,5;;;;2016-12-01 08:00:00
;Zona Norte;São Cristóvão;;Museu Nacional;L. vermelha, São Cristóvão, Museu Nacional;;CCMN: Fundos;;;2016-04-28 10:15:27;2017-04-19 11:59:25;3;;;;2016-05-18 15:00:00
;Zona Norte;São Cristóvão;;17ª DP;Linha Vermelha, Campo De São Cristóvão, Quinta Da Boa Vista, Metrô De São Cristóvão;;CT: Bloco A;;;2016-04-27 16:41:57;2017-04-19 11:59:25;3,5;;;2016-04-27 16:42:40;2016-05-13 17:00:00
;Baixada;Xerém;;Rua Senador Vergueiro;Marques De Abrantes, Pinheiro Machado, Sta Barbara, Presidente Vargas, Linha Vermelha;;CT: Bloco A;;"Não fumo, não o façam dentro do carro, por favor.
Contribuição R$4,00
Temperatura do ar condicionado 19ºC (quem for atrás, tem saída para vocês)
Qualquer coisa manda WhatsApp (21)981665652";2018-04-14 14:28:13;2018-04-14 14:28:13;1,5;;;;2018-05-11 14:00:00
;Grande Niterói;Icaraí Niterói;;;Pela Gavião Peixoto ;;Reitoria;;;2016-04-15 07:41:23;2017-04-19 11:59:25;1,2,3,4,5;;;2016-04-15 07:42:16;2016-04-18 13:30:00
;Centro;bairro de Fátima;;Bairro de Fátima;Linha Vermelha, Cidade Nova e Bairro de Fátima;;Letras;;;2017-03-15 12:39:44;2017-04-19 11:59:25;2,4;;;;2017-05-16 21:45:00
;Grande Niterói;Fonseca - Niteroi ;;Alameda - Fonseca;;;CT: Bloco A;;"Pedimos colaboração de 5 reais;
Entrar em contato por wpp 21 99575-7872
";2016-05-05 13:21:11;2017-04-19 11:59:25;2,4;;;2016-05-05 17:14:02;2016-05-19 17:00:00
;Grande Niterói;Fonseca;;;;;CT;;Ajuda com 5 reais;2017-04-10 18:22:36;2017-04-19 11:59:25;2,4;;;;2017-05-04 08:30:00
;Zona Oeste;Jacarepaguá ;;Praça seca - Vila Valqueire ;Linha Amarela-Piedade-Rua Goiás - Terminal De Cascadura- Tem Tudo - Assai Campinho- Mundial Praça Seca ;;CT;;;2016-04-29 19:52:04;2017-04-19 11:59:25;1,2,3,4,5;;;;2016-06-22 20:00:00
;Zona Norte;São Cristóvão;;17ª DP;Linha Vermelha, Campo De São Cristóvão, Quinta Da Boa Vista, Metrô De São Cristóvão;;CT: Bloco H;;;2016-10-06 16:29:48;2017-04-19 11:59:25;4;;;;2016-10-27 17:00:00
;Zona Norte;São Cristóvão;;17ª DP;Linha Vermelha, Campo De São Cristóvão, Quinta Da Boa Vista, Metrô De São Cristóvão;;CT: Bloco H;;;2016-04-27 16:46:22;2017-04-19 11:59:25;3,5;;;;2016-05-18 17:00:00
;Grande Niterói;Icaraí;;Campo de São Bento;Av. Roberto Silveira, Marquês de Paraná;;CCS;;Saindo 6:20. Contribuição R$ 5;2016-07-21 23:54:10;2017-04-19 11:59:25;1,2,3,4,5;;;;2016-07-28 07:20:00
;Zona Norte;São Cristóvão ;;;CT > Linha Vermelha > Feira de São Cristóvão > Largo da Cancela > próximo ao Estádio São Januário ;;CT: Bloco A;;;2016-04-13 10:24:33;2017-04-19 11:59:25;1,3;;;2016-04-13 10:26:20;2016-05-09 14:05:00
;Zona Norte;São Cristóvão;;Feira nordestina ;Ufrj , São Cristóvão ;;Letras;;Não fumo ;2016-09-25 23:11:03;2017-04-19 11:59:25;1,3,5;;;;2016-10-10 21:20:00
;Grande Niterói;Fonseca - Niteroi ;;Alameda - Fonseca;;;CT: Bloco A;;;2016-05-05 13:46:53;2017-04-19 11:59:25;2,3,4,5;;;2016-05-05 17:15:10;2016-05-18 08:00:00
;Grande Niterói;Fonseca;;Alameda;22 DE NOVEMBRO, ALAMEDA;;Letras;;"WhatsApp 964824093
Ajuda para combustível R$6,00";2018-03-13 01:33:44;2018-03-13 01:33:44;1,3,5;;;;2018-03-26 07:30:00
;Zona Norte;São Cristóvão;;Campo do Vasco;Linha Vermelha, Cancela, Campo do vasco;;CT: Bloco H;;;2018-10-05 17:48:29;2018-10-05 17:48:29;1,2,3,4,5;;;;2018-10-29 18:00:00
;Grande Niterói;Icaraí Niterói;;;Pela Gavião Peixoto ;;Reitoria;;;2016-04-15 07:41:23;2017-04-19 11:59:25;1,2,3,4,5;;;2016-04-15 07:44:05;2016-05-19 13:30:00
;Baixada;XERÉM ;;Bloco H;;;CCMN: Frente;;;2016-09-09 18:16:08;2017-04-19 11:59:25;3;;;;2016-09-28 12:00:00
;Zona Norte;São Cristóvão;;Campo de São Cristóvão;Linha Vermelha ;;CT: Bloco H;;;2016-04-25 13:06:57;2017-04-19 11:59:25;1;;;;2016-06-06 15:00:00
;Grande Niterói;Fonseca;;22 de novembro;Alameda São Boaventura;;Letras;;"- Sem cigarros durante a viagem por gentileza.

ZAP 964824093
R$6,00 de auxílio gasolina

Peço R$6,00 para ajuda no combustível.

ZAP 964824093";2017-09-08 17:38:20;2017-09-08 17:38:20;2,3,4,5;;;;2017-11-15 07:30:00
;Grande Niterói;Centro de Niterói;;Amaral Peixoto;Jansen de Melo, Amaral Peixoto, Rua Dr Celestino;;Letras;;"Ajuda combustível R$6,00
whatsapp 964824093";2018-03-13 01:37:05;2018-03-13 01:37:05;1,2,3,4,5;;;;2018-05-31 13:00:00
;Zona Norte;São Cristóvão;;Feira nordestina ;Ufrj , São Cristóvão ;;Letras;;Não fumo ;2016-09-25 23:11:03;2017-04-19 11:59:25;1,3,5;;;;2016-10-12 21:20:00
;Grande Niterói;Icaraí Niterói;;;Rota: 7 de Setembro + Roberto Silveira;;Reitoria;;"Oie, vou quase todo dia esse horário. 
Peço só uma ajuda para a gasolina de 5 reais.";2018-03-26 23:28:05;2018-03-26 23:28:05;1,2,3,4;2018-05-27;;;2018-03-27 07:30:00
;Zona Norte;São Cristóvão;;17ª DP;Linha Vermelha, Campo De São Cristóvão, Quinta Da Boa Vista, Metrô De São Cristóvão;;Letras;;;2016-04-27 16:44:21;2017-04-19 11:59:25;3,5;;;2016-04-27 16:44:57;2016-05-20 17:00:00
;Grande Niterói;Icaraí Niterói;;;Pela Gavião Peixoto ;;Reitoria;;;2016-04-15 07:41:23;2017-04-19 11:59:25;1,2,3,4,5;;;2016-04-15 07:42:34;2016-04-25 13:30:00
;Zona Oeste;Jacarepaguá ;;Praça seca - Vila Valqueire ;Linha Amarela-Piedade-Rua Goiás - Terminal De Cascadura- Tem Tudo - Assai Campinho- Mundial Praça Seca ;;CT;;;2016-04-29 19:52:04;2017-04-19 11:59:25;1,2,3,4,5;;;;2016-06-15 20:00:00
;Grande Niterói;Niterói - Icaraí;;;Indo pela Gavião Peixoto até a Marize Barros;;Reitoria;;Peço 6 Reais para ajudar no Combustível;2016-07-05 15:14:41;2017-04-19 11:59:25;;;;;2016-07-05 16:30:00
;Zona Norte;São Cristóvão;;Rua São Cristóvão;Rua Euclides da Cunha - Rua Fonseca Teles - Campo de São Cristóvão - Linha Vermelha;;CT;;"Posso mudar a rota e ir pela Avenida do Exército
Contribuição de R$4,00 para o combustível";2018-08-05 14:45:22;2018-08-05 14:45:22;;;;;2018-08-06 09:00:00
;Região dos Lagos;Arraial do Cabo;;Figueira;Via Praia Seca, Bacaxá, São Gonçalo;;CT: Bloco D;;;2019-03-15 09:48:36;2019-03-15 09:48:36;5;2019-07-15;;;2019-04-05 21:45:00
;Grande Niterói;Icaraí-Niterói;;Campo de São Bento;Saindo da Otávio Carneiro, Lopes Trovão, pela Roberto Silveira até a ponte;;CCS;;"Saída às 6:25.
Não é permitido fumar no carro.
Contribuição de R$ 5,00.";2019-01-06 20:50:34;2019-01-06 21:12:33;1,2,3,4,5;2019-03-07;;2019-01-06 21:12:33;2019-02-06 07:15:00
;Grande Niterói;Fonseca;;Wiseup;;;CT: Bloco H;;Ajuda com 5 reais. ;2017-04-10 18:24:17;2017-04-19 11:59:25;1,2,3;;;;2017-05-24 15:00:00
;Região dos Lagos;Cabo Frio;;;;;Polo Universitário;;Valor: R$10,00;2019-05-23 13:57:55;2019-05-23 14:17:04;1,2,3,4,5;2019-07-23;;2019-05-23 14:17:04;2019-06-26 16:00:00
;Baixada;Xerém ;;Postinho de Saúde ;Santa Cruz da Serra, W. Luís, Caxias Shopping ;;CT;;Faço sempre o trajeto toda terça e quinta as 8h de Xerém ao CT;2016-04-14 01:03:21;2017-04-19 11:59:25;2,4;;;;2016-05-05 08:00:00
;Baixada;Xerém;;Rua Senador Vergueiro;Marques De Abrantes, Pinheiro Machado, Sta Barbara, Presidente Vargas, Linha Vermelha;;CT: Bloco A;;"Não fumo, não o façam dentro do carro, por favor.
Contribuição R$4,00
Temperatura do ar condicionado 19ºC (quem for atrás, tem saída para vocês)
Qualquer coisa manda WhatsApp (21)981665652";2018-04-14 14:29:04;2018-04-14 14:29:04;3;;;;2018-06-27 12:00:00
;Região dos Lagos;Unamar;;Retão-Unamar;Amaral Peixoto - linha verde;;Polo Universitário;;"R$5,00 p/vaga
Chamem no wpp : 021 97219-3236";2019-03-13 22:26:51;2019-03-13 22:26:51;1,2;2019-07-18;;;2019-07-01 10:00:00
;Zona Oeste;Jacarepaguá ;;Praça seca - Vila Valqueire ;Linha Amarela-Piedade-Rua Goiás - Terminal De Cascadura- Tem Tudo - Assai Campinho- Mundial Praça Seca ;;CT;;;2016-04-29 19:52:04;2017-04-19 11:59:25;1,2,3,4,5;;;;2016-06-21 20:00:00
;Região dos Lagos;Unamar;;Retão-Unamar;Amaral Peixoto - linha verde;;Polo Universitário;;"R$5,00 p/vaga
Chamem no wpp : 021 97219-3236";2019-03-13 22:29:14;2019-03-13 22:29:14;2,4;2019-07-14;;;2019-07-09 19:30:00
;Grande Niterói;Fonseca;;Wiseup;;;CT: Bloco H;;Ajuda com 5 reais. ;2017-04-10 18:24:17;2017-04-19 11:59:25;1,2,3;;;;2017-04-12 15:00:00
;Região dos Lagos;Arraial do Cabo;;Figueira;Via Praia Seca, Bacaxá, São Gonçalo;;CT: Bloco D;;;2019-03-15 09:48:36;2019-03-15 09:48:36;5;2019-07-15;;;2019-06-28 21:45:00
;Grande Niterói;Icaraí Niterói;;;Pela Gavião Peixoto ;;Reitoria;;;2016-04-15 07:41:23;2017-04-19 11:59:25;1,2,3,4,5;;;2016-04-15 07:45:21;2016-05-23 13:30:00
;Grande Niterói;Icaraí-Niterói;;Campo de São Bento;Saindo da Otávio Carneiro, Lopes Trovão, pela Roberto Silveira até a ponte;;CCS;;"Saída às 6:25.
Não é permitido fumar no carro.
Contribuição de R$ 5,00.";2019-01-06 20:50:34;2019-01-06 21:13:13;1,2,3,4,5;2019-03-07;;2019-01-06 21:13:13;2019-02-14 07:15:00
;Grande Niterói;Icaraí Niterói;;;Pela Roberto Silveira;;Reitoria;;;2016-09-02 00:29:04;2017-04-19 11:59:25;1,2,3,4,5;;;;2016-10-04 07:30:00
;Grande Niterói;Fonseca;;22 de novembro;Alameda São Boaventura;;Letras;;"- Sem cigarros durante a viagem por gentileza.

ZAP 964824093
R$6,00 de auxílio gasolina

Peço R$6,00 para ajuda no combustível.

ZAP 964824093";2017-09-08 17:38:20;2017-09-08 17:38:20;2,3,4,5;;;;2017-11-14 07:30:00
;Grande Niterói;Icaraí Niterói;;;Pela Roberto Silveira;;Reitoria;;;2016-09-02 00:29:04;2017-04-19 11:59:25;1,2,3,4,5;;;;2016-10-19 07:30:00
;Grande Niterói;Icaraí;;Campo de São Bento;Av. Roberto Silveira, Marquês de Paraná;;CCS;;;2016-10-25 00:30:57;2017-04-19 11:59:25;1,2,3,4,5;;;;2016-11-30 08:00:00
;Grande Niterói;Icaraí Niterói;;;Pela Roberto Silveira;;Reitoria;;Quem puder dar uma ajudazinea será bem vinda :) ;2016-09-25 11:21:32;2017-04-19 11:59:25;1,3,4,5;;;;2016-11-09 13:00:00
;Grande Niterói;Fonseca;;Alameda;22 DE NOVEMBRO, ALAMEDA;;Letras;;"WhatsApp 964824093
Ajuda para combustível R$6,00";2018-03-13 01:33:44;2018-03-13 01:33:44;1,3,5;;;;2018-05-23 07:30:00
;Zona Norte;São Cristóvão;;17ª DP;Linha Vermelha, Campo De São Cristóvão, Quinta Da Boa Vista, Metrô De São Cristóvão;;CT: Bloco H;;;2016-10-06 16:29:48;2017-04-19 11:59:25;4;;;;2017-01-19 17:00:00
;Grande Niterói;Fonseca;;Alameda;22 DE NOVEMBRO, ALAMEDA;;Letras;;"WhatsApp 964824093
Ajuda para combustível R$6,00";2018-03-13 01:33:44;2018-03-13 01:33:44;1,3,5;;;;2018-07-09 07:30:00
;Zona Norte;São Cristóvão;;17ª DP;Quinta da Boa Vista, Feira de São Cristóvão, Linha Vermelha;;Letras;;;2017-09-27 17:15:34;2017-09-27 17:15:34;1,2,3,4,5;;;;2017-11-27 17:19:00
;Região dos Lagos;Unamar;;Retão-Unamar;Amaral Peixoto - linha verde;;Polo Universitário;;"R$5,00 p/vaga
Chamem no wpp : 021 97219-3236";2019-03-13 22:27:31;2019-03-13 22:27:31;3,4;2019-07-14;;;2019-04-04 13:30:00
;Região Serrana;Petrópolis;;Universidade Estácio da Bingen.;;;CT: Bloco A;;;2018-04-03 15:57:02;2018-04-03 15:57:02;1,3;;;;2018-04-23 16:20:00
;Zona Oeste;Jacarepaguá ;;Praça seca - Vila Valqueire ;Linha Amarela-Piedade-Rua Goiás - Terminal De Cascadura- Tem Tudo - Assai Campinho- Mundial Praça Seca ;;CT;;;2016-04-29 19:52:03;2017-04-19 11:59:25;1,2,3,4,5;;;;2016-05-25 20:00:00
;Grande Niterói;São Gonçalo (Pita);;;Dr. March;;CCMN: Frente;;;2016-04-25 21:17:48;2017-04-19 11:59:25;;;;;2016-04-26 17:00:00
;Zona Oeste;Praça Seca;;Rua Pinto Teles;Rua Cândido Benício, Rua Goiás, Cascadura, Linha Amarela;;EEFD;;5 R$ de contribuição. Deixo em outros prédios;2018-09-11 19:31:20;2018-09-11 19:32:03;;;;2018-09-11 19:32:03;2018-09-11 20:00:00
;Zona Norte;São Cristóvão;;17ª DP;Linha Vermelha, Campo De São Cristóvão, Quinta Da Boa Vista, Metrô De São Cristóvão;;CT: Bloco H;;;2016-04-27 20:30:13;2017-04-19 11:59:25;4;;;;2016-05-12 09:20:00
;Grande Niterói;Icaraí Niterói;;;Pela Gavião Peixoto ;;Reitoria;;;2016-04-15 07:41:23;2017-04-19 11:59:25;1,2,3,4,5;;;2016-04-15 08:01:32;2016-06-01 13:30:00
;Grande Niterói;Fonseca;;;;;CT;;Ajuda com 5 reais;2017-04-10 18:22:36;2017-04-19 11:59:25;2,4;;;;2017-05-16 08:30:00
;Zona Norte;São Cristóvão;;Feira nordestina ;Ufrj , São Cristóvão ;;Letras;;Não fumo ;2016-09-25 23:11:03;2017-04-19 11:59:25;1,3,5;;;;2016-11-18 21:20:00
;Região dos Lagos;Cabo Frio;;;;;Polo Universitário;;Valor: R$10,00;2019-05-23 14:04:16;2019-05-23 14:17:53;1,3,4,5;2019-07-27;;2019-05-23 14:17:53;2019-07-04 07:30:00
;Grande Niterói;Icaraí Niterói;;;Rota: 7 de Setembro + Roberto Silveira;;Reitoria;;"Oie, vou quase todo dia esse horário. 
Peço só uma ajuda para a gasolina de 5 reais.";2018-03-26 23:28:05;2018-03-26 23:28:05;1,2,3,4;;;;2018-05-16 07:30:00
;Zona Norte;São Cristóvão;;Campo de São Cristóvão;Campo de São Cristóvão;;CT;;;2016-04-20 09:30:34;2017-04-19 11:59:25;1,2,3,4,5;;;;2016-05-25 07:50:00
;Grande Niterói;Fonseca;;22 de novembro;Alameda São Boaventura;;Letras;;"- Sem cigarros durante a viagem por gentileza.

ZAP 964824093
R$6,00 de auxílio gasolina

Peço R$6,00 para ajuda no combustível.

ZAP 964824093";2017-09-08 17:38:20;2017-09-08 17:38:20;2,3,4,5;2017-12-12;;;2017-09-12 07:30:00
;Grande Niterói;Icaraí-Niterói;;Campo de São Bento;Saindo da Otávio Carneiro, Lopes Trovão, pela Roberto Silveira até a ponte;;CCS;;"Saída às 6:25.
Não é permitido fumar no carro.
Contribuição de R$ 5,00.";2019-01-06 20:50:34;2019-01-06 21:13:09;1,2,3,4,5;2019-03-07;;2019-01-06 21:13:09;2019-02-13 07:15:00
;Grande Niterói;Icaraí;;Campo de São Bento;Av. Roberto Silveira, Marquês de Paraná;;CCS;;Saindo 6:20. Contribuição R$ 5;2016-07-21 23:54:11;2017-04-19 11:59:25;1,2,3,4,5;;;2016-10-25 00:31:29;2016-10-26 07:20:00
;Grande Niterói;Icaraí;;Campo de São Bento;Av. Roberto Silveira, Marquês de Paraná;;CCS;;Saindo 6:20. Contribuição R$ 5;2016-07-21 23:54:11;2017-04-19 11:59:25;1,2,3,4,5;;;;2016-10-03 07:20:00
;Grande Niterói;Fonseca;;Wiseup;;;CT: Bloco H;;Ajuda com 5 reais. ;2017-04-10 18:24:17;2017-04-19 11:59:25;1,2,3;;;;2017-05-10 15:00:00
;Zona Oeste;Jacarepaguá ;;Praça seca - Vila Valqueire ;Linha Amarela-Piedade-Rua Goiás - Terminal De Cascadura- Tem Tudo - Assai Campinho- Mundial Praça Seca ;;CT;;;2016-04-29 19:52:04;2017-04-19 11:59:25;1,2,3,4,5;;;;2016-07-27 20:00:00
;Grande Niterói;Icaraí;;Campo de São Bento;Av. Roberto Silveira, Marquês de Paraná;;CCS;;Saindo 6:20. Contribuição R$ 5;2016-07-21 23:54:11;2017-04-19 11:59:25;1,2,3,4,5;;;;2016-10-06 07:20:00
;Zona Norte;São Cristóvão;;17ª DP;Linha Vermelha, Campo De São Cristóvão, Quinta Da Boa Vista, Metrô De São Cristóvão;;Letras;;;2016-04-13 22:46:19;2017-04-19 11:59:25;;;;2016-04-13 22:46:50;2016-04-14 10:00:00
;Grande Niterói;Maria Paula;;moinho;alameda;;CCMN;;"
$4,00 por pessoa. Faço uma volta no moinho e pego a ponte. ";2016-04-27 21:24:01;2017-04-19 11:59:25;1,2,3,4,5;;;2016-05-16 08:08:31;2016-06-02 09:00:00
;Baixada;XERÉM ;;Bloco H;;;CCMN: Frente;;;2016-09-09 18:16:08;2017-04-19 11:59:25;3;;;;2016-11-02 12:00:00
;Zona Norte;São Cristóvão;;próximo ao estádio são Januário (Vasco);campo de São Cristóvão, rua General argolo, rua sao Januário;;CT: Bloco A;;;2016-04-12 14:11:50;2017-04-19 11:59:25;2,4;;;;2016-04-28 17:00:00
;Grande Niterói;Centro de Niterói;;Amaral Peixoto;Jansen de Melo, Amaral Peixoto, Rua Dr Celestino;;Letras;;"Ajuda combustível R$6,00
whatsapp 964824093";2018-03-13 01:37:05;2018-03-13 01:37:05;1,2,3,4,5;;;;2018-05-14 13:00:00
;Zona Norte;São Cristóvão;;Campo de São Cristóvão;Linha Vermelha ;;CT: Bloco H;;;2016-04-25 13:06:57;2017-04-19 11:59:25;1;;;;2016-05-02 15:00:00
;Região dos Lagos;Arraial do Cabo;;Figueira;Via Praia Seca, Bacaxá, São Gonçalo;;CT;;;2019-03-15 07:47:14;2019-03-15 07:47:14;4;2019-05-15;;;2019-04-18 15:00:00
;Centro;bairro de Fátima;;Bairro de Fátima;Linha Vermelha, Cidade Nova e Bairro de Fátima;;Letras;;;2017-03-15 12:39:44;2017-04-19 11:59:25;2,4;;;;2017-05-18 21:45:00
;Grande Niterói;Centro de Niterói;;Amaral Peixoto;Jansen de Melo, Amaral Peixoto, Rua Dr Celestino;;Letras;;"Ajuda combustível R$6,00
whatsapp 964824093";2018-03-13 01:37:05;2018-03-13 01:37:05;1,2,3,4,5;;;;2018-06-26 13:00:00
;Zona Norte;São Cristóvão;;Feira nordestina ;Ufrj , São Cristóvão ;;Letras;;Não fumo ;2016-09-25 23:11:03;2017-04-19 11:59:25;1,3,5;;;;2016-10-17 21:20:00
;Grande Niterói;Fonseca;;Alameda;22 DE NOVEMBRO, ALAMEDA;;Letras;;"WhatsApp 964824093
Ajuda para combustível R$5,00";2018-08-25 05:09:22;2018-08-25 05:09:22;1,2,3,5;;;;2018-11-20 07:30:00
;Região dos Lagos;Unamar;;Retão-Unamar;Amaral Peixoto - linha verde;;Polo Universitário;;"R$5,00 p/vaga
Chamem no wpp : 021 97219-3236";2019-03-13 22:26:51;2019-03-13 22:26:51;1,2;2019-07-18;;;2019-03-18 10:00:00
;Grande Niterói;Fonseca;;Alameda;22 DE NOVEMBRO, ALAMEDA;;Letras;;"WhatsApp 964824093
Ajuda para combustível R$6,00";2018-03-13 01:33:44;2018-03-13 01:33:44;1,3,5;;;;2018-06-01 07:30:00
;Zona Norte;São Cristóvão;;próximo ao estádio são Januário (Vasco);campo de São Cristóvão, rua General argolo, rua sao Januário;;CT: Bloco A;;;2016-04-12 14:11:51;2017-04-19 11:59:25;2,4;;;;2016-06-02 17:00:00
;Grande Niterói;Fonseca - Niteroi ;;Alameda - Fonseca;;;CT: Bloco A;;"Saio do CT até a Alameda Boa Ventura, no Fonseca. Não aceitamos fumantes
Entrar em contato no wpp:
 21 99575-7872

Pedimos colaboração de 5 dinheiros ";2016-05-05 13:17:17;2017-04-19 11:59:25;2,4,5;;;2016-05-05 13:18:53;2016-06-23 14:00:00
;Zona Norte;São Cristóvão;;próximo ao estádio são Januário (Vasco);campo de São Cristóvão, rua General argolo, rua sao Januário;;CT: Bloco A;;;2016-04-12 14:11:51;2017-04-19 11:59:25;2,4;;;2016-07-05 14:18:41;2016-07-05 17:00:00
;Zona Norte;São Cristóvão;;17ª DP;Linha Vermelha, Campo De São Cristóvão, Quinta Da Boa Vista, Metrô De São Cristóvão;;CT: Bloco H;;;2016-10-06 16:29:48;2017-04-19 11:59:25;4;;;;2016-10-20 17:00:00
;Grande Niterói;Fonseca;;Wiseup;;;CT: Bloco H;;Ajuda com 5 reais. ;2017-04-10 18:24:17;2017-04-19 11:59:25;1,2,3;;;;2017-06-07 15:00:00
;Zona Norte;São Cristóvão;;17ª DP;Linha Vermelha, Campo De São Cristóvão, Quinta Da Boa Vista, Metrô De São Cristóvão;;Letras;;;2016-04-27 16:44:21;2017-04-19 11:59:25;3,5;;;2016-04-27 16:44:41;2016-05-04 17:00:00
;Grande Niterói;Icaraí Niterói;;;Pela Roberto Silveira;;Reitoria;;Quem puder dar uma ajudazinea será bem vinda :) ;2016-09-25 11:21:32;2017-04-19 11:59:25;1,3,4,5;;;;2016-10-27 13:00:00
;Zona Norte;São Cristóvão;;17ª DP;Quinta da Boa Vista, Feira de São Cristóvão, Linha Vermelha;;Letras;;;2017-09-27 17:15:34;2017-09-27 17:15:34;1,2,3,4,5;;;;2017-11-20 17:19:00
;Grande Niterói;Centro de Niterói;;Amaral Peixoto;Jansen de Melo, Amaral Peixoto, Rua Dr Celestino;;Letras;;"Ajuda combustível R$6,00
whatsapp 964824093";2018-03-13 01:37:05;2018-03-13 01:37:05;1,2,3,4,5;;;;2018-07-09 13:00:00
;Grande Niterói;Fonseca - Niterói ;;Alameda São boa Ventura ;Linha Vermelha > Ponte > Alameda ;;CT: Bloco A;;;2016-05-10 22:20:21;2017-04-19 11:59:25;;;;;2016-05-11 07:59:00
;Zona Norte;São Cristóvão;;próximo ao estádio são Januário (Vasco);campo de São Cristóvão, rua General argolo, rua sao Januário;;CT: Bloco A;;;2016-04-12 14:11:51;2017-04-19 11:59:25;2,4;;;2016-07-05 14:19:44;2016-07-19 17:00:00
;Grande Niterói;Icaraí Niterói;;;Rota: 7 de Setembro + Roberto Silveira;;Reitoria;;"Oie, vou quase todo dia esse horário. 
Peço só uma ajuda para a gasolina de 5 reais.";2018-03-26 23:28:05;2018-05-07 23:46:55;1,2,3,4;;;2018-05-07 23:46:55;2018-04-26 07:30:00
;Região dos Lagos;Unamar;;Retão-Unamar;Amaral Peixoto - linha verde;;Polo Universitário;;"R$5,00 p/vaga
Chamem no wpp : 021 97219-3236";2019-03-13 22:29:14;2019-03-13 22:29:14;2,4;2019-07-14;;;2019-07-04 19:30:00
;Zona Norte;São Cristóvão;;próximo ao estádio são Januário (Vasco);campo de São Cristóvão, rua General argolo, rua sao Januário;;CT: Bloco A;;;2016-04-12 14:11:50;2017-04-19 11:59:25;2,4;;;;2016-05-12 17:00:00
;Zona Norte;São Cristóvão;;Campo do Vasco;Linha Vermelha, Cancela, Campo do vasco;;CT: Bloco H;;;2018-10-05 17:48:29;2018-10-05 17:48:29;1,2,3,4,5;;;;2018-11-27 18:00:00
;Grande Niterói;Fonseca - Niteroi ;;Alameda - Fonseca;;;CT: Bloco A;;;2016-05-05 13:46:53;2017-04-19 11:59:25;2,3,4,5;;;2016-05-05 17:15:30;2016-05-27 08:00:00
;Zona Norte;São Cristóvão;;metrô de sao Cristóvão ;Leopoldina e feira;;CT: Bloco D;;;2017-03-07 13:47:06;2017-04-19 11:59:25;;;;;2017-03-07 17:15:00
;Grande Niterói;Icaraí-Niterói;;Campo de São Bento;Saindo da Otávio Carneiro, Lopes Trovão, pela Roberto Silveira até a ponte;;CCS;;"Saída às 6:25.
Não é permitido fumar no carro.
Contribuição de R$ 5,00.";2019-01-06 20:50:34;2019-01-06 21:16:41;1,2,3,4,5;2019-03-07;;2019-01-06 21:16:41;2019-02-20 07:15:00
;Grande Niterói;Maria Paula;;moinho;alameda;;CCMN;;"
$4,00 por pessoa. Faço uma volta no moinho e pego a ponte. ";2016-04-27 21:24:00;2017-04-19 11:59:25;1,2,3,4,5;;;2016-05-06 16:18:45;2016-05-12 09:00:00
;Grande Niterói;Fonseca;;;;;CT;;Ajuda com 5 reais;2017-04-10 18:22:36;2017-04-19 11:59:25;2,4;;;;2017-05-02 08:30:00
;Região dos Lagos;Unamar;;Retão-Unamar;Amaral Peixoto - linha verde;;Polo Universitário;;"R$5,00 p/vaga
Chamem no wpp : 021 97219-3236";2019-03-13 22:26:51;2019-03-13 22:26:51;1,2;2019-07-18;;;2019-06-10 10:00:00
;Zona Norte;São Cristóvão;;próximo ao estádio são Januário (Vasco);campo de São Cristóvão, rua General argolo, rua sao Januário;;CT: Bloco A;;;2016-04-12 14:11:50;2017-04-19 11:59:25;2,4;;;;2016-04-26 17:00:00
;Grande Niterói;Fonseca;;Wiseup;;;CT: Bloco H;;Ajuda com 5 reais. ;2017-04-10 18:24:17;2017-04-19 11:59:25;1,2,3;;;;2017-05-16 15:00:00
;Região dos Lagos;Cabo Frio;;;;;Polo Universitário;;Valor: R$10,00;2019-05-23 13:57:55;2019-05-23 14:16:36;1,2,3,4,5;2019-07-23;;2019-05-23 14:16:36;2019-06-21 16:00:00
;Grande Niterói;Icaraí Niterói;;;Pela Roberto Silveira;;Reitoria;;Quem puder dar uma ajudazinea será bem vinda :) ;2016-09-25 11:21:32;2017-04-19 11:59:25;1,3,4,5;;;;2016-10-24 13:00:00
;Grande Niterói;Icaraí;;Campo de São Bento;Av. Roberto Silveira, Marquês de Paraná;;CCS;;Saindo 6:20. Contribuição R$ 5;2016-07-21 23:54:11;2017-04-19 11:59:25;1,2,3,4,5;;;;2016-09-08 07:20:00
;Zona Norte;São Cristóvão;;próximo ao estádio são Januário (Vasco);campo de São Cristóvão, rua General argolo, rua sao Januário;;CT: Bloco A;;;2016-04-12 14:11:50;2017-04-19 11:59:25;2,4;;;;2016-04-19 17:00:00
;Zona Norte;São Cristóvão;;17ª DP;Linha Vermelha, Campo De São Cristóvão, Quinta Da Boa Vista, Metrô De São Cristóvão;;CT: Bloco H;;;2016-04-27 20:30:13;2017-04-19 11:59:25;4;;;;2016-06-23 09:20:00
;Baixada;Xerém;;Rua Senador Vergueiro;Marques De Abrantes, Pinheiro Machado, Sta Barbara, Presidente Vargas, Linha Vermelha;;CT: Bloco A;;"Não fumo, não o façam dentro do carro, por favor.
Contribuição R$4,00
Temperatura do ar condicionado 19ºC (quem for atrás, tem saída para vocês)
Qualquer coisa manda WhatsApp (21)981665652";2018-04-14 14:28:13;2018-04-14 14:28:13;1,5;2018-06-16;;;2018-04-16 14:00:00
;Grande Niterói;Fonseca - Niteroi ;;Alameda - Fonseca;;;CT: Bloco A;;"Saio do CT até a Alameda Boa Ventura, no Fonseca. Não aceitamos fumantes
Entrar em contato no wpp:
 21 99575-7872

Pedimos colaboração de 5 dinheiros ";2016-05-05 13:17:16;2017-04-19 11:59:25;2,4,5;;;2016-05-05 13:17:48;2016-05-12 14:00:00
;Grande Niterói;Icaraí;;;;;Reitoria;;;2016-04-26 10:11:59;2017-04-19 11:59:25;;;;2016-04-26 17:07:05;2016-04-26 17:30:00
;Zona Norte;São Cristóvão;;Campo de São Cristóvão;Campo de São Cristóvão;;CT;;;2016-04-20 09:30:34;2017-04-19 11:59:25;1,2,3,4,5;;;;2016-04-26 07:50:00
;Grande Niterói;Fonseca - Niteroi ;;Alameda - Fonseca;;;CT: Bloco A;;;2016-05-05 13:46:53;2017-04-19 11:59:25;2,3,4,5;;;2016-05-05 17:16:14;2016-06-21 08:00:00
;Grande Niterói;Fonseca - Niteroi ;;Alameda - Fonseca;;;CT: Bloco A;;;2016-05-05 13:46:53;2017-04-19 11:59:25;2,3,4,5;;;2016-05-05 17:16:26;2016-06-28 08:00:00
;Grande Niterói;Icaraí;;Campo de São Bento;Av. Roberto Silveira, Marquês de Paraná;;CCS;;;2016-10-25 00:30:57;2017-04-19 11:59:25;1,2,3,4,5;;;;2016-11-22 08:00:00
;Zona Oeste;Jacarepaguá ;;Praça seca - Vila Valqueire ;Linha Amarela-Piedade-Rua Goiás - Terminal De Cascadura- Tem Tudo - Assai Campinho- Mundial Praça Seca ;;CT;;;2016-04-29 19:52:03;2017-04-19 11:59:25;1,2,3,4,5;;;;2016-06-06 20:00:00
;Grande Niterói;Centro de Niterói;;Amaral Peixoto;Jansen de Melo, Amaral Peixoto, Rua Dr Celestino;;Letras;;"Ajuda combustível R$6,00
whatsapp 964824093";2018-03-13 01:37:05;2018-03-13 01:37:05;1,2,3,4,5;;;;2018-04-20 13:00:00
;Região dos Lagos;Arraial do Cabo;;Figueira;Via Praia Seca, Bacaxá, São Gonçalo;;CT;;;2019-03-15 07:47:14;2019-03-15 07:47:14;4;2019-05-15;;;2019-04-11 15:00:00
;Zona Norte;São Cristóvão;;;metrô de São Cristóvão, feira de tradições nordestinas..;;CT: Bloco A;;"R$2 pela carona para ajuda de custos.
CT -> Letras -> ponte do saber -> linha vermelha -> (podendo passar pela leopoldina ou) feira de São Cristóvão -> Quinta da boa vista -> metrô de São Cristóvão -> Quinta D'or";2016-05-02 14:15:13;2017-04-19 11:59:25;3;;;;2016-05-25 21:00:00
;Região dos Lagos;Unamar;;Retão-Unamar;Amaral Peixoto - linha verde;;Polo Universitário;;"R$5,00 p/vaga
Chamem no wpp : 021 97219-3236";2019-03-13 22:27:31;2019-03-13 22:27:31;3,4;2019-07-14;;;2019-04-10 13:30:00
;Grande Niterói;Centro de Niterói;;Amaral Peixoto;Jansen de Melo, Amaral Peixoto, Rua Dr Celestino;;Letras;;"Ajuda combustível R$6,00
whatsapp 964824093";2018-03-13 01:37:05;2018-08-06 10:13:37;1,2,3,4,5;;;;2018-05-11 13:00:00
;Zona Norte;São Cristóvão;;;metrô de São Cristóvão, feira de tradições nordestinas..;;CT: Bloco A;;"R$2 pela carona para ajuda de custos.
CT -> Letras -> ponte do saber -> linha vermelha -> (podendo passar pela leopoldina ou) feira de São Cristóvão -> Quinta da boa vista -> metrô de São Cristóvão -> Quinta D'or";2016-05-02 14:15:00;2017-04-19 11:59:25;1,2;;;2016-05-09 21:51:06;2016-05-09 22:00:00
;Zona Norte;São Cristóvão;;;;;CT: Bloco D;;;2016-04-14 23:28:58;2017-04-19 11:59:25;;;;2016-04-15 07:33:45;2016-04-15 08:00:00
;Zona Oeste;Praça Seca;;Rua Pinto Teles;Rua Cândido Benício, Rua Goiás, Cascadura, Linha Amarela;;EEFD;;5 R$ de contribuição. Deixo em outros prédios;2018-10-23 15:26:36;2018-10-23 15:26:36;;;;;2018-10-23 21:15:00
;Baixada;Xerém ;;Postinho de Saúde ;Caxias Shopping,  W. Luís,  Santa Cruz da Serra ;;CT: Bloco H;;Viagem de Volta do CT para Xerém,  caso queira parar em algum bairro intermediário,  pode. ;2016-04-14 01:05:30;2017-04-19 11:59:25;2,4;;;;2016-06-07 17:00:00
;Grande Niterói;Icaraí Niterói;;;Pela Roberto Silveira;;Reitoria;;;2016-09-23 09:30:54;2017-04-19 11:59:25;;;;;2016-09-23 13:00:00
;Região Serrana;Petrópolis;;Rodoviária Bingen;Centro de Petrópolis;;Letras;;Não fumo.;2019-06-03 14:09:25;2019-06-03 15:56:05;;;;2019-06-03 15:56:05;2019-06-03 17:00:00
;Grande Niterói;Itaipuaçu;;;Niterói-Região oceânica;;CT;;moro em Itaipuaçu, e posso mudar meu caminho entre RJ 106 e região oceânica de Niterói para a carona.;2018-03-11 15:36:40;2018-03-11 15:36:40;1;;;;2018-04-23 07:15:00
;Região dos Lagos;Arraial do Cabo;;Figueira;Via Praia Seca, Bacaxá, São Gonçalo;;CT;;;2019-03-15 07:47:14;2019-03-15 07:47:14;4;2019-05-15;;;2019-05-02 15:00:00
;Baixada;Xerém ;;;;;CT;;;2016-09-09 18:14:30;2017-04-19 11:59:25;1;;;;2016-10-24 12:00:00
;Região dos Lagos;Unamar;;Retão-Unamar;Amaral Peixoto - linha verde;;Polo Universitário;;"R$5,00 p/vaga
Chamem no wpp : 021 97219-3236";2019-03-13 22:29:13;2019-03-13 22:29:13;2,4;2019-07-14;;;2019-05-21 19:30:00
;Centro;bairro de Fátima;;Bairro de Fátima;Linha Vermelha, Cidade Nova e Bairro de Fátima;;Letras;;;2017-03-15 12:39:44;2017-04-19 11:59:25;2,4;;;;2017-05-09 21:45:00
;Zona Norte;São Cristóvão;;Campo de São Cristóvão;Campo de São Cristóvão;;CT;;;2016-04-20 09:30:34;2017-04-19 11:59:25;1,2,3,4,5;;;;2016-05-13 07:50:00
;Grande Niterói;Fonseca;;;Linha Vermelha-Ponte-Alameda;;CT: Bloco H;;"Sou motorista prudente. 
Colaboração de R$6.
";2017-03-15 13:47:06;2017-04-19 11:59:25;3,5;;;;2017-03-29 15:00:00
;Baixada;Xerém;;Rua Senador Vergueiro;Marques De Abrantes, Pinheiro Machado, Sta Barbara, Presidente Vargas, Linha Vermelha;;CT: Bloco A;;"Não fumo, não o façam dentro do carro, por favor.
Contribuição R$4,00
Temperatura do ar condicionado 19ºC (quem for atrás, tem saída para vocês)
Qualquer coisa manda WhatsApp (21)981665652";2018-04-14 14:28:13;2018-04-14 14:28:13;1,5;;;;2018-06-15 14:00:00
;Região dos Lagos;Cabo Frio;;;;;Polo Universitário;;Valor: R$10,00;2019-05-23 14:04:16;2019-05-23 14:16:41;1,3,4,5;2019-07-27;;2019-05-23 14:16:41;2019-06-24 07:30:00
;Grande Niterói;Fonseca;;22 de novembro;Alameda São Boaventura;;Letras;;"- Sem cigarros durante a viagem por gentileza.

ZAP 964824093
R$6,00 de auxílio gasolina

Peço R$6,00 para ajuda no combustível.

ZAP 964824093";2017-09-08 17:38:20;2017-09-08 17:38:20;2,3,4,5;;;;2017-11-24 07:30:00
;Região dos Lagos;Cabo Frio;;;;;Polo Universitário;;Valor: R$10,00;2019-05-23 13:57:55;2019-05-23 14:14:57;1,2,3,4,5;2019-07-23;;2019-05-23 14:14:57;2019-06-10 16:00:00
;Grande Niterói;Icaraí Niterói;;;Rota: 7 de Setembro + Roberto Silveira;;Reitoria;;"Oie, vou quase todo dia esse horário. 
Peço só uma ajuda para a gasolina de 5 reais.";2018-03-26 23:28:05;2018-03-26 23:28:05;1,2,3,4;;;;2018-04-24 07:30:00
;Região dos Lagos;Unamar;;Retão-Unamar;Amaral Peixoto - linha verde;;Polo Universitário;;"R$5,00 p/vaga
Chamem no wpp : 021 97219-3236";2019-03-13 22:27:31;2019-03-13 22:27:31;3,4;2019-07-14;;;2019-07-11 13:30:00
;Zona Norte;São Cristóvão;;Campo do Vasco;Linha Vermelha, Cancela, Campo do vasco;;CT: Bloco H;;;2018-10-05 17:48:29;2018-10-05 17:48:29;1,2,3,4,5;;;;2018-11-23 18:00:00
;Grande Niterói;Icaraí;;Campo de São Bento;Av. Roberto Silveira, Marquês de Paraná;;CCS;;;2016-10-25 00:30:57;2017-04-19 11:59:25;1,2,3,4,5;2016-12-25;;;2016-10-25 08:00:00
;Região dos Lagos;Unamar;;Retão-Unamar;Amaral Peixoto - linha verde;;Polo Universitário;;"R$5,00 p/vaga
Chamem no wpp : 021 97219-3236";2019-03-13 22:29:13;2019-03-13 22:29:13;2,4;2019-07-14;;;2019-05-07 19:30:00
;Grande Niterói;Fonseca;;22 de novembro;Alameda São Boaventura;;Letras;;"- Sem cigarros durante a viagem por gentileza.

ZAP 964824093
R$6,00 de auxílio gasolina

Peço R$6,00 para ajuda no combustível.

ZAP 964824093";2017-09-08 17:38:20;2017-09-08 17:38:20;2,3,4,5;;;;2017-10-06 07:30:00
;Zona Norte;São Cristóvão;;17ª DP;Linha Vermelha, Campo De São Cristóvão, Quinta Da Boa Vista, Metrô De São Cristóvão;;CT: Bloco A;;;2016-04-27 16:41:57;2017-04-19 11:59:25;3,5;;;2016-04-27 16:42:31;2016-05-06 17:00:00
;Região dos Lagos;Unamar;;Retão-Unamar;Amaral Peixoto - linha verde;;Polo Universitário;;"R$5,00 p/vaga
Chamem no wpp : 021 97219-3236";2019-03-13 22:27:31;2019-03-13 22:27:31;3,4;2019-07-14;;;2019-04-18 13:30:00
;Grande Niterói;Centro de Niterói;;Amaral Peixoto;Jansen de Melo, Amaral Peixoto, Rua Dr Celestino;;Letras;;"Ajuda combustível R$6,00
whatsapp 964824093";2018-03-13 01:37:05;2018-03-13 01:37:05;1,2,3,4,5;;;;2018-06-15 13:00:00
;Zona Norte;São Cristóvão;;Campo do Vasco;Linha Vermelha, Cancela, Campo do vasco;;CT: Bloco H;;;2018-10-05 17:48:29;2018-10-05 17:48:29;1,2,3,4,5;;;;2018-11-16 18:00:00
;Zona Norte;São Cristóvão;;;metrô de São Cristóvão, feira de tradições nordestinas..;;CT: Bloco A;;;2016-04-13 10:37:58;2017-04-19 11:59:25;1,2,3,5;;;;2016-04-15 22:00:00
;Baixada;Xerém;;Rua Senador Vergueiro;Marques De Abrantes, Pinheiro Machado, Sta Barbara, Presidente Vargas, Linha Vermelha;;CT: Bloco A;;"Não fumo, não o façam dentro do carro, por favor.
Contribuição R$4,00
Temperatura do ar condicionado 19ºC (quem for atrás, tem saída para vocês)
Qualquer coisa manda WhatsApp (21)981665652";2018-04-14 14:29:04;2018-04-14 14:29:04;3;;;;2018-08-15 12:00:00
;Região dos Lagos;Unamar;;Retão-Unamar;Amaral Peixoto - linha verde;;Polo Universitário;;"R$5,00 p/vaga
Chamem no wpp : 021 97219-3236";2019-03-13 22:26:51;2019-03-13 22:26:51;1,2;2019-07-18;;;2019-05-27 10:00:00
;Grande Niterói;Icaraí Niterói;;;Rota: 7 de Setembro + Roberto Silveira;;Reitoria;;"Oie, vou quase todo dia esse horário. 
Peço só uma ajuda para a gasolina de 5 reais.";2018-03-26 23:28:05;2018-03-26 23:28:05;1,2,3,4;;;;2018-04-03 07:30:00
;Grande Niterói;Fonseca;;Wiseup;;;CT: Bloco H;;Ajuda com 5 reais. ;2017-04-10 18:24:17;2017-04-19 11:59:25;1,2,3;;;;2017-05-08 15:00:00
;Zona Norte;São Cristóvão;;17ª DP;Linha Vermelha, Campo De São Cristóvão, Quinta Da Boa Vista, Metrô De São Cristóvão;;CT: Bloco A;;;2016-04-14 12:48:28;2017-04-19 11:59:25;;;;;2016-04-14 15:00:00
;Grande Niterói;Icaraí-Niterói;;Campo de São Bento;Saindo da Otávio Carneiro, Lopes Trovão, pela Roberto Silveira até a ponte;;CCS;;"Saída às 6:25.
Não é permitido fumar no carro.
Contribuição de R$ 5,00.";2019-01-06 20:50:34;2019-01-06 21:00:20;1,2,3,4,5;2019-03-07;;2019-01-06 21:00:20;2019-01-08 07:15:00
;Zona Norte;São Cristóvão;;Campo de São Cristóvão;Campo de São Cristóvão;;CT;;;2016-04-20 09:30:34;2017-04-19 11:59:25;1,2,3,4,5;;;;2016-06-13 07:50:00
;Grande Niterói;Fonseca - Niteroi ;;Alameda - Fonseca;;;CT: Bloco A;;"Saio do CT até a Alameda Boa Ventura, no Fonseca. Não aceitamos fumantes
Entrar em contato no wpp:
 21 99575-7872

Pedimos colaboração de 5 dinheiros ";2016-05-05 13:17:17;2017-04-19 11:59:25;2,4,5;;;2016-05-05 13:19:25;2016-06-30 14:00:00
;Zona Norte;São Cristóvão;;próximo ao estádio são Januário (Vasco);campo de São Cristóvão, rua General argolo, rua sao Januário;;CT: Bloco A;;;2016-04-12 14:11:50;2017-04-19 11:59:25;2,4;;;;2016-05-03 17:00:00
;Grande Niterói;Fonseca;;;;;CT;;Ajuda com 5 reais;2017-04-10 18:22:36;2017-04-19 11:59:25;2,4;;;;2017-04-25 08:30:00
;Zona Norte;São Cristóvão;;17ª DP;Linha Vermelha, Campo De São Cristóvão, Quinta Da Boa Vista, Metrô De São Cristóvão;;Letras;;;2016-04-27 16:44:21;2017-04-19 11:59:25;3,5;;;2016-04-27 16:45:00;2016-05-25 17:00:00
;Zona Oeste;Jacarepaguá ;;Praça seca - Vila Valqueire ;Linha Amarela-Piedade-Rua Goiás - Terminal De Cascadura- Tem Tudo - Assai Campinho- Mundial Praça Seca ;;CT;;;2016-04-29 19:52:04;2017-04-19 11:59:25;1,2,3,4,5;;;;2016-06-14 20:00:00
;Grande Niterói;Maria Paula;;moinho;alameda;;CCMN;;"
$4,00 por pessoa. Faço uma volta no moinho e pego a ponte. ";2016-04-27 21:24:01;2017-04-19 11:59:25;1,2,3,4,5;;;;2016-06-28 09:00:00
;Grande Niterói;Icaraí Niterói;;;Pela Gavião Peixoto ;;Reitoria;;;2016-04-15 07:41:23;2017-04-19 11:59:25;1,2,3,4,5;;;2016-04-15 07:42:24;2016-04-20 13:30:00
;Grande Niterói;Centro (Niterói);;Santa Rosa, Noronha Torrezão, 22 de novembro, Centro de Niterói;Noronha Torresão, 22 de novembro, Alameda;;Letras;;"Peço ajuda no combustível de 5,00

WhatsApp 21 964824093";2019-07-30 13:14:30;2019-07-30 13:14:30;1,2,3,4,5;2019-12-05;;;2019-09-24 07:30:00
;Zona Norte;São Cristóvão;;Campo de São Cristóvão;Campo de São Cristóvão;;CT;;;2016-04-20 09:30:34;2017-04-19 11:59:25;1,2,3,4,5;;;;2016-06-16 07:50:00
;Ilha do Fundão;Incubadora;;Incubadora da COPPE;;;CT: Bloco D;;Carona pra Incubadora de Empresas da COPPE! E você ainda de quebra pode conhecer as empresas de lá!;2016-04-12 09:15:39;2017-04-19 11:59:25;2,4;;;;2016-05-03 13:00:00
;Grande Niterói;Icaraí-Niterói;;Campo de São Bento;Saindo da Otávio Carneiro, Lopes Trovão, pela Roberto Silveira até a ponte;;CCS;;"Saída às 6:25.
Não é permitido fumar no carro.
Contribuição de R$ 5,00.";2019-01-06 20:50:34;2019-01-06 21:17:38;1,2,3,4,5;2019-03-07;;2019-01-06 21:17:38;2019-03-04 07:15:00
;Região dos Lagos;Unamar;;Retão-Unamar;Amaral Peixoto - linha verde;;Polo Universitário;;"R$5,00 p/vaga
Chamem no wpp : 021 97219-3236";2019-03-13 22:29:13;2019-03-13 22:29:13;2,4;2019-07-14;;;2019-05-30 19:30:00
;Baixada;Xerém ;;Postinho de Saúde ;Caxias Shopping,  W. Luís,  Santa Cruz da Serra ;;CT: Bloco H;;Viagem de Volta do CT para Xerém,  caso queira parar em algum bairro intermediário,  pode. ;2016-04-14 01:05:30;2017-04-19 11:59:25;2,4;2016-08-19;;;2016-04-19 17:00:00
;Grande Niterói;Icaraí Niterói;;;Pela Roberto Silveira;;Reitoria;;Quem puder dar uma ajudazinea será bem vinda :) ;2016-09-25 11:21:32;2017-04-19 11:59:25;1,3,4,5;;;;2016-11-03 13:00:00
;Região dos Lagos;Unamar;;Retão-Unamar;Amaral Peixoto - linha verde;;Polo Universitário;;"R$5,00 p/vaga
Chamem no wpp : 021 97219-3236";2019-03-13 22:29:13;2019-03-13 22:29:13;2,4;2019-07-14;;;2019-06-04 19:30:00
;Zona Norte;São Cristóvão;;;metrô de São Cristóvão, feira de tradições nordestinas..;;CT: Bloco A;;"R$2 pela carona para ajuda de custos.
CT -> Letras -> ponte do saber -> linha vermelha -> (podendo passar pela leopoldina ou) feira de São Cristóvão -> Quinta da boa vista -> metrô de São Cristóvão -> Quinta D'or";2016-05-02 14:15:00;2017-04-19 11:59:25;1,2;;;;2016-06-06 22:00:00
;Zona Norte;São Cristóvão;;17ª DP;Quinta da Boa Vista, Feira de São Cristóvão, Linha Vermelha;;Letras;;;2017-09-27 17:15:34;2017-09-27 17:15:34;1,2,3,4,5;;;;2017-09-29 17:19:00
;Zona Norte;São Cristóvão;;próximo ao estádio são Januário (Vasco);campo de São Cristóvão, rua General argolo, rua sao Januário;;CT: Bloco A;;;2016-04-12 14:11:51;2017-04-19 11:59:25;2,4;;;;2016-06-21 17:00:00
;Grande Niterói;Fonseca;;Wiseup;;;CT: Bloco H;;Ajuda com 5 reais. ;2017-04-10 18:24:17;2017-04-19 11:59:25;1,2,3;;;;2017-04-25 15:00:00
;Zona Norte;São Cristóvão;;Campo de São Cristóvão;Campo de São Cristóvão;;CT;;;2016-04-20 09:30:34;2017-04-19 11:59:25;1,2,3,4,5;;;;2016-05-05 07:50:00
;Grande Niterói;Icaraí Niterói;;;Pela Gavião Peixoto ;;Reitoria;;;2016-04-15 07:41:23;2017-04-19 11:59:25;1,2,3,4,5;;;2016-04-15 18:45:02;2016-06-14 13:30:00
;Região dos Lagos;Unamar;;Retão-Unamar;Amaral Peixoto - linha verde;;Polo Universitário;;"R$5,00 p/vaga
Chamem no wpp : 021 97219-3236";2019-03-13 22:29:13;2019-03-13 22:29:13;2,4;2019-07-14;;;2019-03-19 19:30:00
;Grande Niterói;Fonseca;;Alameda;22 DE NOVEMBRO, ALAMEDA;;Letras;;"WhatsApp 964824093
Ajuda para combustível R$5,00";2018-08-25 05:09:22;2018-08-25 05:09:22;1,2,3,5;;;;2018-10-16 07:30:00
;Grande Niterói;Icaraí;;Campo de São Bento;Av. Roberto Silveira, Marquês de Paraná;;CCS;;;2016-10-25 00:30:57;2017-04-19 11:59:25;1,2,3,4,5;;;;2016-12-19 08:00:00
;Zona Norte;São Cristóvão;;17ª DP;Linha Vermelha, Campo De São Cristóvão, Quinta Da Boa Vista, Metrô De São Cristóvão;;CT: Bloco H;;;2016-04-27 20:30:13;2017-04-19 11:59:25;4;;;;2016-06-16 09:20:00
;Zona Norte;São Cristóvão;;próximo ao estádio são Januário (Vasco);campo de São Cristóvão, rua General argolo, rua sao Januário;;CT: Bloco A;;;2016-04-12 14:11:50;2017-04-19 11:59:25;2,4;;;;2016-05-10 17:00:00
;Zona Norte;São Cristóvão;;Feira nordestina ;Ufrj , São Cristóvão ;;Letras;;Não fumo ;2016-09-25 23:11:03;2017-04-19 11:59:25;1,3,5;;;;2016-10-14 21:20:00
;Zona Norte;São Cristóvão;;Campo de São Cristóvão;Campo de São Cristóvão;;CT;;;2016-04-20 09:30:34;2017-04-19 11:59:25;1,2,3,4,5;;;;2016-06-08 07:50:00
;Região dos Lagos;Cabo Frio;;;;;Polo Universitário;;Valor: R$10,00;2019-05-23 13:57:55;2019-05-23 14:18:08;1,2,3,4,5;2019-07-23;;2019-05-23 14:18:08;2019-07-05 16:00:00
;Grande Niterói;Santa Rosa - Niterói ;;Noronha Torrezão;Alameda, 22 de Novembro, Noronha Torrezão;;CCMN: Frente;;As contribuições não são obrigatórias, mas bem-vindas. Não desvio minha rota pelo Centro.;2016-06-21 12:23:11;2017-04-19 11:59:25;2,4;;;;2016-07-21 15:00:00
;Grande Niterói;Icaraí Niterói;;;Pela Roberto Silveira;;Reitoria;;Quem puder dar uma ajudazinea será bem vinda :) ;2016-09-25 11:21:32;2017-04-19 11:59:25;1,3,4,5;;;;2016-11-07 13:00:00
;Grande Niterói;Fonseca;;Alameda;22 DE NOVEMBRO, ALAMEDA;;Letras;;"WhatsApp 964824093
Ajuda para combustível R$6,00";2018-03-13 01:33:44;2018-03-13 01:33:44;1,3,5;;;;2018-04-16 07:30:00
;Região Serrana;Petrópolis;;Universidade Estácio da Bingen.;;;CT: Bloco A;;;2018-04-03 15:57:02;2018-04-03 15:57:02;1,3;;;;2018-06-25 16:20:00
;Região Serrana;Petrópolis;;Rodoviária;Br-040;;CCS: HUCFF;;;2019-09-04 06:59:36;2019-09-04 06:59:36;;;;;2019-09-04 16:00:00
;Zona Norte;São Cristóvão;;Feira nordestina ;Ufrj , São Cristóvão ;;Letras;;Não fumo ;2016-09-25 23:11:03;2017-04-19 11:59:25;1,3,5;;;;2016-10-24 21:20:00
;Grande Niterói;Fonseca;;Alameda;22 DE NOVEMBRO, ALAMEDA;;Letras;;"WhatsApp 964824093
Ajuda para combustível R$6,00";2018-03-13 01:33:44;2018-03-13 01:33:44;1,3,5;;;;2018-06-15 07:30:00
;Baixada;Xerém;;Rua Senador Vergueiro;Marques De Abrantes, Pinheiro Machado, Sta Barbara, Presidente Vargas, Linha Vermelha;;CT: Bloco A;;"Não fumo, não o façam dentro do carro, por favor.
Contribuição R$4,00
Temperatura do ar condicionado 19ºC (quem for atrás, tem saída para vocês)
Qualquer coisa manda WhatsApp (21)981665652";2018-04-14 14:29:04;2018-04-14 14:29:04;3;;;;2018-08-08 12:00:00
;Grande Niterói;Icaraí Niterói;;;Pela Gavião Peixoto ;;Reitoria;;;2016-04-15 07:41:23;2017-04-19 11:59:25;1,2,3,4,5;;;2016-04-15 07:42:48;2016-04-29 13:30:00
;Grande Niterói;Icaraí;;Campo de São Bento;Av. Roberto Silveira, Marquês de Paraná;;CCS;;;2016-10-25 00:30:57;2017-04-19 11:59:25;1,2,3,4,5;;;;2016-12-07 08:00:00
;Grande Niterói;Icaraí;;Campo de São Bento;Av. Roberto Silveira, Marquês de Paraná;;CCS;;Saindo 6:20. Contribuição R$ 5;2016-07-21 23:54:11;2017-04-19 11:59:25;1,2,3,4,5;;;;2016-10-17 07:20:00
;Grande Niterói;Icaraí;;;;;Reitoria;;;2016-04-26 10:11:10;2017-04-19 11:59:25;;;;2016-04-26 10:11:31;2016-04-26 17:30:00
;Região Serrana;Petrópolis;;Universidade Estácio da Bingen.;;;CT: Bloco A;;;2018-04-03 15:57:02;2018-04-03 15:57:02;1,3;;;;2018-05-16 16:20:00
;Grande Niterói;Maria Paula;;moinho;alameda;;CCMN;;"
$4,00 por pessoa. Faço uma volta no moinho e pego a ponte. ";2016-04-27 21:24:01;2017-04-19 11:59:25;1,2,3,4,5;;;;2016-06-16 09:00:00
;Região Serrana;Petrópolis;;Universidade Estácio da Bingen.;;;CT: Bloco A;;;2018-04-03 15:57:02;2018-04-03 15:57:02;1,3;;;;2018-07-02 16:20:00
;Grande Niterói;Icaraí;;Campo de São Bento;Av. Roberto Silveira, Marquês de Paraná;;CCS;;Saindo 6:20. Contribuição R$ 5;2016-07-21 23:54:11;2017-04-19 11:59:25;1,2,3,4,5;;;;2016-11-15 07:20:00
;Zona Norte;São Cristóvão;;Campo do Vasco;Linha Vermelha, Cancela, Campo do vasco;;CT: Bloco H;;;2018-10-05 17:48:29;2018-10-05 17:48:29;1,2,3,4,5;;;;2018-10-23 18:00:00
;Grande Niterói;Icaraí Niterói;;;Pela Gavião Peixoto ;;Reitoria;;;2016-04-15 07:41:23;2017-04-19 11:59:25;1,2,3,4,5;;;2016-04-15 07:42:19;2016-04-19 13:30:00
;Grande Niterói;Itaipuaçu;;;Niterói-Região oceânica;;CT;;moro em Itaipuaçu, e posso mudar meu caminho entre RJ 106 e região oceânica de Niterói para a carona.;2018-03-11 15:36:40;2018-03-11 15:36:40;1;;;;2018-05-07 07:15:00
;Baixada;Xerém;;Rua Senador Vergueiro;Marques De Abrantes, Pinheiro Machado, Sta Barbara, Presidente Vargas, Linha Vermelha;;CT: Bloco A;;"Não fumo, não o façam dentro do carro, por favor.
Contribuição R$4,00
Temperatura do ar condicionado 19ºC (quem for atrás, tem saída para vocês)
Qualquer coisa manda WhatsApp (21)981665652";2018-04-14 14:28:13;2018-04-14 14:28:13;1,5;;;;2018-05-28 14:00:00
;Centro;bairro de Fátima;;Bairro de Fátima;Linha Vermelha, Cidade Nova e Bairro de Fátima;;Letras;;;2017-03-15 12:39:44;2017-04-19 11:59:25;2,4;;;;2017-03-30 21:45:00
;Grande Niterói;Centro de Niterói;;Amaral Peixoto;Jansen de Melo, Amaral Peixoto, Rua Dr Celestino;;Letras;;"Ajuda combustível R$6,00
whatsapp 964824093";2018-03-13 01:37:05;2018-03-13 01:37:05;1,2,3,4,5;;;;2018-05-23 13:00:00
;Grande Niterói;Centro de Niterói;;Amaral Peixoto;Jansen de Melo, Amaral Peixoto, Rua Dr Celestino;;Letras;;"Ajuda combustível R$6,00
whatsapp 964824093";2018-03-13 01:37:05;2018-03-13 01:37:05;1,2,3,4,5;;;;2018-05-17 13:00:00
;Grande Niterói;Fonseca;;;Linha Vermelha-Ponte-Alameda;;CT: Bloco H;;"Sou motorista prudente. 
Colaboração de R$6.
";2017-03-15 13:47:06;2017-04-19 11:59:25;3,5;;;;2017-04-28 15:00:00
;Grande Niterói;Centro de Niterói;;Amaral Peixoto;Jansen de Melo, Amaral Peixoto, Rua Dr Celestino;;Letras;;"Ajuda combustível R$6,00
whatsapp 964824093";2018-03-13 01:37:05;2018-03-13 01:37:05;1,2,3,4,5;;;;2018-07-06 13:00:00
;Grande Niterói;Centro de Niterói;;Amaral Peixoto;Jansen de Melo, Amaral Peixoto, Rua Dr Celestino;;Letras;;"Ajuda combustível R$6,00
whatsapp 964824093";2018-03-13 01:37:05;2018-03-13 01:37:05;1,2,3,4,5;;;;2018-06-05 13:00:00
;Zona Norte;São Cristóvão;;Feira nordestina ;Ufrj , São Cristóvão ;;Letras;;;2016-09-30 16:03:51;2017-04-19 11:59:25;5;;;;2016-11-04 17:00:00
;Zona Norte;São Cristóvão;;;;;CT: Bloco H;;;2017-08-15 10:51:55;2017-08-15 10:51:55;;;;;2017-08-15 12:00:00
;Grande Niterói;Icaraí Niterói;;;Pela Gavião Peixoto ;;Reitoria;;;2016-04-15 07:41:23;2017-04-19 11:59:25;1,2,3,4,5;;;2016-04-15 07:42:56;2016-05-03 13:30:00
;Região dos Lagos;Cabo Frio;;;;;Polo Universitário;;Valor: R$10,00;2019-05-23 13:57:55;2019-05-23 14:13:47;1,2,3,4,5;2019-07-23;;2019-05-23 14:13:47;2019-05-28 16:00:00
;Grande Niterói;Centro de Niterói;;Amaral Peixoto;Jansen de Melo, Amaral Peixoto, Rua Dr Celestino;;Letras;;"Ajuda combustível R$6,00
whatsapp 964824093";2018-03-13 01:37:05;2018-03-13 01:37:05;1,2,3,4,5;;;;2018-06-13 13:00:00
;Zona Norte;São Cristóvão;;;Pedro II;;CCMN: Frente;;Contribuição pra gasolina é bem-vinda :);2016-05-17 19:02:56;2017-04-19 11:59:25;;;;2016-05-17 19:03:12;2016-05-17 20:00:00
;Grande Niterói;Icaraí Niterói;;;Pela Roberto Silveira;;Reitoria;;;2016-09-02 00:29:04;2017-04-19 11:59:25;1,2,3,4,5;;;;2016-10-27 07:30:00
;Grande Niterói;Icaraí Niterói;;;Rota: 7 de Setembro + Roberto Silveira;;Reitoria;;"Oie, vou quase todo dia esse horário. 
Peço só uma ajuda para a gasolina de 5 reais.";2018-03-26 23:28:05;2018-03-26 23:28:05;1,2,3,4;;;;2018-05-01 07:30:00
;Zona Norte;São Cristóvão;;17ª DP;Linha Vermelha, Campo De São Cristóvão, Quinta Da Boa Vista, Metrô De São Cristóvão;;CT: Bloco H;;;2016-10-06 16:29:48;2017-04-19 11:59:25;4;;;2017-01-27 11:46:54;2017-02-02 17:00:00
;Zona Norte;São Cristóvão;;17ª DP;Quinta da Boa Vista, Feira de São Cristóvão, Linha Vermelha;;CT;;;2017-10-05 20:18:40;2017-10-05 20:18:40;5;;;;2017-11-17 08:00:00
;Grande Niterói;Fonseca;;;Linha Vermelha-Ponte-Alameda;;CT: Bloco H;;Sou motorista prudente. Contribuição de R$6;2017-03-15 05:37:28;2017-04-19 11:59:25;3,5;;;2017-03-15 13:38:35;2017-03-29 17:00:00
;Zona Oeste;Jacarepaguá ;;Praça seca - Vila Valqueire ;Linha Amarela-Piedade-Rua Goiás - Terminal De Cascadura- Tem Tudo - Assai Campinho- Mundial Praça Seca ;;CT;;;2016-04-29 19:52:04;2017-04-19 11:59:25;1,2,3,4,5;;;;2016-07-22 20:00:00
;Grande Niterói;Icaraí-Niterói;;Campo de São Bento;Saindo da Otávio Carneiro, Lopes Trovão, pela Roberto Silveira até a ponte;;CCS;;"Saída às 6:25.
Não é permitido fumar no carro.
Contribuição de R$ 5,00.";2019-01-06 20:50:34;2019-01-06 21:17:14;1,2,3,4,5;2019-03-07;;2019-01-06 21:17:14;2019-03-07 07:15:00
;Grande Niterói;Icaraí Niterói;;;Pela Gavião Peixoto ;;Reitoria;;;2016-04-15 07:41:23;2017-04-19 11:59:25;1,2,3,4,5;;;2016-04-15 08:01:22;2016-05-30 13:30:00
;Grande Niterói;Santa Rosa ;;;Icarai;;CT: Bloco H;;;2016-04-11 09:57:27;2017-04-19 11:59:25;;;;;2016-04-11 17:00:00
;Grande Niterói;Fonseca;;Wiseup;;;CT: Bloco H;;Ajuda com 5 reais. ;2017-04-10 18:24:17;2017-04-19 11:59:25;1,2,3;;;;2017-06-05 15:00:00
;Zona Norte;São Cristóvão;;Campo de São Cristóvão;Campo de São Cristóvão;;CT;;;2016-04-20 09:30:34;2017-04-19 11:59:25;1,2,3,4,5;;;;2016-04-25 07:50:00
;Grande Niterói;Fonseca;;Alameda;22 DE NOVEMBRO, ALAMEDA;;Letras;;"WhatsApp 964824093
Ajuda para combustível R$6,00";2018-03-13 01:33:44;2018-03-13 01:33:44;1,3,5;;;;2018-06-22 07:30:00
;Zona Norte;São Cristóvão;;;metrô de São Cristóvão, feira de tradições nordestinas..;;CT: Bloco A;;"R$2 pela carona para ajuda de custos.
CT -> Letras -> ponte do saber -> linha vermelha -> (podendo passar pela leopoldina ou) feira de São Cristóvão -> Quinta da boa vista -> metrô de São Cristóvão -> Quinta D'or";2016-05-02 14:15:00;2017-04-19 11:59:25;1,2;;;;2016-05-31 22:00:00
;Grande Niterói;Centro de Niterói;;Amaral Peixoto;Jansen de Melo, Amaral Peixoto, Rua Dr Celestino;;Letras;;"Ajuda combustível R$6,00
whatsapp 964824093";2018-03-13 01:37:05;2018-03-13 01:37:05;1,2,3,4,5;;;;2018-04-05 13:00:00
;Zona Norte;São Cristóvão;;Feira nordestina ;Ufrj , São Cristóvão ;;Letras;;;2016-09-30 16:03:51;2017-04-19 11:59:25;5;;;;2016-10-21 17:00:00
;Grande Niterói;Fonseca - Niteroi ;;Alameda - Fonseca;;;CT: Bloco A;;"Pedimos colaboração de 5 reais;
Entrar em contato por wpp 21 99575-7872
";2016-05-05 13:21:11;2017-04-19 11:59:25;2,4;;;2016-05-05 17:14:06;2016-05-24 17:00:00
;Zona Norte;São Cristóvão;;Colégio pedro II;;;CCMN;;Contribuições são bem-vindas :);2016-06-20 22:39:21;2017-04-19 11:59:25;;;;;2016-06-21 07:20:00
;Zona Norte;São Cristóvão;;Feira nordestina ;Ufrj , São Cristóvão ;;Letras;;;2016-09-30 16:03:51;2017-04-19 11:59:25;5;2016-11-30;;;2016-09-30 17:00:00
;Grande Niterói;Maria Paula;;moinho;alameda;;CCMN;;"
$4,00 por pessoa. Faço uma volta no moinho e pego a ponte. ";2016-04-27 21:24:00;2017-04-19 11:59:25;1,2,3,4,5;;;2016-05-06 16:19:09;2016-05-19 09:00:00
;Grande Niterói;Fonseca;;22 de novembro;Alameda São Boaventura;;Letras;;"- Sem cigarros durante a viagem por gentileza.

ZAP 964824093
R$6,00 de auxílio gasolina

Peço R$6,00 para ajuda no combustível.

ZAP 964824093";2017-09-08 17:38:20;2017-09-08 17:38:20;2,3,4,5;;;;2017-11-21 07:30:00
;Grande Niterói;Icaraí;;Campo de São Bento;Av. Roberto Silveira, Marquês de Paraná;;CCS;;Saindo 6:20. Contribuição R$ 5;2016-07-21 23:54:11;2017-04-19 11:59:25;1,2,3,4,5;;;;2016-10-18 07:20:00
;Região dos Lagos;Cabo Frio;;;;;Polo Universitário;;Valor: R$10,00;2019-05-23 13:57:55;2019-05-23 14:13:30;1,2,3,4,5;2019-07-23;;2019-05-23 14:13:30;2019-05-23 16:00:00
;Grande Niterói;Icaraí;;Campo de São Bento;Av. Roberto Silveira, Marquês de Paraná;;CCS;;Saindo 6:20. Contribuição R$ 5;2016-07-21 23:54:11;2017-04-19 11:59:25;1,2,3,4,5;;;;2016-11-09 07:20:00
;Grande Niterói;Fonseca;;Alameda;22 DE NOVEMBRO, ALAMEDA;;Letras;;"WhatsApp 964824093
Ajuda para combustível R$5,00";2018-08-25 05:09:22;2018-08-25 05:09:22;1,2,3,5;;;;2018-10-12 07:30:00
;Grande Niterói;Icaraí;;Campo de São Bento;Av. Roberto Silveira, Marquês de Paraná;;CCS;;Saindo 6:20. Contribuição R$ 5;2016-07-21 23:54:11;2017-04-19 11:59:25;1,2,3,4,5;;;2016-10-25 00:31:09;2016-10-25 07:20:00
;Grande Niterói;Centro de Niterói;;Amaral Peixoto;Jansen de Melo, Amaral Peixoto, Rua Dr Celestino;;Letras;;"Ajuda combustível R$6,00
whatsapp 964824093";2018-03-13 01:37:05;2018-08-25 05:07:03;1,2,3,4,5;;;;2018-07-13 13:00:00
;Grande Niterói;Centro de Niterói;;Amaral Peixoto;Jansen de Melo, Amaral Peixoto, Rua Dr Celestino;;Letras;;"Ajuda combustível R$6,00
whatsapp 964824093";2018-03-13 01:37:05;2018-03-13 01:37:05;1,2,3,4,5;;;;2018-07-04 13:00:00
;Região dos Lagos;Unamar;;Retão-Unamar;Amaral Peixoto - linha verde;;Polo Universitário;;"R$5,00 p/vaga
Chamem no wpp : 021 97219-3236";2019-03-13 22:27:31;2019-03-13 22:27:31;3,4;2019-07-14;;;2019-05-23 13:30:00
;Grande Niterói;Fonseca;;22 de novembro;Alameda São Boaventura;;Letras;;"- Sem cigarros durante a viagem por gentileza.

ZAP 964824093
R$6,00 de auxílio gasolina

Peço R$6,00 para ajuda no combustível.

ZAP 964824093";2017-09-08 17:38:20;2017-09-08 17:38:20;2,3,4,5;;;;2017-10-04 07:30:00
;Grande Niterói;Itaipuaçu;;;Niterói-Região oceânica;;CT;;moro em Itaipuaçu, e posso mudar meu caminho entre RJ 106 e região oceânica de Niterói para a carona.;2018-03-11 15:36:40;2018-03-11 15:36:40;1;;;;2018-04-30 07:15:00
;Baixada;Xerém;;Rua Senador Vergueiro;Marques De Abrantes, Pinheiro Machado, Sta Barbara, Presidente Vargas, Linha Vermelha;;CT: Bloco A;;"Não fumo, não o façam dentro do carro, por favor.
Contribuição R$4,00
Temperatura do ar condicionado 19ºC (quem for atrás, tem saída para vocês)
Qualquer coisa manda WhatsApp (21)981665652";2018-04-14 14:28:13;2018-04-14 14:28:13;1,5;;;;2018-06-04 14:00:00
;Grande Niterói;Icaraí;;Campo de São Bento;Av. Roberto Silveira, Marquês de Paraná;;CCS;;;2016-10-25 00:30:57;2017-04-19 11:59:25;1,2,3,4,5;;;;2016-11-16 08:00:00
;Zona Norte;São Cristóvão;;17ª DP;Quinta da Boa Vista, Feira de São Cristóvão, Linha Vermelha;;Letras;;;2017-09-27 17:15:34;2017-09-27 17:15:34;1,2,3,4,5;;;;2017-10-31 17:19:00
;Grande Niterói;Itaipuaçu;;;Niterói-Região oceânica;;CT;;moro em Itaipuaçu, e posso mudar meu caminho entre RJ 106 e região oceânica de Niterói para a carona.;2018-03-11 15:36:40;2018-03-11 15:36:40;1;;;;2018-04-09 07:15:00
;Zona Norte;São Cristóvão;;17ª DP;Linha Vermelha, Campo De São Cristóvão, Quinta Da Boa Vista, Metrô De São Cristóvão;;CT: Bloco H;;;2016-04-27 16:46:22;2017-04-19 11:59:25;3,5;2016-06-27;;;2016-04-27 17:00:00
;Grande Niterói;Maria Paula;;moinho;alameda;;CCMN;;"
$4,00 por pessoa. Faço uma volta no moinho e pego a ponte. ";2016-04-27 21:24:01;2017-04-19 11:59:25;1,2,3,4,5;;;;2016-06-08 09:00:00
;Grande Niterói;Fonseca;;;Linha Vermelha-Ponte-Alameda;;CT: Bloco H;;Sou motorista prudente. Contribuição de R$6;2017-03-15 05:37:28;2017-04-19 11:59:25;3,5;2017-05-15;;2017-03-15 13:43:48;2017-03-15 17:00:00
;Grande Niterói;Icaraí Niterói;;;Pela Gavião Peixoto ;;Reitoria;;;2016-04-15 07:41:23;2017-04-19 11:59:25;1,2,3,4,5;;;2016-04-15 07:42:31;2016-04-22 13:30:00
;Zona Norte;São Cristóvão;;Campo do Vasco;Linha Vermelha, Cancela, Campo do vasco;;CT: Bloco H;;;2018-10-05 17:48:29;2018-10-05 17:48:29;1,2,3,4,5;;;;2018-10-24 18:00:00
;Região Serrana;Petrópolis;;Universidade Estácio da Bingen.;;;CT: Bloco A;;;2018-04-03 15:57:02;2018-04-03 15:57:02;1,3;;;;2018-07-04 16:20:00
;Grande Niterói;Fonseca;;Wiseup;;;CT: Bloco H;;Ajuda com 5 reais. ;2017-04-10 18:24:17;2017-04-19 11:59:25;1,2,3;;;;2017-06-06 15:00:00
;Região dos Lagos;Unamar;;Retão-Unamar;Amaral Peixoto - linha verde;;Polo Universitário;;"R$5,00 p/vaga
Chamem no wpp : 021 97219-3236";2019-03-13 22:27:31;2019-03-13 22:27:31;3,4;2019-07-14;;;2019-06-20 13:30:00
;Zona Norte;São Cristóvão;;Campo de São Cristóvão;Linha Vermelha ;;CT: Bloco H;;;2016-04-20 09:17:38;2017-04-19 11:59:25;3;;;;2016-05-11 10:30:00
;Grande Niterói;Icaraí Niterói;;;Pela Roberto Silveira;;Reitoria;;;2016-09-02 00:29:04;2017-04-19 11:59:25;1,2,3,4,5;;;;2016-10-26 07:30:00
;Grande Niterói;Maria Paula;;moinho;alameda;;CCMN;;"
$4,00 por pessoa. Faço uma volta no moinho e pego a ponte. ";2016-04-27 21:24:00;2017-04-19 11:59:25;1,2,3,4,5;;;2016-05-06 16:19:05;2016-05-18 09:00:00
;Grande Niterói;Fonseca;;22 de novembro;Alameda São Boaventura;;Letras;;"- Sem cigarros durante a viagem por gentileza.

ZAP 964824093
R$6,00 de auxílio gasolina

Peço R$6,00 para ajuda no combustível.

ZAP 964824093";2017-09-08 17:38:20;2017-09-08 17:38:20;2,3,4,5;;;;2017-11-16 07:30:00
;Região dos Lagos;Cabo Frio;;;;;Polo Universitário;;Valor: R$10,00;2019-05-23 13:57:55;2019-05-23 14:15:32;1,2,3,4,5;2019-07-23;;2019-05-23 14:15:32;2019-06-14 16:00:00
;Zona Norte;São Cristóvão;;Colégio Pedro II ;;;CT: Bloco A;;Contribuições são bem vindas :);2016-06-17 08:16:57;2017-04-19 11:59:25;;;;2016-06-17 11:10:13;2016-06-17 16:00:00
;Grande Niterói;Fonseca;;Alameda;22 DE NOVEMBRO, ALAMEDA;;Letras;;"WhatsApp 964824093
Ajuda para combustível R$6,00";2018-03-13 01:33:44;2018-03-13 01:33:44;1,3,5;;;;2018-05-25 07:30:00
;Zona Norte;São Cristóvão;;Campo de São Cristóvão;Campo de São Cristóvão;;CT;;;2016-04-20 09:30:34;2017-04-19 11:59:25;1,2,3,4,5;;;;2016-06-06 07:50:00
;Baixada;Xerém;;Rua Senador Vergueiro;Marques De Abrantes, Pinheiro Machado, Sta Barbara, Presidente Vargas, Linha Vermelha;;CT: Bloco A;;"Não fumo, não o façam dentro do carro, por favor.
Contribuição R$4,00
Temperatura do ar condicionado 19ºC (quem for atrás, tem saída para vocês)
Qualquer coisa manda WhatsApp (21)981665652";2018-04-14 14:29:04;2018-04-14 14:29:04;3;;;;2018-08-01 12:00:00
;Grande Niterói;Fonseca;;Alameda;22 DE NOVEMBRO, ALAMEDA;;Letras;;"WhatsApp 964824093
Ajuda para combustível R$6,00";2018-03-13 01:33:44;2018-03-13 01:33:44;1,3,5;;;;2018-07-06 07:30:00
;Grande Niterói;Fonseca;;22 de novembro;Alameda São Boaventura;;Letras;;"- Sem cigarros durante a viagem por gentileza.

ZAP 964824093
R$6,00 de auxílio gasolina

Peço R$6,00 para ajuda no combustível.

ZAP 964824093";2017-09-08 17:38:20;2017-09-08 17:38:20;2,3,4,5;;;;2017-10-27 07:30:00
;Grande Niterói;Niterói - Icaraí ;;Posto no final da Roberto Silveira ou colégio Abel.;Roberto Silveira - Marquês de Paraná - Ponte.;;CCMN;;"Ponto de encontro: Posto entre a Roberto Silveira e Marques de Paraná.
Preço da carona:
3 pessoas: R$ 6,00.
4 ou mais: R$ 5,00.
Passo pelo CCS se for preciso.";2016-05-30 19:36:43;2017-04-19 11:59:25;1,2,3,4,5;;;;2016-06-02 07:00:00
;Grande Niterói;Icaraí-Niterói;;Campo de São Bento;Saindo da Otávio Carneiro, Lopes Trovão, pela Roberto Silveira até a ponte;;CCS;;"Saída às 6:25.
Não é permitido fumar no carro.
Contribuição de R$ 5,00.";2019-01-06 20:50:34;2019-01-06 21:04:49;1,2,3,4,5;2019-03-07;;2019-01-06 21:04:49;2019-01-14 07:15:00
;Centro;bairro de Fátima;;Bairro de Fátima;Linha Vermelha, Cidade Nova e Bairro de Fátima;;Letras;;;2017-03-15 12:39:44;2017-04-19 11:59:25;2,4;;;;2017-05-30 21:45:00
;Zona Norte;São Cristóvão;;17ª DP;Quinta da Boa Vista, Feira de São Cristóvão, Linha Vermelha;;CT;;;2017-10-05 20:18:40;2017-10-05 20:18:40;5;;;;2017-11-24 08:00:00
;Grande Niterói;Centro de Niterói;;Amaral Peixoto;Jansen de Melo, Amaral Peixoto, Rua Dr Celestino;;Letras;;"Ajuda combustível R$6,00
whatsapp 964824093";2018-03-13 01:37:05;2018-03-13 01:37:05;1,2,3,4,5;;;;2018-04-12 13:00:00
;Grande Niterói;Icaraí;;Campo de São Bento;Av. Roberto Silveira, Marquês de Paraná;;CCS;;Saindo 6:20. Contribuição R$ 5;2016-07-21 23:54:11;2017-04-19 11:59:25;1,2,3,4,5;;;;2016-10-28 07:20:00
;Baixada;Xerém ;;;;;CT;;;2016-09-09 18:14:30;2017-04-19 11:59:25;1;;;;2016-11-21 12:00:00
;Zona Oeste;Jacarepaguá ;;Praça seca - Vila Valqueire ;Linha Amarela-Piedade-Rua Goiás - Terminal De Cascadura- Tem Tudo - Assai Campinho- Mundial Praça Seca ;;CT;;;2016-04-29 19:52:03;2017-04-19 11:59:25;1,2,3,4,5;;;2016-04-29 19:57:20;2016-05-03 20:00:00
;Zona Norte;São Cristóvão ;;;CT > Linha Vermelha > Feira de São Cristóvão > Largo da Cancela > próximo ao Estádio São Januário ;;CT: Bloco A;;;2016-04-13 10:24:33;2017-04-19 11:59:25;1,3;;;2016-04-13 10:25:56;2016-06-01 14:05:00
;Zona Norte;São Cristóvão;;quinta dor;;;CT: Bloco A;;;2016-05-20 11:19:58;2017-04-19 11:59:25;;;;;2016-05-20 12:10:00
;Grande Niterói;Icaraí;;Campo de São Bento;Av. Roberto Silveira, Marquês de Paraná;;CCS;;Saindo 6:20. Contribuição R$ 5;2016-07-21 23:54:11;2017-04-19 11:59:25;1,2,3,4,5;;;;2016-09-23 07:20:00
;Região dos Lagos;Cabo Frio;;;;;Polo Universitário;;Valor: R$10,00;2019-05-23 14:04:16;2019-05-23 14:15:56;1,3,4,5;2019-07-27;;2019-05-23 14:15:56;2019-06-19 07:30:00
;Região dos Lagos;Cabo Frio;;;;;Polo Universitário;;Valor: R$10,00;2019-05-23 14:04:16;2019-05-23 14:11:11;1,3,4,5;2019-07-27;;2019-05-23 14:11:11;2019-06-06 07:30:00
;Grande Niterói;Fonseca - Niteroi ;;Alameda - Fonseca;;;CT: Bloco A;;"Saio do CT até a Alameda Boa Ventura, no Fonseca. Não aceitamos fumantes
Entrar em contato no wpp:
 21 99575-7872

Pedimos colaboração de 5 dinheiros ";2016-05-05 13:17:16;2017-04-19 11:59:25;2,4,5;;;2016-05-05 13:17:45;2016-05-10 14:00:00
;Grande Niterói;Icaraí-Niterói;;Campo de São Bento;Saindo da Otávio Carneiro, Lopes Trovão, pela Roberto Silveira até a ponte;;CCS;;"Saída às 6:25.
Não é permitido fumar no carro.
Contribuição de R$ 5,00.";2019-01-06 20:50:34;2019-01-06 21:07:08;1,2,3,4,5;2019-03-07;;2019-01-06 21:07:08;2019-01-16 07:15:00
;Centro;bairro de Fátima;;Bairro de Fátima;Linha Vermelha, Cidade Nova e Bairro de Fátima;;Letras;;;2017-03-15 12:39:44;2017-04-19 11:59:25;2,4;;;;2017-06-15 21:45:00
;Região dos Lagos;Cabo Frio;;Unamar;Amaral Peixoto;;Polo Universitário;;;2019-08-10 18:56:15;2019-08-10 18:56:15;1;2019-12-12;;;2019-09-23 13:30:00
;Zona Norte;São Cristóvão;;17ª DP;Linha Vermelha, Campo De São Cristóvão, Quinta Da Boa Vista, Metrô De São Cristóvão;;CT: Bloco A;;;2016-04-27 16:41:57;2017-04-19 11:59:25;3,5;;;2016-04-27 16:42:22;2016-04-29 17:00:00
;Grande Niterói;Fonseca;;Alameda;22 DE NOVEMBRO, ALAMEDA;;Letras;;"WhatsApp 964824093
Ajuda para combustível R$6,00";2018-03-13 01:33:44;2018-03-13 01:33:44;1,3,5;;;;2018-06-04 07:30:00
;Grande Niterói;Fonseca;;22 de novembro;Alameda São Boaventura;;Letras;;"- Sem cigarros durante a viagem por gentileza.

ZAP 964824093
R$6,00 de auxílio gasolina

Peço R$6,00 para ajuda no combustível.

ZAP 964824093";2017-09-08 17:38:20;2017-09-08 17:38:20;2,3,4,5;;;;2017-11-22 07:30:00
;Zona Norte;São Cristóvão;;;metrô de São Cristóvão, feira de tradições nordestinas..;;CT: Bloco A;;"R$2 pela carona para ajuda de custos.
CT -> Letras -> ponte do saber -> linha vermelha -> (podendo passar pela leopoldina ou) feira de São Cristóvão -> Quinta da boa vista -> metrô de São Cristóvão -> Quinta D'or";2016-05-02 14:15:13;2017-04-19 11:59:25;3;;;2016-06-08 20:14:09;2016-06-08 21:00:00
;Região dos Lagos;Cabo Frio;;Rodoviária de Cabo Frio;Cabo Frio, São Pedro, Unamar, Barra, Serramar, BR-101;;Polo Universitário;;Saio cedo de Cabo Frio direto para o campus.;2019-03-24 20:48:52;2019-03-24 20:48:52;;;;;2019-03-25 06:00:00
;Grande Niterói;Fonseca - Niteroi ;;Alameda - Fonseca;;;CT: Bloco A;;;2016-05-05 13:46:53;2017-04-19 11:59:25;2,3,4,5;;;2016-05-05 17:15:37;2016-06-01 08:00:00
;Região dos Lagos;Cabo Frio;;;;;Polo Universitário;;Valor: R$10,00;2019-05-23 13:57:55;2019-05-23 14:15:12;1,2,3,4,5;2019-07-23;;2019-05-23 14:15:12;2019-06-12 16:00:00
;Grande Niterói;Maria Paula;;moinho;alameda;;CCMN;;"
$4,00 por pessoa. Faço uma volta no moinho e pego a ponte. ";2016-04-27 21:24:00;2017-04-19 11:59:25;1,2,3,4,5;;;2016-05-06 16:19:12;2016-05-20 09:00:00
;Grande Niterói;Centro de Niterói;;Amaral Peixoto;Jansen de Melo, Amaral Peixoto, Rua Dr Celestino;;Letras;;"Ajuda combustível R$6,00
whatsapp 964824093";2018-03-13 01:37:05;2018-03-13 01:37:05;1,2,3,4,5;;;;2018-05-15 13:00:00
;Grande Niterói;Icaraí-Niterói;;Campo de São Bento;Saindo da Otávio Carneiro, Lopes Trovão, pela Roberto Silveira até a ponte;;CCS;;"Saída às 6:25.
Não é permitido fumar no carro.
Contribuição de R$ 5,00.";2019-01-06 20:50:34;2019-01-06 21:13:18;1,2,3,4,5;2019-03-07;;2019-01-06 21:13:18;2019-02-15 07:15:00
;Grande Niterói;Maria Paula;;moinho;alameda;;CCMN;;"
$4,00 por pessoa. Faço uma volta no moinho e pego a ponte. ";2016-04-27 21:24:01;2017-04-19 11:59:25;1,2,3,4,5;;;;2016-06-23 09:00:00
;Grande Niterói;Icaraí Niterói;;;Pela Gavião Peixoto ;;Reitoria;;;2016-04-15 07:41:23;2017-04-19 11:59:25;1,2,3,4,5;;;2016-04-15 07:43:35;2016-05-10 13:30:00
;Grande Niterói;Fonseca - Niteroi ;;Alameda - Fonseca;;;CT: Bloco A;;;2016-05-05 13:46:53;2017-04-19 11:59:25;2,3,4,5;;;2016-05-05 17:16:24;2016-06-24 08:00:00
;Zona Norte;São Cristóvão;;Feira nordestina ;Ufrj , São Cristóvão ;;Letras;;Não fumo ;2016-09-25 23:11:03;2017-04-19 11:59:25;1,3,5;;;;2016-11-25 21:20:00
;Grande Niterói;Fonseca - Niteroi ;;Alameda - Fonseca;;;CT: Bloco A;;"Pedimos colaboração de 5 reais;
Entrar em contato por wpp 21 99575-7872
";2016-05-05 13:21:11;2017-04-19 11:59:25;2,4;;;2016-05-05 17:14:33;2016-06-21 17:00:00
;Grande Niterói;Fonseca;;Alameda;22 DE NOVEMBRO, ALAMEDA;;Letras;;"WhatsApp 964824093
Ajuda para combustível R$5,00";2018-08-25 05:09:22;2018-08-25 05:09:22;1,2,3,5;;;;2018-12-11 07:30:00
;Região Serrana;Petrópolis;;;;;CCS: Frente;;;2016-09-21 14:46:10;2017-04-19 11:59:25;;;;;2016-09-21 16:20:00
;Grande Niterói;Fonseca;;;Linha Vermelha-Ponte-Alameda;;CT: Bloco H;;Sou motorista prudente. Contribuição de R$6;2017-03-15 05:37:28;2017-04-19 11:59:25;3,5;;;2017-03-15 13:42:43;2017-04-26 17:00:00
;Grande Niterói;Centro de Niterói;;Amaral Peixoto;Jansen de Melo, Amaral Peixoto, Rua Dr Celestino;;Letras;;"Ajuda combustível R$6,00
whatsapp 964824093";2018-03-13 01:37:05;2018-03-13 01:37:05;1,2,3,4,5;;;;2018-05-09 13:00:00
;Zona Norte;São Cristóvão;;Feira nordestina ;Ufrj , São Cristóvão ;;Letras;;Não fumo ;2016-09-25 23:11:03;2017-04-19 11:59:25;1,3,5;;;;2016-10-05 21:20:00
;Região Centro-Sul;Vassouras;;;;;CT;;;2016-05-03 12:20:00;2017-04-19 11:59:25;;;;;2016-05-03 14:00:00
;Grande Niterói;Fonseca;;22 de novembro;Alameda São Boaventura;;Letras;;"- Sem cigarros durante a viagem por gentileza.

ZAP 964824093
R$6,00 de auxílio gasolina

Peço R$6,00 para ajuda no combustível.

ZAP 964824093";2017-09-08 17:38:20;2017-09-08 17:38:20;2,3,4,5;;;;2017-10-19 07:30:00
;Zona Norte;São Cristóvão ;;;CT > Linha Vermelha > Feira de São Cristóvão > Largo da Cancela > próximo ao Estádio São Januário ;;CT: Bloco A;;;2016-04-13 10:24:33;2017-04-19 11:59:25;1,3;;;2016-04-13 10:25:45;2016-06-13 14:05:00
;Grande Niterói;Fonseca;;Alameda;22 DE NOVEMBRO, ALAMEDA;;Letras;;"WhatsApp 964824093
Ajuda para combustível R$5,00";2018-08-25 05:09:22;2018-08-25 05:09:22;1,2,3,5;;;;2018-09-26 07:30:00
;Zona Norte;São Cristóvão;;17ª DP;Quinta da Boa Vista, Feira de São Cristóvão, Linha Vermelha;;Letras;;;2017-09-27 17:15:34;2017-09-27 17:15:34;1,2,3,4,5;;;;2017-10-16 17:19:00
;Grande Niterói;Santa Rosa - Niterói ;;Noronha Torrezão;Alameda, 22 de Novembro, Noronha Torrezão;;CCMN: Frente;;As contribuições não são obrigatórias, mas bem-vindas. Não desvio minha rota pelo Centro.;2016-06-21 12:23:11;2017-04-19 11:59:25;2,4;;;;2016-07-19 15:00:00
;Grande Niterói;Icaraí;;Campo de São Bento;Av. Roberto Silveira, Marquês de Paraná;;CCS;;Saindo 6:20. Contribuição R$ 5;2016-07-21 23:54:10;2017-04-19 11:59:25;1,2,3,4,5;;;;2016-08-03 07:20:00
;Zona Norte;São Cristóvão;;17ª DP;Quinta da Boa Vista, Feira de São Cristóvão, Linha Vermelha;;Letras;;;2017-09-27 17:15:34;2017-09-27 17:15:34;1,2,3,4,5;;;;2017-09-28 17:19:00
;Grande Niterói;Icaraí;;Campo de São Bento;Av. Roberto Silveira, Marquês de Paraná;;CCS;;Saindo 6:20. Contribuição R$ 5;2016-07-21 23:54:10;2017-04-19 11:59:25;1,2,3,4,5;;;;2016-08-04 07:20:00
;Região dos Lagos;Cabo Frio;;;;;Polo Universitário;;Valor: R$10,00;2019-05-23 14:04:16;2019-05-23 14:16:58;1,3,4,5;2019-07-27;;2019-05-23 14:16:58;2019-06-26 07:30:00
;Baixada;XERÉM ;;Bloco H;;;CCMN: Frente;;;2016-09-09 18:16:08;2017-04-19 11:59:25;3;2016-11-14;;;2016-09-14 12:00:00
;Região dos Lagos;Cabo Frio;;;;;Polo Universitário;;Valor: R$10,00;2019-05-23 13:57:55;2019-05-23 14:18:35;1,2,3,4,5;2019-07-23;;2019-05-23 14:18:35;2019-07-10 16:00:00
;Zona Norte;São Cristóvão;;Largo da Cancela;Rua S. Luiz Gonzaga, Linha Vermelha;;CT;;;2016-05-18 00:25:22;2017-04-19 11:59:25;;;;;2016-05-18 09:00:00
;Grande Niterói;Icaraí;;Campo de São Bento;Av. Roberto Silveira, Marquês de Paraná;;CCS;;;2016-10-25 00:30:57;2017-04-19 11:59:25;1,2,3,4,5;;;;2016-11-25 08:00:00
;Baixada;Xerém ;;;;;CT;;;2016-09-09 18:14:30;2017-04-19 11:59:25;1;;;;2016-10-03 12:00:00
;Região dos Lagos;Arraial do Cabo;;Figueira;Via Praia Seca, Bacaxá, São Gonçalo;;CT;;;2019-03-15 07:47:14;2019-03-15 07:47:14;4;2019-05-15;;;2019-03-28 15:00:00
;Zona Oeste;Praça Seca;;Rua Pinto Teles;Rua Cândido Benício, Rua Goiás, Cascadura, Linha Amarela;;EEFD;;5 R$ de contribuição. Deixo em outros prédios;2018-08-21 14:24:18;2018-08-21 14:24:18;;;;;2018-08-21 18:20:00
;Grande Niterói;Maria Paula;;moinho;alameda;;CCMN;;"
$4,00 por pessoa. Faço uma volta no moinho e pego a ponte. ";2016-04-27 21:24:00;2017-04-19 11:59:25;1,2,3,4,5;;;2016-05-06 16:19:16;2016-05-23 09:00:00
;Baixada;Xerém ;;Postinho de Saúde ;Caxias Shopping,  W. Luís,  Santa Cruz da Serra ;;CT: Bloco H;;Viagem de Volta do CT para Xerém,  caso queira parar em algum bairro intermediário,  pode. ;2016-04-14 01:05:30;2017-04-19 11:59:25;2,4;;;;2016-07-28 17:00:00
;Grande Niterói;Icaraí Niterói;;;Rota: 7 de Setembro + Roberto Silveira;;Reitoria;;"Oie, vou quase todo dia esse horário. 
Peço só uma ajuda para a gasolina de 5 reais.";2018-03-26 23:28:05;2018-03-26 23:28:05;1,2,3,4;;;;2018-05-02 07:30:00
;Região dos Lagos;Cabo Frio;;;;;Polo Universitário;;Valor: R$10,00;2019-05-23 13:57:55;2019-05-23 14:14:12;1,2,3,4,5;2019-07-23;;2019-05-23 14:14:12;2019-06-04 16:00:00
;Grande Niterói;Maricá;;;Niterói/Alameda;;Letras;;;2016-04-10 06:36:31;2017-04-19 11:59:25;;;;;2016-04-13 07:30:00
;Zona Oeste;Praça Seca;;Rua Pinto Teles;Rua Cândido Benício, Rua Goiás, Cascadura, Linha Amarela;;CCS: HUCFF;;5 R$ de contribuição. Deixo em outros prédios;2018-12-05 21:56:31;2018-12-05 21:56:31;;;;;2018-12-06 21:45:00
;Zona Norte;São Cristóvão ;;;CT > Linha Vermelha > Feira de São Cristóvão > Largo da Cancela > próximo ao Estádio São Januário ;;CT: Bloco A;;;2016-04-13 10:24:33;2017-04-19 11:59:25;1,3;;;2016-04-13 10:26:00;2016-05-30 14:05:00
;Grande Niterói;Icaraí;;Campo de São Bento;Av. Roberto Silveira, Marquês de Paraná;;CCS;;Saindo 6:20. Contribuição R$ 5;2016-07-21 23:54:10;2017-04-19 11:59:25;1,2,3,4,5;;;;2016-08-12 07:20:00
;Grande Niterói;Icaraí;;Campo de São Bento;Av. Roberto Silveira, Marquês de Paraná;;CCS;;;2016-10-25 00:30:57;2017-04-19 11:59:25;1,2,3,4,5;;;;2016-11-21 08:00:00
;Grande Niterói;Fonseca;;22 de novembro;Alameda São Boaventura;;Letras;;"- Sem cigarros durante a viagem por gentileza.

ZAP 964824093
R$6,00 de auxílio gasolina

Peço R$6,00 para ajuda no combustível.

ZAP 964824093";2017-09-08 17:38:20;2017-09-08 17:38:20;2,3,4,5;;;;2017-12-12 07:30:00
;Grande Niterói;Icaraí Niterói;;;Rota: 7 de Setembro + Roberto Silveira;;Reitoria;;"Oie, vou quase todo dia esse horário. 
Peço só uma ajuda para a gasolina de 5 reais.";2018-03-26 23:28:05;2018-03-26 23:28:05;1,2,3,4;;;;2018-04-23 07:30:00
;Grande Niterói;Fonseca - Niteroi ;;Alameda - Fonseca;;;CT: Bloco A;;;2016-05-05 13:46:53;2017-04-19 11:59:25;2,3,4,5;;;2016-05-05 17:15:00;2016-05-12 08:00:00
;Grande Niterói;Fonseca;;Alameda;22 DE NOVEMBRO, ALAMEDA;;Letras;;"WhatsApp 964824093
Ajuda para combustível R$5,00";2018-08-25 05:09:22;2018-08-25 05:09:22;1,2,3,5;;;;2018-09-19 07:30:00
;Região dos Lagos;Unamar;;Retão-Unamar;Amaral Peixoto - linha verde;;Polo Universitário;;"R$5,00 p/vaga
Chamem no wpp : 021 97219-3236";2019-03-13 22:27:31;2019-03-13 22:27:31;3,4;2019-07-14;;;2019-06-13 13:30:00
;Grande Niterói;Fonseca - Niteroi ;;Alameda - Fonseca;;;CT: Bloco A;;"Pedimos colaboração de 5 reais;
Entrar em contato por wpp 21 99575-7872
";2016-05-05 13:21:11;2017-04-19 11:59:25;2,4;;;2016-05-05 17:14:40;2016-06-28 17:00:00
;Zona Norte;São Cristóvão;;;;;CT: Bloco D;;"Colaboração da gasolina opcional

Favor confirmar no whatsapp: 981394014";2016-04-15 07:36:35;2017-04-19 11:59:25;;;;2016-04-15 07:37:09;2016-04-15 17:00:00
;Centro;bairro de Fátima;;Bairro de Fátima;Linha Vermelha, Cidade Nova e Bairro de Fátima;;Letras;;;2017-03-15 12:39:44;2017-04-19 11:59:25;2,4;;;;2017-04-13 21:45:00
;Região dos Lagos;Cabo Frio;;Unamar;Amaral Peixoto;;Polo Universitário;;;2019-08-10 18:56:15;2019-08-10 18:56:15;1;2019-12-12;;;2019-09-30 13:30:00
;Grande Niterói;Fonseca;;Alameda;22 DE NOVEMBRO, ALAMEDA;;Letras;;"WhatsApp 964824093
Ajuda para combustível R$5,00";2018-08-25 05:09:22;2018-08-25 05:09:22;1,2,3,5;;;;2018-12-17 07:30:00
;Zona Oeste;Jacarepaguá ;;Praça seca - Vila Valqueire ;Linha Amarela-Piedade-Rua Goiás - Terminal De Cascadura- Tem Tudo - Assai Campinho- Mundial Praça Seca ;;CT;;;2016-04-29 19:52:03;2017-04-19 11:59:25;1,2,3,4,5;;;;2016-05-23 20:00:00
;Grande Niterói;Fonseca - Niteroi ;;Alameda - Fonseca;;;CT: Bloco A;;"Saio do CT até a Alameda Boa Ventura, no Fonseca. Não aceitamos fumantes
Entrar em contato no wpp:
 21 99575-7872

Pedimos colaboração de 5 dinheiros ";2016-05-05 13:17:17;2017-04-19 11:59:25;2,4,5;;;2016-05-05 13:18:24;2016-05-31 14:00:00
;Grande Niterói;Fonseca;;Alameda;22 DE NOVEMBRO, ALAMEDA;;Letras;;"WhatsApp 964824093
Ajuda para combustível R$6,00";2018-03-13 01:33:44;2018-03-13 01:33:44;1,3,5;;;;2018-07-13 07:30:00
;Grande Niterói;Fonseca;;Alameda;22 DE NOVEMBRO, ALAMEDA;;Letras;;"WhatsApp 964824093
Ajuda para combustível R$6,00";2018-03-13 01:33:44;2018-03-13 01:33:44;1,3,5;;;;2018-06-18 07:30:00
;Grande Niterói;Santa Rosa - Niterói ;;Noronha Torrezão;Alameda, 22 de Novembro, Noronha Torrezão;;CCMN: Frente;;As contribuições não são obrigatórias, mas bem-vindas. Não desvio minha rota pelo Centro.;2016-06-21 12:23:11;2017-04-19 11:59:25;2,4;;;;2016-07-28 15:00:00
;Grande Niterói;Icaraí;;Campo de São Bento;Av. Roberto Silveira, Marquês de Paraná;;CCS;;;2016-10-25 00:30:57;2017-04-19 11:59:25;1,2,3,4,5;;;;2016-12-09 08:00:00
;Zona Norte;São Cristóvão;;Feira nordestina ;Ufrj , São Cristóvão ;;Letras;;Não fumo ;2016-09-25 23:11:03;2017-04-19 11:59:25;1,3,5;;;;2016-11-07 21:20:00
;Zona Norte;São Cristóvão ;;;;;CT: Bloco A;;;2016-09-26 15:16:28;2017-04-19 11:59:25;;;;;2016-09-26 00:00:00
;Grande Niterói;Icaraí Niterói;;;Pela Roberto Silveira;;Reitoria;;;2016-09-02 00:29:04;2017-04-19 11:59:25;1,2,3,4,5;;;;2016-10-17 07:30:00
;Zona Oeste;Praça Seca;;Rua Pinto Teles;Rua Cândido Benício, Rua Goiás, Cascadura, Linha Amarela;;CCS: Frente;;5 R$ de contribuição. Deixo em outros prédios;2018-12-10 00:35:18;2018-12-10 00:35:18;;;;;2018-12-10 21:45:00
;Grande Niterói;Icaraí;;Campo de São Bento;Av. Roberto Silveira, Marquês de Paraná;;CCS;;Saindo 6:20. Contribuição R$ 5;2016-07-21 23:54:10;2017-04-19 11:59:25;1,2,3,4,5;;;;2016-08-31 07:20:00
;Baixada;Xerém ;;Postinho de Saúde ;Caxias Shopping,  W. Luís,  Santa Cruz da Serra ;;CT: Bloco H;;Viagem de Volta do CT para Xerém,  caso queira parar em algum bairro intermediário,  pode. ;2016-04-14 01:05:30;2017-04-19 11:59:25;2,4;;;;2016-04-28 17:00:00
;Grande Niterói;Centro de Niterói;;Amaral Peixoto;Jansen de Melo, Amaral Peixoto, Rua Dr Celestino;;Letras;;"Ajuda combustível R$6,00
whatsapp 964824093";2018-03-13 01:37:05;2018-03-13 01:37:05;1,2,3,4,5;;;;2018-05-03 13:00:00
;Zona Norte;São Cristóvão;;17ª DP;Linha Vermelha, Campo De São Cristóvão, Quinta Da Boa Vista, Metrô De São Cristóvão;;Letras;;;2016-04-27 16:44:21;2017-04-19 11:59:25;3,5;;;2016-04-27 16:45:05;2016-05-27 17:00:00
;Ilha do Fundão;Incubadora;;Incubadora da COPPE;;;CT: Bloco D;;Carona pra Incubadora de Empresas da COPPE! E você ainda de quebra pode conhecer as empresas de lá!;2016-04-12 09:15:40;2017-04-19 11:59:25;2,4;;;;2016-05-05 13:00:00
;Zona Norte;São Cristóvão;;Largo da Cancela;Rua S. Luiz Gonzaga, Linha Vermelha;;CT;;;2016-05-20 00:17:41;2017-04-19 11:59:25;;;;;2016-05-20 09:00:00
;Grande Niterói;icaraí ;;Álvares ;;;CT;;;2017-04-04 07:41:50;2017-04-19 11:59:25;;;;;2017-04-04 10:00:00
;Zona Norte;São Cristóvão;;17ª DP;Quinta da Boa Vista, Feira de São Cristóvão, Linha Vermelha;;Letras;;;2017-09-27 17:15:34;2017-09-27 17:15:34;1,2,3,4,5;;;;2017-11-24 17:19:00
;Grande Niterói;Centro de Niterói;;Amaral Peixoto;Jansen de Melo, Amaral Peixoto, Rua Dr Celestino;;Letras;;"Ajuda combustível R$6,00
whatsapp 964824093";2018-03-13 01:37:05;2018-03-13 01:37:05;1,2,3,4,5;;;;2018-05-25 13:00:00
;Baixada;Xerém ;;;;;CT;;;2016-09-09 18:14:29;2017-04-19 11:59:25;1;;;;2016-09-19 12:00:00
;Zona Norte;São Cristóvão;;Feira nordestina ;Ufrj , São Cristóvão ;;Letras;;Não fumo ;2016-09-25 23:11:03;2017-04-19 11:59:25;1,3,5;;;;2016-10-19 21:20:00
;Zona Norte;São Cristóvão;;próximo ao estádio são Januário (Vasco);campo de São Cristóvão, rua General argolo, rua sao Januário;;CT: Bloco A;;;2016-04-12 14:11:51;2017-04-19 11:59:25;2,4;;;;2016-06-28 17:00:00
;Região dos Lagos;Cabo Frio;;Unamar;Amaral Peixoto;;Polo Universitário;;;2019-08-10 18:56:15;2019-08-10 18:56:15;1;2019-12-12;;;2019-11-11 13:30:00
;Grande Niterói;Maria Paula;;moinho;alameda;;CCMN;;"
$4,00 por pessoa. Faço uma volta no moinho e pego a ponte. ";2016-04-27 21:24:01;2017-04-19 11:59:25;1,2,3,4,5;;;2016-05-16 08:08:28;2016-06-01 09:00:00
;Grande Niterói;Fonseca;;Alameda;22 DE NOVEMBRO, ALAMEDA;;Letras;;"WhatsApp 964824093
Ajuda para combustível R$5,00";2018-08-25 05:09:22;2018-08-25 05:09:22;1,2,3,5;;;;2018-10-17 07:30:00
;Grande Niterói;Icaraí Niterói;;;Pela Roberto Silveira;;Reitoria;;Quem puder dar uma ajudazinea será bem vinda :) ;2016-09-25 11:21:32;2017-04-19 11:59:25;1,3,4,5;;;;2016-09-29 13:00:00
;Grande Niterói;Icaraí;;Campo de São Bento;Av. Roberto Silveira, Marquês de Paraná;;CCS;;;2016-10-25 00:30:57;2017-04-19 11:59:25;1,2,3,4,5;;;;2016-12-21 08:00:00
;Zona Norte;São Cristóvão;;17ª DP;Quinta da Boa Vista, Feira de São Cristóvão, Linha Vermelha;;Letras;;;2017-09-27 17:15:34;2017-09-27 17:15:34;1,2,3,4,5;;;;2017-10-12 17:19:00
;Baixada;Xerém ;;Postinho de Saúde ;Santa Cruz da Serra, W. Luís, Caxias Shopping ;;CT;;Faço sempre o trajeto toda terça e quinta as 8h de Xerém ao CT;2016-04-14 01:03:21;2017-04-19 11:59:25;2,4;;;;2016-07-21 08:00:00
;Zona Norte;São Cristóvão;;17ª DP;Linha Vermelha, Campo De São Cristóvão, Quinta Da Boa Vista;;Letras;;Posso deixar no metrô se quiserem.;2016-04-11 10:01:28;2017-04-19 11:59:25;1;;;2016-04-11 12:03:30;2016-04-25 17:00:00
;Baixada;Xerém ;;Postinho de Saúde ;Caxias Shopping,  W. Luís,  Santa Cruz da Serra ;;CT: Bloco H;;Viagem de Volta do CT para Xerém,  caso queira parar em algum bairro intermediário,  pode. ;2016-04-14 01:05:30;2017-04-19 11:59:25;2,4;;;;2016-08-02 17:00:00
;Grande Niterói;Fonseca;;Alameda;22 DE NOVEMBRO, ALAMEDA;;Letras;;"WhatsApp 964824093
Ajuda para combustível R$6,00";2018-03-13 01:33:44;2018-03-13 01:33:44;1,3,5;;;;2018-04-20 07:30:00
;Grande Niterói;Icaraí;;Campo de São Bento;Av. Roberto Silveira, Marquês de Paraná;;CCS;;;2016-10-25 00:30:57;2017-04-19 11:59:25;1,2,3,4,5;;;;2016-12-05 08:00:00
;Grande Niterói;Icaraí;;Campo de São Bento;Av. Roberto Silveira, Marquês de Paraná;;CCS;;Saindo 6:20. Contribuição R$ 5;2016-07-21 23:54:10;2017-04-19 11:59:25;1,2,3,4,5;;;;2016-08-11 07:20:00
;Baixada;Xerém ;;Postinho de Saúde ;Caxias Shopping,  W. Luís,  Santa Cruz da Serra ;;CT: Bloco H;;Viagem de Volta do CT para Xerém,  caso queira parar em algum bairro intermediário,  pode. ;2016-04-14 01:05:30;2017-04-19 11:59:25;2,4;;;;2016-05-12 17:00:00
;Região dos Lagos;Cabo Frio;;;;;Polo Universitário;;Valor: R$10,00;2019-05-23 13:57:55;2019-05-23 14:17:48;1,2,3,4,5;2019-07-23;;2019-05-23 14:17:48;2019-07-03 16:00:00
;Grande Niterói;Santa Rosa - Niterói ;;Noronha Torrezão;Alameda, 22 de Novembro, Noronha Torrezão;;CCMN: Frente;;As contribuições não são obrigatórias, mas bem-vindas. Não desvio minha rota pelo Centro.;2016-06-21 12:23:11;2017-04-19 11:59:25;2,4;;;;2016-08-18 15:00:00
;Grande Niterói;Santa Rosa - Niterói ;;Noronha Torrezão;Alameda, 22 de Novembro, Noronha Torrezão;;CCMN: Frente;;As contribuições não são obrigatórias, mas bem-vindas. Não desvio minha rota pelo Centro.;2016-06-21 12:23:11;2017-04-19 11:59:25;2,4;;;;2016-08-11 15:00:00
;Região dos Lagos;Cabo Frio;;;;;Polo Universitário;;Valor: R$10,00;2019-05-23 13:57:55;2019-05-23 14:13:37;1,2,3,4,5;2019-07-23;;2019-05-23 14:13:37;2019-05-27 16:00:00
;Grande Niterói;Fonseca;;;Linha Vermelha-Ponte-Alameda;;CT: Bloco H;;Sou motorista prudente. Contribuição de R$6;2017-03-15 05:37:28;2017-04-19 11:59:25;3,5;;;2017-03-15 13:42:31;2017-05-03 17:00:00
;Grande Niterói;Santa Catarina (São Gonçalo);;Perto do Fórum Novo;Ponte do Saber - Linha Vermelha - Ponte - Contorno - Neves - Barro Vermelho - Santa Catarina;;Letras;;Não fumo. Corrida compartilhada.;2016-04-23 16:58:35;2017-04-19 11:59:25;;;;;2016-04-25 18:30:00
;Baixada;Xerém ;;Postinho de Saúde ;Caxias Shopping,  W. Luís,  Santa Cruz da Serra ;;CT: Bloco H;;Viagem de Volta do CT para Xerém,  caso queira parar em algum bairro intermediário,  pode. ;2016-04-14 01:05:30;2017-04-19 11:59:25;2,4;;;;2016-04-26 17:00:00
;Região dos Lagos;Unamar;;Retão-Unamar;Amaral Peixoto - linha verde;;Polo Universitário;;"R$5,00 p/vaga
Chamem no wpp : 021 97219-3236";2019-03-13 22:26:51;2019-03-13 22:26:51;1,2;2019-07-18;;;2019-05-07 10:00:00
;Baixada;Xerém ;;Postinho de Saúde ;Santa Cruz da Serra, W. Luís, Caxias Shopping ;;CT;;Faço sempre o trajeto toda terça e quinta as 8h de Xerém ao CT;2016-04-14 01:03:21;2017-04-19 11:59:25;2,4;;;;2016-06-23 08:00:00
;Grande Niterói;Centro (Niterói);;Saindo de Icaraí às 6:45h;Icaraí - Centro - Ponte - L. Vermelha - Fundão;;CCS;;Saindo de Icaraí 6:45 e chegando no Fundão às 7:45h;2019-09-30 07:30:32;2019-09-30 07:30:32;5;2019-11-30;;;2019-10-18 08:00:00
;Região dos Lagos;Cabo Frio;;;;;Polo Universitário;;Valor: R$10,00;2019-05-23 13:57:55;2019-05-23 14:19:31;1,2,3,4,5;2019-07-23;;2019-05-23 14:19:31;2019-07-18 16:00:00
;Zona Oeste;Praça Seca;;Rua Pinto Teles;Rua Cândido Benício, Rua Goiás, Cascadura, Linha Amarela;;CCS;;5 R$ de contribuição. Deixo em outros prédios;2018-12-03 12:10:15;2018-12-03 12:10:15;;;;;2018-12-03 17:00:00
;Baixada;Xerém ;;Postinho de Saúde ;Caxias Shopping,  W. Luís,  Santa Cruz da Serra ;;CT: Bloco H;;Viagem de Volta do CT para Xerém,  caso queira parar em algum bairro intermediário,  pode. ;2016-04-14 01:05:30;2017-04-19 11:59:25;2,4;;;;2016-08-16 17:00:00
;Grande Niterói;Icaraí;;Campo de São Bento;Av. Roberto Silveira, Marquês de Paraná;;CCS;;Saindo 6:20. Contribuição R$ 5;2016-07-21 23:54:11;2017-04-19 11:59:25;1,2,3,4,5;;;;2016-09-14 07:20:00
;Grande Niterói;Icaraí;;Campo de São Bento;Av. Roberto Silveira, Marquês de Paraná;;CCS;;Saindo 6:20. Contribuição R$ 5;2016-07-21 23:54:11;2017-04-19 11:59:25;1,2,3,4,5;;;;2016-11-04 07:20:00
;Zona Norte;São Cristóvão;;17ª DP;Quinta da Boa Vista, Feira de São Cristóvão, Linha Vermelha;;Letras;;;2017-09-27 17:15:34;2017-09-27 17:15:34;1,2,3,4,5;;;;2017-10-02 17:19:00
;Zona Norte;São Cristóvão;;17ª DP;Linha Vermelha, Campo De São Cristóvão, Quinta Da Boa Vista, Metrô De São Cristóvão;;CT: Bloco A;;;2016-04-27 16:41:57;2017-04-19 11:59:25;3,5;;;2016-04-27 16:43:05;2016-06-03 17:00:00
;Grande Niterói;Fonseca;;Wiseup;;;CT: Bloco H;;Ajuda com 5 reais. ;2017-04-10 18:24:17;2017-04-19 11:59:25;1,2,3;;;;2017-05-29 15:00:00
;Grande Niterói;Icaraí-Niterói;;Campo de São Bento;Saindo da Otávio Carneiro, Lopes Trovão, pela Roberto Silveira até a ponte;;CCS;;"Saída às 6:25.
Não é permitido fumar no carro.
Contribuição de R$ 5,00.";2019-01-06 20:50:34;2019-01-06 21:03:22;1,2,3,4,5;2019-03-07;;2019-01-06 21:03:22;2019-01-09 07:15:00
;Zona Norte;São Cristóvão;;17ª DP;Quinta da Boa Vista, Feira de São Cristóvão, Linha Vermelha;;Letras;;;2017-09-27 17:15:34;2017-09-27 17:15:34;1,2,3,4,5;;;;2017-10-27 17:19:00
;Grande Niterói;Itaipuaçu;;;Niterói-Região oceânica;;CT;;moro em Itaipuaçu, e posso mudar meu caminho entre RJ 106 e região oceânica de Niterói para a carona.;2018-03-11 15:36:40;2018-03-11 15:36:40;1;;;;2018-04-02 07:15:00
;Baixada;Xerém ;;Postinho de Saúde ;Santa Cruz da Serra, W. Luís, Caxias Shopping ;;CT;;Faço sempre o trajeto toda terça e quinta as 8h de Xerém ao CT;2016-04-14 01:03:21;2017-04-19 11:59:25;2,4;;;;2016-05-12 08:00:00
;Zona Norte;São Cristóvão;;17ª DP;Quinta da Boa Vista, Feira de São Cristóvão, Linha Vermelha;;Letras;;;2017-09-27 17:15:34;2017-09-27 17:15:34;1,2,3,4,5;;;;2017-11-07 17:19:00
;Região dos Lagos;Cabo Frio;;;;;Polo Universitário;;Valor: R$10,00;2019-05-23 13:57:55;2019-05-23 14:13:57;1,2,3,4,5;2019-07-23;;2019-05-23 14:13:57;2019-05-30 16:00:00
;Baixada;Xerém ;;Postinho de Saúde ;Caxias Shopping,  W. Luís,  Santa Cruz da Serra ;;CT: Bloco H;;Viagem de Volta do CT para Xerém,  caso queira parar em algum bairro intermediário,  pode. ;2016-04-14 01:05:30;2017-04-19 11:59:25;2,4;;;;2016-05-26 17:00:00
;Zona Norte;São Cristóvão;;próximo ao estádio são Januário (Vasco);campo de São Cristóvão, rua General argolo, rua sao Januário;;CT: Bloco A;;;2016-04-12 14:11:51;2017-04-19 11:59:25;2,4;;;;2016-06-30 17:00:00
;Grande Niterói;Icaraí Niterói;;;Rota: 7 de Setembro + Roberto Silveira;;Reitoria;;"Oie, vou quase todo dia esse horário. 
Peço só uma ajuda para a gasolina de 5 reais.";2018-03-26 23:28:05;2018-03-26 23:28:05;1,2,3,4;;;;2018-05-24 07:30:00
;Grande Niterói;Icaraí;;Campo de São Bento;Av. Roberto Silveira, Marquês de Paraná;;CCS;;;2016-10-25 00:30:57;2017-04-19 11:59:25;1,2,3,4,5;;;;2016-11-17 08:00:00
;Zona Norte;São Cristóvão;;Largo da Cancela;Linha Vermelha -> Largo da Cancela;;CT: Bloco A;;;2016-04-13 16:43:42;2017-04-19 11:59:25;;;;;2016-04-13 18:00:00
;Zona Norte;São Cristóvão;;;metrô de São Cristóvão, feira de tradições nordestinas..;;CT: Bloco A;;"R$2 pela carona para ajuda de custos.
CT -> Letras -> ponte do saber -> linha vermelha -> (podendo passar pela leopoldina ou) feira de São Cristóvão -> Quinta da boa vista -> metrô de São Cristóvão -> Quinta D'or";2016-05-02 14:15:13;2017-04-19 11:59:25;3;;;;2016-05-11 21:00:00
;Grande Niterói;Icaraí Niterói;;;Pela Roberto Silveira;;Reitoria;;Ajudinea de 5 mil reis;2016-09-21 09:55:35;2017-04-19 11:59:25;;;;2016-09-21 12:55:03;2016-09-21 13:30:00
;Região dos Lagos;Cabo Frio;;;;;Polo Universitário;;Valor: R$10,00;2019-05-23 14:04:16;2019-05-23 14:11:19;1,3,4,5;2019-07-27;;2019-05-23 14:11:19;2019-06-07 07:30:00
;Grande Niterói;Centro de Niterói;;Amaral Peixoto;Jansen de Melo, Amaral Peixoto, Rua Dr Celestino;;Letras;;"Ajuda combustível R$6,00
whatsapp 964824093";2018-03-13 01:37:05;2018-03-13 01:37:05;1,2,3,4,5;;;;2018-03-19 13:00:00
;Baixada;Xerém ;;Postinho de Saúde ;Santa Cruz da Serra, W. Luís, Caxias Shopping ;;CT;;Faço sempre o trajeto toda terça e quinta as 8h de Xerém ao CT;2016-04-14 01:03:21;2017-04-19 11:59:25;2,4;2016-08-19;;;2016-04-19 08:00:00
;Grande Niterói;Maria Paula;;moinho;alameda;;CCMN;;"
$4,00 por pessoa. Faço uma volta no moinho e pego a ponte. ";2016-04-27 21:24:01;2017-04-19 11:59:25;1,2,3,4,5;;;;2016-06-22 09:00:00
;Região dos Lagos;Unamar;;Retão-Unamar;Amaral Peixoto - linha verde;;Polo Universitário;;"R$5,00 p/vaga
Chamem no wpp : 021 97219-3236";2019-03-13 22:29:13;2019-03-13 22:29:13;2,4;2019-07-14;;;2019-03-28 19:30:00
;Grande Niterói;Icaraí Niterói;;;Pela Roberto Silveira;;Reitoria;;;2016-09-02 00:29:04;2017-04-19 11:59:25;1,2,3,4,5;;;;2016-11-01 07:30:00
;Grande Niterói;Icaraí Niterói;;;Pela Roberto Silveira;;Reitoria;;;2016-09-02 00:29:04;2017-04-19 11:59:25;1,2,3,4,5;;;;2016-10-18 07:30:00
;Zona Norte;São Cristóvão;;17ª DP;Linha Vermelha, Campo De São Cristóvão, Quinta Da Boa Vista, Metrô De São Cristóvão;;CT: Bloco H;;;2016-10-06 16:29:48;2017-04-19 11:59:25;4;;;;2017-01-26 17:00:00
;Região dos Lagos;Cabo Frio;;;;;Polo Universitário;;Valor: R$10,00;2019-05-23 14:04:16;2019-05-23 14:17:09;1,3,4,5;2019-07-27;;2019-05-23 14:17:09;2019-06-27 07:30:00
;Grande Niterói;Icaraí;;Campo de São Bento;Av. Roberto Silveira, Marquês de Paraná;;CCS;;Saindo 6:20. Contribuição R$ 5;2016-07-21 23:54:10;2017-04-19 11:59:25;1,2,3,4,5;;;;2016-07-27 07:20:00
;Ilha do Fundão;Incubadora;;Incubadora da COPPE;;;CT: Bloco D;;Carona pra Incubadora de Empresas da COPPE! E você ainda de quebra pode conhecer as empresas de lá!;2016-04-12 09:15:39;2017-04-19 11:59:25;2,4;;;;2016-04-21 13:00:00
;Região dos Lagos;Cabo Frio;;;;;Polo Universitário;;Valor: R$10,00;2019-05-23 13:57:55;2019-05-23 14:17:34;1,2,3,4,5;2019-07-23;;2019-05-23 14:17:34;2019-07-01 16:00:00
;Baixada;Xerém ;;Postinho de Saúde ;Caxias Shopping,  W. Luís,  Santa Cruz da Serra ;;CT: Bloco H;;Viagem de Volta do CT para Xerém,  caso queira parar em algum bairro intermediário,  pode. ;2016-04-14 01:05:30;2017-04-19 11:59:25;2,4;;;;2016-05-19 17:00:00
;Zona Norte;São Cristóvão;;Campo de São Cristóvão;Campo de São Cristóvão;;CT;;;2016-04-20 09:30:34;2017-04-19 11:59:25;1,2,3,4,5;;;;2016-05-11 07:50:00
;Grande Niterói;Icaraí Niterói;;;Rota: 7 de Setembro + Roberto Silveira;;Reitoria;;"Oie, vou quase todo dia esse horário. 
Peço só uma ajuda para a gasolina de 5 reais.";2018-03-26 23:28:05;2018-03-26 23:28:05;1,2,3,4;;;;2018-04-05 07:30:00
;Zona Norte;São Cristóvão;;;;;CT;;"Qualquer contribuição é sempre bem vinda..
";2016-04-20 14:42:01;2017-04-19 11:59:25;;;;;2016-04-20 17:35:00
;Zona Norte;São Cristóvão;;;metrô de São Cristóvão, feira de tradições nordestinas..;;CT: Bloco A;;"R$2 pela carona para ajuda de custos.
CT -> Letras -> ponte do saber -> linha vermelha -> (podendo passar pela leopoldina ou) feira de São Cristóvão -> Quinta da boa vista -> metrô de São Cristóvão -> Quinta D'or";2016-05-02 14:15:00;2017-04-19 11:59:25;1,2;;;;2016-05-17 22:00:00
;Grande Niterói;Fonseca;;Alameda;22 DE NOVEMBRO, ALAMEDA;;Letras;;"WhatsApp 964824093
Ajuda para combustível R$5,00";2018-08-25 05:09:22;2018-08-25 05:09:22;1,2,3,5;;;;2018-10-23 07:30:00
;Grande Niterói;Icaraí;;Campo de São Bento;Av. Roberto Silveira, Marquês de Paraná;;CCS;;Saindo 6:20. Contribuição R$ 5;2016-07-21 23:54:11;2017-04-19 11:59:25;1,2,3,4,5;;;;2016-09-06 07:20:00
;Baixada;XERÉM ;;Bloco H;;;CCMN: Frente;;;2016-09-09 18:16:08;2017-04-19 11:59:25;3;;;;2016-10-26 12:00:00
;Grande Niterói;Fonseca;;;;;CT;;Ajuda com 5 reais;2017-04-10 18:22:36;2017-04-19 11:59:25;2,4;;;;2017-06-08 08:30:00
;Zona Norte;São Cristóvão;;17ª DP;Quinta da Boa Vista, Feira de São Cristóvão, Linha Vermelha;;Letras;;;2017-09-27 17:15:34;2017-09-27 17:15:34;1,2,3,4,5;;;;2017-11-03 17:19:00
;Grande Niterói;Icaraí Niterói;;;Pela Roberto Silveira;;Reitoria;;Quem puder dar uma ajudazinea será bem vinda :) ;2016-09-25 11:21:32;2017-04-19 11:59:25;1,3,4,5;2016-11-25;;;2016-09-25 13:00:00
;Grande Niterói;Centro de Niterói;;Amaral Peixoto;Jansen de Melo, Amaral Peixoto, Rua Dr Celestino;;Letras;;"Ajuda combustível R$6,00
whatsapp 964824093";2018-03-13 01:37:05;2018-03-13 01:37:05;1,2,3,4,5;;;;2018-06-19 13:00:00
;Baixada;Xerém;;Rua Senador Vergueiro;Marques De Abrantes, Pinheiro Machado, Sta Barbara, Presidente Vargas, Linha Vermelha;;CT: Bloco A;;"Não fumo, não o façam dentro do carro, por favor.
Contribuição R$4,00
Temperatura do ar condicionado 19ºC (quem for atrás, tem saída para vocês)
Qualquer coisa manda WhatsApp (21)981665652";2018-04-14 14:29:04;2018-04-14 14:29:04;3;;;;2018-05-09 12:00:00
;Baixada;Xerém ;;Postinho de Saúde ;Santa Cruz da Serra, W. Luís, Caxias Shopping ;;CT;;Faço sempre o trajeto toda terça e quinta as 8h de Xerém ao CT;2016-04-14 01:03:21;2017-04-19 11:59:25;2,4;;;;2016-07-07 08:00:00
;Grande Niterói;Icaraí;;Campo de São Bento;Av. Roberto Silveira, Marquês de Paraná;;CCS;;Saindo 6:20. Contribuição R$ 5;2016-07-21 23:54:11;2017-04-19 11:59:25;1,2,3,4,5;;;;2016-11-01 07:20:00
;Zona Norte;São Cristóvão;;17ª DP;Linha Vermelha, Campo De São Cristóvão, Quinta Da Boa Vista, Metrô De São Cristóvão;;CT: Bloco H;;;2016-09-06 16:31:06;2017-04-19 11:59:25;2;;;;2016-09-20 17:00:00
;Grande Niterói;Fonseca - Niteroi ;;Alameda - Fonseca;;;CT: Bloco A;;;2016-05-05 13:46:53;2017-04-19 11:59:25;2,3,4,5;;;2016-05-05 17:15:06;2016-05-17 08:00:00
;Região Serrana;Petrópolis;;;;;CCS: Frente;;;2016-09-13 17:22:50;2017-04-19 11:59:25;;;;;2016-09-13 18:00:00
;Grande Niterói;Icaraí Niterói;;;Pela Roberto Silveira;;Reitoria;;;2016-09-02 00:29:04;2017-04-19 11:59:25;1,2,3,4,5;;;;2016-09-07 07:30:00
;Baixada;Xerém ;;;;;CT;;;2016-09-09 18:14:30;2017-04-19 11:59:25;1;;;;2016-12-19 12:00:00
;Zona Norte;São Cristóvão;;;;;CT: Bloco D;;"Colaboração da gasolina opcional 

Posso passar pela leopoldina ou descer em são cristovão pela feira dos paraíbas ( depende da necessidade do caronista)

Favor confirmar no whatsapp: 981394014";2016-04-15 07:39:09;2017-04-19 11:59:25;;;;;2016-04-15 17:00:00
;Zona Norte;São Cristóvão;;17ª DP;Linha Vermelha, Campo De São Cristóvão, Quinta Da Boa Vista, Metrô De São Cristóvão;;CT: Bloco A;;;2016-04-27 16:41:57;2017-04-19 11:59:25;3,5;;;2016-04-27 16:43:51;2016-06-22 17:00:00
;Zona Norte;São Cristóvão;;próximo ao estádio são Januário (Vasco);campo de São Cristóvão, rua General argolo, rua sao Januário;;CT: Bloco A;;;2016-04-12 14:11:50;2017-04-19 11:59:25;2,4;2016-08-12;;;2016-04-12 17:00:00
;Baixada;Xerém ;;Postinho de Saúde ;Caxias Shopping,  W. Luís,  Santa Cruz da Serra ;;CT: Bloco H;;Viagem de Volta do CT para Xerém,  caso queira parar em algum bairro intermediário,  pode. ;2016-04-14 01:05:30;2017-04-19 11:59:25;2,4;;;;2016-06-21 17:00:00
;Grande Niterói;Icaraí Niterói;;;Rota: 7 de Setembro + Roberto Silveira;;Reitoria;;"Oie, vou quase todo dia esse horário. 
Peço só uma ajuda para a gasolina de 5 reais.";2018-03-26 23:28:05;2018-03-26 23:28:05;1,2,3,4;;;;2018-04-02 07:30:00
;Grande Niterói;Fonseca;;Alameda;22 DE NOVEMBRO, ALAMEDA;;Letras;;"WhatsApp 964824093
Ajuda para combustível R$6,00";2018-03-13 01:33:44;2018-03-13 01:33:44;1,3,5;;;;2018-05-21 07:30:00
;Baixada;Xerém ;;Postinho de Saúde ;Caxias Shopping,  W. Luís,  Santa Cruz da Serra ;;CT: Bloco H;;Viagem de Volta do CT para Xerém,  caso queira parar em algum bairro intermediário,  pode. ;2016-04-14 01:05:30;2017-04-19 11:59:25;2,4;;;;2016-05-03 17:00:00
;Zona Norte;São Cristóvão;;17ª DP;Linha Vermelha, Campo De São Cristóvão, Quinta Da Boa Vista, Metrô De São Cristóvão;;CT: Bloco H;;;2016-04-27 16:46:22;2017-04-19 11:59:25;3,5;;;;2016-06-15 17:00:00
;Grande Niterói;Fonseca;;Alameda;22 DE NOVEMBRO, ALAMEDA;;Letras;;"WhatsApp 964824093
Ajuda para combustível R$5,00";2018-08-25 05:09:22;2018-08-25 05:09:22;1,2,3,5;;;;2018-09-10 07:30:00
;Grande Niterói;Centro de Niterói;;Amaral Peixoto;Jansen de Melo, Amaral Peixoto, Rua Dr Celestino;;Letras;;"Ajuda combustível R$6,00
whatsapp 964824093";2018-03-13 01:37:05;2018-03-13 01:37:05;1,2,3,4,5;;;;2018-04-26 13:00:00
;Grande Niterói;Icaraí-Niterói;;Campo de São Bento;Saindo da Otávio Carneiro, Lopes Trovão, pela Roberto Silveira até a ponte;;CCS;;"Saída às 6:25.
Não é permitido fumar no carro.
Contribuição de R$ 5,00.";2019-01-06 20:50:34;2019-01-06 21:11:00;1,2,3,4,5;2019-03-07;;2019-01-06 21:11:00;2019-01-28 07:15:00
;Grande Niterói;Fonseca;;Alameda;22 DE NOVEMBRO, ALAMEDA;;Letras;;"WhatsApp 964824093
Ajuda para combustível R$5,00";2018-08-25 05:09:22;2018-08-25 05:09:22;1,2,3,5;;;;2018-09-24 07:30:00
;Zona Oeste;Jacarepaguá ;;Praça seca - Vila Valqueire ;Linha Amarela-Piedade-Rua Goiás - Terminal De Cascadura- Tem Tudo - Assai Campinho- Mundial Praça Seca ;;CT;;;2016-04-29 19:52:04;2017-04-19 11:59:25;1,2,3,4,5;;;;2016-06-30 20:00:00
;Zona Norte;São Cristóvão;;Campo do Vasco;Linha Vermelha, Cancela, Campo do vasco;;CT: Bloco H;;;2018-10-05 17:48:29;2018-10-05 17:48:29;1,2,3,4,5;;;;2018-11-12 18:00:00
;Região dos Lagos;Cabo Frio;;;;;Polo Universitário;;Valor: R$10,00;2019-05-23 13:57:55;2019-05-23 14:19:22;1,2,3,4,5;2019-07-23;;2019-05-23 14:19:22;2019-07-17 16:00:00
;Grande Niterói;Fonseca - Niteroi ;;Alameda - Fonseca;;;CT: Bloco A;;;2016-05-05 13:46:53;2017-04-19 11:59:25;2,3,4,5;;;2016-05-05 17:15:58;2016-06-10 08:00:00
;Zona Norte;São Cristóvão;;17ª DP;Linha Vermelha, Campo De São Cristóvão, Quinta Da Boa Vista, Metrô De São Cristóvão;;CT: Bloco H;;;2016-04-27 16:46:22;2017-04-19 11:59:25;3,5;;;;2016-06-10 17:00:00
;Grande Niterói;Fonseca - Niteroi ;;Alameda - Fonseca;;;CT: Bloco A;;;2016-05-05 13:46:53;2017-04-19 11:59:25;2,3,4,5;;;2016-05-05 17:15:41;2016-06-02 08:00:00
;Grande Niterói;Centro de Niterói;;Amaral Peixoto;Jansen de Melo, Amaral Peixoto, Rua Dr Celestino;;Letras;;"Ajuda combustível R$6,00
whatsapp 964824093";2018-03-13 01:37:05;2018-03-13 01:37:05;1,2,3,4,5;;;;2018-06-14 13:00:00
;Zona Norte;São Cristóvão;;17ª DP;Linha Vermelha, Campo De São Cristóvão, Quinta Da Boa Vista;;Letras;;Posso deixar no metrô se quiserem.;2016-04-11 10:01:28;2017-04-19 11:59:25;1;;;2016-04-11 12:03:33;2016-05-02 17:00:00
;Baixada;Xerém ;;Postinho de Saúde ;Caxias Shopping,  W. Luís,  Santa Cruz da Serra ;;CT: Bloco H;;Viagem de Volta do CT para Xerém,  caso queira parar em algum bairro intermediário,  pode. ;2016-04-14 01:05:30;2017-04-19 11:59:25;2,4;;;;2016-08-04 17:00:00
;Grande Niterói;Icaraí;;Campo de São Bento;Av. Roberto Silveira, Marquês de Paraná;;CCS;;Saindo 6:20. Contribuição R$ 5;2016-07-21 23:54:11;2017-04-19 11:59:25;1,2,3,4,5;;;;2016-11-16 07:20:00
;Região dos Lagos;Arraial do Cabo;;Figueira;Via Praia Seca, Bacaxá, São Gonçalo;;CT: Bloco D;;;2019-03-15 09:48:36;2019-03-15 09:48:36;5;2019-07-15;;;2019-04-19 21:45:00
;Grande Niterói;Santa Rosa - Niterói ;;Noronha Torrezão;Alameda, 22 de Novembro, Noronha Torrezão;;CCMN: Frente;;As contribuições não são obrigatórias, mas bem-vindas. Não desvio minha rota pelo Centro.;2016-06-21 12:23:11;2017-04-19 11:59:25;2,4;;;;2016-08-09 15:00:00
;Região dos Lagos;Unamar;;Retão-Unamar;Amaral Peixoto - linha verde;;Polo Universitário;;"R$5,00 p/vaga
Chamem no wpp : 021 97219-3236";2019-03-13 22:29:13;2019-03-13 22:29:13;2,4;2019-07-14;;;2019-06-11 19:30:00
;Grande Niterói;Maricá;;;Niterói/Alameda;;Letras;;;2016-04-10 06:36:49;2017-04-19 11:59:25;;;;;2016-04-11 10:00:00
;Região dos Lagos;Unamar;;Retão-Unamar;Amaral Peixoto - linha verde;;Polo Universitário;;"R$5,00 p/vaga
Chamem no wpp : 021 97219-3236";2019-03-13 22:27:31;2019-03-13 22:27:31;3,4;2019-07-14;;;2019-05-29 13:30:00
;Grande Niterói;Fonseca;;Alameda;22 DE NOVEMBRO, ALAMEDA;;Letras;;"WhatsApp 964824093
Ajuda para combustível R$6,00";2018-03-13 01:33:44;2018-03-13 01:33:44;1,3,5;;;;2018-03-23 07:30:00
;Região dos Lagos;Unamar;;Retão-Unamar;Amaral Peixoto - linha verde;;Polo Universitário;;"R$5,00 p/vaga
Chamem no wpp : 021 97219-3236";2019-03-13 22:29:13;2019-03-13 22:29:13;2,4;2019-07-14;;;2019-04-25 19:30:00
;Baixada;Xerém;;Rua Senador Vergueiro;Marques De Abrantes, Pinheiro Machado, Sta Barbara, Presidente Vargas, Linha Vermelha;;CT: Bloco A;;"Não fumo, não o façam dentro do carro, por favor.
Contribuição R$4,00
Temperatura do ar condicionado 19ºC (quem for atrás, tem saída para vocês)
Qualquer coisa manda WhatsApp (21)981665652";2018-04-14 14:28:13;2018-04-14 14:28:13;1,5;;;;2018-06-08 14:00:00
;Zona Oeste;Jacarepaguá ;;Praça seca - Vila Valqueire ;Linha Amarela-Piedade-Rua Goiás - Terminal De Cascadura- Tem Tudo - Assai Campinho- Mundial Praça Seca ;;CT;;;2016-04-29 19:52:03;2017-04-19 11:59:25;1,2,3,4,5;;;;2016-05-24 20:00:00
;Baixada;Xerém ;;Postinho de Saúde ;Caxias Shopping,  W. Luís,  Santa Cruz da Serra ;;CT: Bloco H;;Viagem de Volta do CT para Xerém,  caso queira parar em algum bairro intermediário,  pode. ;2016-04-14 01:05:30;2017-04-19 11:59:25;2,4;;;;2016-05-10 17:00:00
;Região dos Lagos;Unamar;;Retão-Unamar;Amaral Peixoto - linha verde;;Polo Universitário;;"R$5,00 p/vaga
Chamem no wpp : 021 97219-3236";2019-03-13 22:26:51;2019-03-13 22:26:51;1,2;2019-07-18;;;2019-07-15 10:00:00
;Grande Niterói;Fonseca - Niteroi ;;Alameda - Fonseca;;;CT: Bloco A;;;2016-05-05 13:46:53;2017-04-19 11:59:25;2,3,4,5;;;2016-05-05 17:15:23;2016-05-25 08:00:00
;Zona Norte;São Cristóvão;;17ª DP;Quinta da Boa Vista, Feira de São Cristóvão, Linha Vermelha;;CT;;;2017-10-05 20:18:40;2017-10-05 20:18:40;5;;;;2017-12-01 08:00:00
;Região dos Lagos;Unamar;;Retão-Unamar;Amaral Peixoto - linha verde;;Polo Universitário;;"R$5,00 p/vaga
Chamem no wpp : 021 97219-3236";2019-03-13 22:27:31;2019-03-13 22:27:31;3,4;2019-07-14;;;2019-07-10 13:30:00
;Zona Norte;São Cristóvão;;17ª DP;Linha Vermelha, Campo De São Cristóvão, Quinta Da Boa Vista, Metrô De São Cristóvão;;CT: Bloco H;;;2016-04-27 16:46:22;2017-04-19 11:59:25;3,5;;;;2016-05-13 17:00:00
;Grande Niterói;Centro de Niterói;;Amaral Peixoto;Jansen de Melo, Amaral Peixoto, Rua Dr Celestino;;Letras;;"Ajuda combustível R$6,00
whatsapp 964824093";2018-03-13 01:37:05;2018-03-13 01:37:05;1,2,3,4,5;;;;2018-06-08 13:00:00
;Grande Niterói;Icaraí;;Campo de São Bento;Av. Roberto Silveira, Marquês de Paraná;;CCS;;Saindo 6:20. Contribuição R$ 5;2016-07-21 23:54:11;2017-04-19 11:59:25;1,2,3,4,5;;;;2016-10-10 07:20:00
;Zona Norte;São Cristóvão;;Feira nordestina ;Ufrj , São Cristóvão ;;Letras;;Não fumo ;2016-09-25 23:11:03;2017-04-19 11:59:25;1,3,5;2016-11-26;;;2016-09-26 21:20:00
;Grande Niterói;Fonseca;;;Linha Vermelha-Ponte-Alameda;;CT: Bloco H;;"Sou motorista prudente. 
Colaboração de R$6.
";2017-03-15 13:47:06;2017-04-19 11:59:25;3,5;;;;2017-04-26 15:00:00
;Zona Oeste;Jacarepaguá ;;Praça seca - Vila Valqueire ;Linha Amarela-Piedade-Rua Goiás - Terminal De Cascadura- Tem Tudo - Assai Campinho- Mundial Praça Seca ;;CT;;;2016-04-29 19:52:04;2017-04-19 11:59:25;1,2,3,4,5;;;2016-04-29 19:56:52;2016-07-06 20:00:00
;Grande Niterói;Fonseca;;Alameda;22 DE NOVEMBRO, ALAMEDA;;Letras;;"WhatsApp 964824093
Ajuda para combustível R$6,00";2018-03-13 01:33:44;2018-03-13 01:33:44;1,3,5;;;;2018-06-20 07:30:00
;Grande Niterói;Icaraí;;Campo de São Bento;Av. Roberto Silveira, Marquês de Paraná;;CCS;;Saindo 6:20. Contribuição R$ 5;2016-07-21 23:54:10;2017-04-19 11:59:25;1,2,3,4,5;;;;2016-08-10 07:20:00
;Grande Niterói;Fonseca;;Alameda;22 DE NOVEMBRO, ALAMEDA;;Letras;;"WhatsApp 964824093
Ajuda para combustível R$6,00";2018-03-13 01:33:44;2018-03-13 01:33:44;1,3,5;;;;2018-03-19 07:30:00
;Zona Oeste;Jacarepaguá ;;Praça seca - Vila Valqueire ;Linha Amarela-Piedade-Rua Goiás - Terminal De Cascadura- Tem Tudo - Assai Campinho- Mundial Praça Seca ;;CT;;;2016-04-29 19:52:03;2017-04-19 11:59:25;1,2,3,4,5;2016-07-29;;;2016-04-29 20:00:00
;Baixada;Xerém;;Rua Senador Vergueiro;Marques De Abrantes, Pinheiro Machado, Sta Barbara, Presidente Vargas, Linha Vermelha;;CT: Bloco A;;"Não fumo, não o façam dentro do carro, por favor.
Contribuição R$4,00
Temperatura do ar condicionado 19ºC (quem for atrás, tem saída para vocês)
Qualquer coisa manda WhatsApp (21)981665652";2018-04-14 14:29:04;2018-04-14 14:29:04;3;;;;2018-07-04 12:00:00
;Grande Niterói;Icaraí-Niterói;;Campo de São Bento;Saindo da Otávio Carneiro, Lopes Trovão, pela Roberto Silveira até a ponte;;CCS;;"Saída às 6:25.
Não é permitido fumar no carro.
Contribuição de R$ 5,00.";2019-01-06 20:50:34;2019-01-06 21:10:08;1,2,3,4,5;2019-03-07;;2019-01-06 21:10:08;2019-01-22 07:15:00
;Baixada;XERÉM ;;Bloco H;;;CCMN: Frente;;;2016-09-09 18:16:08;2017-04-19 11:59:25;3;;;;2016-10-19 12:00:00
;Grande Niterói;Icaraí;;Campo de São Bento;Av. Roberto Silveira, Marquês de Paraná;;CCS;;Saindo 6:20. Contribuição R$ 5;2016-07-21 23:54:11;2017-04-19 11:59:25;1,2,3,4,5;;;;2016-09-27 07:20:00
;Grande Niterói;Icaraí;;Campo de São Bento;Av. Roberto Silveira, Marquês de Paraná;;CCS;;;2016-10-25 00:30:57;2017-04-19 11:59:25;1,2,3,4,5;;;;2016-10-27 08:00:00
;Zona Norte;São Cristóvão;;17ª DP;Linha Vermelha, Campo De São Cristóvão, Quinta Da Boa Vista, Metrô De São Cristóvão;;CT: Bloco A;;;2016-04-27 16:41:57;2017-04-19 11:59:25;3,5;;;2016-04-27 16:43:55;2016-06-24 17:00:00
;Região dos Lagos;Cabo Frio;;;;;Polo Universitário;;Valor: R$10,00;2019-05-23 14:04:16;2019-05-23 14:19:46;1,3,4,5;2019-07-27;;2019-05-23 14:19:46;2019-07-22 07:30:00
;Região Serrana;Petrópolis;;Petrópolis-Rj;Rod. Washington Luiz ;;CCS: HUCFF;;;2017-03-03 10:26:15;2017-04-19 11:59:25;;;;;2017-03-04 17:00:00
;Zona Oeste;Jacarepaguá ;;Praça seca - Vila Valqueire ;Linha Amarela-Piedade-Rua Goiás - Terminal De Cascadura- Tem Tudo - Assai Campinho- Mundial Praça Seca ;;CT;;;2016-04-29 19:52:04;2017-04-19 11:59:25;1,2,3,4,5;;;;2016-07-26 20:00:00
;Grande Niterói;Fonseca;;;;;CT;;Ajuda com 5 reais;2017-04-10 18:22:36;2017-04-19 11:59:25;2,4;;;;2017-06-06 08:30:00
;Grande Niterói;Icaraí;;Campo de São Bento;Av. Roberto Silveira, Marquês de Paraná;;CCS;;Saindo 6:20. Contribuição R$ 5;2016-07-21 23:54:11;2017-04-19 11:59:25;1,2,3,4,5;;;;2016-09-29 07:20:00
;Grande Niterói;Icaraí Niterói;;;Pela Gavião Peixoto ;;Reitoria;;;2016-04-15 07:41:23;2017-04-19 11:59:25;1,2,3,4,5;;;2016-04-15 08:01:43;2016-06-06 13:30:00
;Zona Norte;São Cristóvão;;Campo do Vasco;Linha Vermelha, Cancela, Campo do vasco;;CT: Bloco H;;;2018-10-05 17:48:29;2018-10-05 17:48:29;1,2,3,4,5;;;;2018-10-16 18:00:00
;Zona Norte;São Cristóvão;;Rua São Cristóvão;Rua Euclides da Cunha - Rua Fonseca Teles - Campo de São Cristóvão - Linha Vermelha;;CT;;"Posso mudar a rota e ir pela Avenida do Exército
Contribuição de R$4,00 para o combustível";2018-08-07 15:44:13;2018-08-07 15:44:13;;;;;2018-08-08 09:00:00
;Região dos Lagos;Cabo Frio;;;;;Polo Universitário;;Valor: R$10,00;2019-05-23 14:04:16;2019-05-23 14:05:02;1,3,4,5;2019-07-27;;2019-05-23 14:05:02;2019-05-27 07:30:00
;Zona Oeste;Jacarepaguá ;;Praça seca - Vila Valqueire ;Linha Amarela-Piedade-Rua Goiás - Terminal De Cascadura- Tem Tudo - Assai Campinho- Mundial Praça Seca ;;CT;;;2016-04-29 19:52:04;2017-04-19 11:59:25;1,2,3,4,5;;;;2016-07-25 20:00:00
;Zona Norte;São Cristóvão ;;;Próximo ao Estádio São Januário > Largo da Cancela > Linha Vermelha > CT;;CT;;;2016-04-13 10:28:43;2017-04-19 11:59:25;;;;;2016-04-19 09:00:00
;Grande Niterói;Icaraí;;Campo de São Bento;Av. Roberto Silveira, Marquês de Paraná;;CCS;;Saindo 6:20. Contribuição R$ 5;2016-07-21 23:54:10;2017-04-19 11:59:25;1,2,3,4,5;;;;2016-08-09 07:20:00
;Região dos Lagos;Unamar;;Retão-Unamar;Amaral Peixoto - linha verde;;Polo Universitário;;"R$5,00 p/vaga
Chamem no wpp : 021 97219-3236";2019-03-13 22:29:13;2019-03-13 22:29:13;2,4;2019-07-14;;;2019-04-11 19:30:00
;Grande Niterói;Fonseca;;;Linha Vermelha-Ponte-Alameda;;CT: Bloco H;;"Sou motorista prudente. 
Colaboração de R$6.
";2017-03-15 13:47:06;2017-04-19 11:59:25;3,5;;;;2017-04-07 15:00:00
;Zona Norte;São Cristóvão;;;metrô de São Cristóvão, feira de tradições nordestinas..;;CT: Bloco A;;"R$2 pela carona para ajuda de custos.
CT -> Letras -> ponte do saber -> linha vermelha -> (podendo passar pela leopoldina ou) feira de São Cristóvão -> Quinta da boa vista -> metrô de São Cristóvão -> Quinta D'or";2016-05-02 14:15:00;2017-04-19 11:59:25;1,2;;;;2016-05-10 22:00:00
;Zona Norte;São Cristóvão;;17ª DP;Linha Vermelha, Campo De São Cristóvão, Quinta Da Boa Vista, Metrô De São Cristóvão;;CT: Bloco H;;;2016-04-27 16:46:22;2017-04-19 11:59:25;3,5;;;2016-05-04 11:59:41;2016-05-04 17:00:00
;Região Serrana;Petrópolis;;Universidade Estácio da Bingen.;;;CT: Bloco A;;;2018-04-03 15:57:02;2018-04-03 15:57:02;1,3;;;;2018-05-02 16:20:00
;Zona Oeste;Jacarepaguá ;;Praça seca - Vila Valqueire ;Linha Amarela-Piedade-Rua Goiás - Terminal De Cascadura- Tem Tudo - Assai Campinho- Mundial Praça Seca ;;CT;;;2016-04-29 19:52:04;2017-04-19 11:59:25;1,2,3,4,5;;;2016-04-29 19:56:24;2016-07-14 20:00:00
;Grande Niterói;Icaraí Niterói;;;Pela Roberto Silveira;;Reitoria;;;2016-09-02 00:29:04;2017-04-19 11:59:25;1,2,3,4,5;;;;2016-09-15 07:30:00
;Grande Niterói;Maria Paula;;moinho;alameda;;CCMN;;"
$4,00 por pessoa. Faço uma volta no moinho e pego a ponte. ";2016-04-27 21:24:01;2017-04-19 11:59:25;1,2,3,4,5;;;;2016-06-20 09:00:00
;Zona Norte;São Cristóvão;;17ª DP;Quinta da Boa Vista, Feira de São Cristóvão, Linha Vermelha;;Letras;;;2017-09-27 17:15:34;2017-09-27 17:15:34;1,2,3,4,5;;;;2017-10-25 17:19:00
;Baixada;Xerém ;;Postinho de Saúde ;Santa Cruz da Serra, W. Luís, Caxias Shopping ;;CT;;Faço sempre o trajeto toda terça e quinta as 8h de Xerém ao CT;2016-04-14 01:03:21;2017-04-19 11:59:25;2,4;;;;2016-04-26 08:00:00
;Zona Norte;São Cristóvão;;;metrô de São Cristóvão, feira de tradições nordestinas..;;CT: Bloco A;;;2016-04-13 10:37:58;2017-04-19 11:59:25;1,2,3,5;;;2016-04-20 14:42:45;2016-04-18 22:00:00
;Grande Niterói;Centro de Niterói;;Amaral Peixoto;Jansen de Melo, Amaral Peixoto, Rua Dr Celestino;;Letras;;"Ajuda combustível R$6,00
whatsapp 964824093";2018-03-13 01:37:05;2018-03-13 01:37:05;1,2,3,4,5;;;;2018-03-23 13:00:00
;Zona Oeste;Jacarepaguá ;;Praça seca - Vila Valqueire ;Linha Amarela-Piedade-Rua Goiás - Terminal De Cascadura- Tem Tudo - Assai Campinho- Mundial Praça Seca ;;CT;;;2016-04-29 19:52:03;2017-04-19 11:59:25;1,2,3,4,5;;;2016-04-29 19:57:40;2016-05-10 20:00:00
;Grande Niterói;Icaraí Niterói;;;Pela Roberto Silveira;;Reitoria;;;2016-09-02 00:29:04;2017-04-19 11:59:25;1,2,3,4,5;;;;2016-09-14 07:30:00
;Região dos Lagos;Unamar;;Retão-Unamar;Amaral Peixoto - linha verde;;Polo Universitário;;"R$5,00 p/vaga
Chamem no wpp : 021 97219-3236";2019-03-13 22:26:51;2019-03-13 22:26:51;1,2;2019-07-18;;;2019-04-29 10:00:00
;Zona Oeste;Jacarepaguá ;;Praça seca - Vila Valqueire ;Linha Amarela-Piedade-Rua Goiás - Terminal De Cascadura- Tem Tudo - Assai Campinho- Mundial Praça Seca ;;CT;;;2016-04-29 19:52:03;2017-04-19 11:59:25;1,2,3,4,5;;;;2016-05-27 20:00:00
;Grande Niterói;Icaraí Niterói;;;Pela Gavião Peixoto ;;Reitoria;;;2016-04-15 07:41:23;2017-04-19 11:59:25;1,2,3,4,5;;;2016-04-15 08:01:27;2016-05-31 13:30:00
;Grande Niterói;Icaraí Niterói;;;Pela Roberto Silveira;;Reitoria;;;2016-09-02 00:29:04;2017-04-19 11:59:25;1,2,3,4,5;;;;2016-10-07 07:30:00
;Grande Niterói;Icaraí Niterói;;;Rota: 7 de Setembro + Roberto Silveira;;Reitoria;;"Oie, vou quase todo dia esse horário. 
Peço só uma ajuda para a gasolina de 5 reais.";2018-03-26 23:28:05;2018-03-26 23:28:05;1,2,3,4;;;;2018-04-30 07:30:00
;Grande Niterói;Fonseca;;22 de novembro;Alameda São Boaventura;;Letras;;"- Sem cigarros durante a viagem por gentileza.

ZAP 964824093
R$6,00 de auxílio gasolina

Peço R$6,00 para ajuda no combustível.

ZAP 964824093";2017-09-08 17:38:20;2017-09-08 17:38:20;2,3,4,5;;;;2017-10-10 07:30:00
;Baixada;Xerém;;Rua Senador Vergueiro;Marques De Abrantes, Pinheiro Machado, Sta Barbara, Presidente Vargas, Linha Vermelha;;CT: Bloco A;;"Não fumo, não o façam dentro do carro, por favor.
Contribuição R$4,00
Temperatura do ar condicionado 19ºC (quem for atrás, tem saída para vocês)
Qualquer coisa manda WhatsApp (21)981665652";2018-04-14 14:28:13;2018-04-14 14:28:13;1,5;;;;2018-04-20 14:00:00
;Zona Norte;São Cristóvão;;17ª DP;Linha Vermelha, Campo De São Cristóvão, Quinta Da Boa Vista, Metrô De São Cristóvão;;CT: Bloco H;;;2016-04-27 16:46:22;2017-04-19 11:59:25;3,5;;;;2016-06-22 17:00:00
;Baixada;Xerém ;;;;;CT;;;2016-09-09 18:14:30;2017-04-19 11:59:25;1;;;;2016-12-05 12:00:00
;Zona Norte;São Cristóvão;;17ª DP;Quinta da Boa Vista, Feira de São Cristóvão, Linha Vermelha;;Letras;;;2017-09-27 17:15:34;2017-09-27 17:15:34;1,2,3,4,5;;;;2017-11-13 17:19:00
;Grande Niterói;Fonseca;;22 de novembro;Alameda São Boaventura;;Letras;;"- Sem cigarros durante a viagem por gentileza.

ZAP 964824093
R$6,00 de auxílio gasolina

Peço R$6,00 para ajuda no combustível.

ZAP 964824093";2017-09-08 17:38:20;2017-09-08 17:38:20;2,3,4,5;;;;2017-12-01 07:30:00
;Grande Niterói;Fonseca;;22 de novembro;Alameda São Boaventura;;Letras;;"- Sem cigarros durante a viagem por gentileza.

ZAP 964824093
R$6,00 de auxílio gasolina

Peço R$6,00 para ajuda no combustível.

ZAP 964824093";2017-09-08 17:38:20;2017-09-08 17:38:20;2,3,4,5;;;;2017-10-13 07:30:00
;Grande Niterói;Icaraí;;Campo de São Bento;Av. Roberto Silveira, Marquês de Paraná;;CCS;;Saindo 6:20. Contribuição R$ 5;2016-07-21 23:54:11;2017-04-19 11:59:25;1,2,3,4,5;;;;2016-10-31 07:20:00
;Grande Niterói;Fonseca;;;Linha Vermelha-Ponte-Alameda;;CT: Bloco H;;"Sou motorista prudente. 
Colaboração de R$6.
";2017-03-15 13:47:06;2017-04-19 11:59:25;3,5;;;;2017-05-12 15:00:00
;Grande Niterói;Fonseca;;Alameda;22 DE NOVEMBRO, ALAMEDA;;Letras;;"WhatsApp 964824093
Ajuda para combustível R$5,00";2018-08-25 05:09:22;2018-08-25 05:09:22;1,2,3,5;;;;2018-10-19 07:30:00
;Grande Niterói;Maria Paula;;moinho;alameda;;CCMN;;"
$4,00 por pessoa. Faço uma volta no moinho e pego a ponte. ";2016-04-27 21:24:01;2017-04-19 11:59:25;1,2,3,4,5;;;2016-05-16 08:08:24;2016-05-31 09:00:00
;Zona Norte;São Cristóvão;;Feira nordestina ;Ufrj , São Cristóvão ;;Letras;;Não fumo ;2016-09-25 23:11:03;2017-04-19 11:59:25;1,3,5;;;;2016-10-31 21:20:00
;Região Serrana;Petrópolis;;Rodoviária;Br-040;;CT;;;2019-09-04 06:58:48;2019-09-04 06:58:48;;;;;2019-09-04 09:15:00
;Grande Niterói;Centro de Niterói;;Amaral Peixoto;Jansen de Melo, Amaral Peixoto, Rua Dr Celestino;;Letras;;"Ajuda combustível R$6,00
whatsapp 964824093";2018-03-13 01:37:05;2018-03-13 01:37:05;1,2,3,4,5;;;;2018-05-18 13:00:00
;Grande Niterói;Icaraí Niterói;;;Pela Roberto Silveira;;Reitoria;;Quem puder dar uma ajudazinea será bem vinda :) ;2016-09-25 11:21:32;2017-04-19 11:59:25;1,3,4,5;;;;2016-10-14 13:00:00
;Zona Oeste;Praça Seca;;Rua Pinto Teles;Rua Cândido Benício, Rua Goiás, Cascadura, Linha Amarela;;CCS: HUCFF;;5 R$ de contribuição. Deixo em outros prédios;2018-12-03 12:10:41;2018-12-03 12:10:41;;;;;2018-12-03 21:45:00
;Grande Niterói;Icaraí;;Campo de São Bento;Av. Roberto Silveira, Marquês de Paraná;;CCS;;Saindo 6:20. Contribuição R$ 5;2016-07-21 23:54:11;2017-04-19 11:59:25;1,2,3,4,5;;;;2016-10-24 07:20:00
;Zona Norte;São Cristóvão;;17ª DP;Linha Vermelha, Campo De São Cristóvão, Quinta Da Boa Vista, Metrô De São Cristóvão;;CT: Bloco A;;;2016-04-14 12:46:58;2017-04-19 11:59:25;;;;;2016-04-14 13:00:00
;Baixada;Xerém ;;;;;CT;;;2016-09-09 18:14:30;2017-04-19 11:59:25;1;;;;2016-10-10 12:00:00
;Zona Oeste;Jacarepaguá ;;Praça seca - Vila Valqueire ;Linha Amarela-Piedade-Rua Goiás - Terminal De Cascadura- Tem Tudo - Assai Campinho- Mundial Praça Seca ;;CT;;;2016-04-29 19:52:04;2017-04-19 11:59:25;1,2,3,4,5;;;2016-04-29 19:56:00;2016-07-29 20:00:00
;Grande Niterói;Fonseca - Niteroi ;;Alameda - Fonseca;;;CT: Bloco A;;;2016-05-05 13:46:53;2017-04-19 11:59:25;2,3,4,5;;;2016-05-05 17:17:04;2016-07-05 08:00:00
;Grande Niterói;Icaraí Niterói;;;Rota: 7 de Setembro + Roberto Silveira;;Reitoria;;"Oie, vou quase todo dia esse horário. 
Peço só uma ajuda para a gasolina de 5 reais.";2018-03-26 23:28:05;2018-03-26 23:28:05;1,2,3,4;;;;2018-04-10 07:30:00
;Região dos Lagos;Cabo Frio;;;;;Polo Universitário;;Valor: R$10,00;2019-05-23 14:04:16;2019-05-23 14:18:30;1,3,4,5;2019-07-27;;2019-05-23 14:18:30;2019-07-10 07:30:00
;Grande Niterói;Fonseca;;Alameda;22 DE NOVEMBRO, ALAMEDA;;Letras;;"WhatsApp 964824093
Ajuda para combustível R$6,00";2018-03-13 01:33:44;2018-08-06 10:15:20;1,3,5;;;;2018-05-09 07:30:00
;Grande Niterói;Icaraí Niterói;;;Pela Roberto Silveira;;Reitoria;;Quem puder dar uma ajudazinea será bem vinda :) ;2016-09-25 11:21:32;2017-04-19 11:59:25;1,3,4,5;;;;2016-10-03 13:00:00
;Região dos Lagos;Unamar;;Retão-Unamar;Amaral Peixoto - linha verde;;Polo Universitário;;"R$5,00 p/vaga
Chamem no wpp : 021 97219-3236";2019-03-13 22:26:51;2019-03-13 22:26:51;1,2;2019-07-18;;;2019-04-30 10:00:00
;Região dos Lagos;Unamar;;Retão-Unamar;Amaral Peixoto - linha verde;;Polo Universitário;;"R$5,00 p/vaga
Chamem no wpp : 021 97219-3236";2019-03-13 22:29:13;2019-03-13 22:29:13;2,4;2019-07-14;;;2019-05-16 19:30:00
;Zona Norte;São Cristóvão;;;metrô de São Cristóvão, feira de tradições nordestinas..;;CT: Bloco A;;"R$2 pela carona para ajuda de custos.
CT -> Letras -> ponte do saber -> linha vermelha -> (podendo passar pela leopoldina ou) feira de São Cristóvão -> Quinta da boa vista -> metrô de São Cristóvão -> Quinta D'or";2016-05-02 14:15:13;2017-04-19 11:59:25;3;;;;2016-06-29 21:00:00
;Grande Niterói;Icaraí;;Campo de São Bento;Av. Roberto Silveira, Marquês de Paraná;;CCS;;;2016-10-25 00:30:57;2017-04-19 11:59:25;1,2,3,4,5;;;;2016-11-07 08:00:00
;Grande Niterói;Alameda;;;;;CCS;;;2019-05-14 20:46:43;2019-05-14 20:47:04;;;;2019-05-14 20:47:04;2019-05-20 22:00:00
;Grande Niterói;Icaraí, Niterói;;Vital Brazil;Ponte -> Av. Marquês do Paraná -> Rua Gavião Peixoto -> Av. Alm. Ary Parreiras -> Rua Doutor Souza Dias;;CT: Bloco H;;preço/pessoa: R$5;2016-07-01 12:02:36;2017-04-19 11:59:25;;;;;2016-07-01 16:15:00
;Grande Niterói;Icaraí;;Campo de São Bento;Av. Roberto Silveira, Marquês de Paraná;;CCS;;Saindo 6:20. Contribuição R$ 5;2016-07-21 23:54:11;2017-04-19 11:59:25;1,2,3,4,5;;;;2016-11-10 07:20:00
;Zona Norte;São Cristóvão;;próximo ao estádio são Januário (Vasco);campo de São Cristóvão, rua General argolo, rua sao Januário;;CT: Bloco A;;;2016-04-12 14:11:51;2017-04-19 11:59:25;2,4;;;;2016-06-23 17:00:00
;Grande Niterói;Icaraí Niterói;;;Pela Roberto Silveira;;Reitoria;;;2016-09-02 00:29:04;2017-04-19 11:59:25;1,2,3,4,5;;;;2016-09-08 07:30:00
;Baixada;Xerém ;;;;;CT;;;2016-09-09 18:14:30;2017-04-19 11:59:25;1;;;;2016-11-14 12:00:00
;Ilha do Fundão;Incubadora;;Incubadora da COPPE;;;CT: Bloco D;;Carona pra Incubadora de Empresas da COPPE! E você ainda de quebra pode conhecer as empresas de lá!;2016-04-12 09:15:39;2017-04-19 11:59:25;2,4;;;;2016-04-14 13:00:00
;Zona Norte;São Cristóvão;;Campo de São Cristóvão;Linha Vermelha ;;CT: Bloco H;;;2016-04-20 09:17:38;2017-04-19 11:59:25;3;;;;2016-06-01 10:30:00
;Grande Niterói;Fonseca;;Alameda;22 DE NOVEMBRO, ALAMEDA;;Letras;;"WhatsApp 964824093
Ajuda para combustível R$5,00";2018-08-25 05:09:22;2018-08-25 05:09:22;1,2,3,5;;;;2018-12-05 07:30:00
;Grande Niterói;Fonseca;;Alameda;22 DE NOVEMBRO, ALAMEDA;;Letras;;"WhatsApp 964824093
Ajuda para combustível R$6,00";2018-03-13 01:33:44;2018-03-13 01:33:44;1,3,5;;;;2018-04-18 07:30:00
;Grande Niterói;Centro de Niterói;;Amaral Peixoto;Jansen de Melo, Amaral Peixoto, Rua Dr Celestino;;Letras;;"Ajuda combustível R$6,00
whatsapp 964824093";2018-03-13 01:37:05;2018-03-13 01:37:05;1,2,3,4,5;;;;2018-03-27 13:00:00
;Grande Niterói;Fonseca;;22 de novembro;Alameda São Boaventura;;Letras;;"- Sem cigarros durante a viagem por gentileza.

ZAP 964824093
R$6,00 de auxílio gasolina

Peço R$6,00 para ajuda no combustível.

ZAP 964824093";2017-09-08 17:38:20;2017-09-08 17:38:20;2,3,4,5;;;;2017-11-28 07:30:00
;Grande Niterói;Fonseca;;Alameda;22 DE NOVEMBRO, ALAMEDA;;Letras;;"WhatsApp 964824093
Ajuda para combustível R$5,00";2018-08-25 05:09:22;2018-08-25 05:09:22;1,2,3,5;;;;2018-12-04 07:30:00
;Zona Norte;São Cristóvão;;Feira nordestina ;Ufrj , São Cristóvão ;;Letras;;Não fumo ;2016-09-25 23:11:03;2017-04-19 11:59:25;1,3,5;;;;2016-11-23 21:20:00
;Ilha do Fundão;Incubadora;;Incubadora da COPPE;;;CT: Bloco D;;Carona pra Incubadora de Empresas da COPPE! E você ainda de quebra pode conhecer as empresas de lá!;2016-04-12 09:15:39;2017-04-19 11:59:25;2,4;;;;2016-04-19 13:00:00
;Zona Norte;São Cristóvão;;17ª DP;Quinta da Boa Vista, Feira de São Cristóvão, Linha Vermelha;;Letras;;;2017-09-27 17:15:34;2017-09-27 17:15:34;1,2,3,4,5;;;;2017-10-17 17:19:00
;Grande Niterói;Fonseca;;Alameda;22 DE NOVEMBRO, ALAMEDA;;Letras;;"WhatsApp 964824093
Ajuda para combustível R$5,00";2018-08-25 05:09:22;2018-08-25 05:09:22;1,2,3,5;;;;2018-09-07 07:30:00
;Baixada;Xerém ;;Postinho de Saúde ;Caxias Shopping,  W. Luís,  Santa Cruz da Serra ;;CT: Bloco H;;Viagem de Volta do CT para Xerém,  caso queira parar em algum bairro intermediário,  pode. ;2016-04-14 01:05:30;2017-04-19 11:59:25;2,4;;;;2016-07-26 17:00:00
;Centro;bairro de Fátima;;Bairro de Fátima;Linha Vermelha, Cidade Nova e Bairro de Fátima;;Letras;;;2017-03-15 12:39:44;2017-04-19 11:59:25;2,4;;;;2017-06-13 21:45:00
;Grande Niterói;Fonseca;;Alameda;22 DE NOVEMBRO, ALAMEDA;;Letras;;"WhatsApp 964824093
Ajuda para combustível R$5,00";2018-08-25 05:09:22;2018-08-25 05:09:22;1,2,3,5;;;;2018-12-25 07:30:00
;Região dos Lagos;Unamar;;Retão-Unamar;Amaral Peixoto - linha verde;;Polo Universitário;;"R$5,00 p/vaga
Chamem no wpp : 021 97219-3236";2019-03-13 22:29:13;2019-03-13 22:29:13;2,4;2019-07-14;;;2019-03-14 19:30:00
;Zona Norte;São Cristóvão;;Campo do Vasco;Linha Vermelha, Cancela, Campo do vasco;;CT: Bloco H;;;2018-10-05 17:48:29;2018-10-05 17:48:29;1,2,3,4,5;;;;2018-11-19 18:00:00
;Grande Niterói;Icaraí Niterói;;;Pela Roberto Silveira;;Reitoria;;;2016-09-02 00:27:45;2017-04-19 11:59:25;;;;2016-09-02 00:28:11;2016-09-02 06:30:00
;Zona Norte;São Cristóvão;;Campo de São Cristóvão;Linha Vermelha ;;CT: Bloco H;;;2016-04-20 09:17:38;2017-04-19 11:59:25;3;;;;2016-06-08 10:30:00
;Grande Niterói;Fonseca;;Alameda;22 DE NOVEMBRO, ALAMEDA;;Letras;;"WhatsApp 964824093
Ajuda para combustível R$6,00";2018-03-13 01:33:44;2018-03-13 01:33:44;1,3,5;;;;2018-05-07 07:30:00
;Grande Niterói;Icaraí Niterói;;;Pela Roberto Silveira;;Reitoria;;;2016-09-02 00:29:04;2017-04-19 11:59:25;1,2,3,4,5;;;;2016-09-21 07:30:00
;Grande Niterói;Fonseca;;;Linha Vermelha-Ponte-Alameda;;CT: Bloco H;;"Sou motorista prudente. 
Colaboração de R$6.
";2017-03-15 13:47:06;2017-04-19 11:59:25;3,5;;;;2017-03-31 15:00:00
;Zona Norte;São Cristóvão;;17ª DP;Linha Vermelha, Campo De São Cristóvão, Quinta Da Boa Vista, Metrô De São Cristóvão;;CT: Bloco H;;;2016-09-06 16:31:06;2017-04-19 11:59:25;2;;;;2016-10-04 17:00:00
;Zona Norte;São Cristóvão;;Colégio pedro II ;;;CCMN: Frente;;Contribuições são bem vindas :);2016-06-13 18:54:55;2017-04-19 11:59:25;;;;;2016-06-14 07:20:00
;Baixada;XERÉM ;;Bloco H;;;CCMN: Frente;;;2016-09-09 18:16:08;2017-04-19 11:59:25;3;;;;2016-09-21 12:00:00
;Grande Niterói;Icaraí;;Campo de São Bento;Av. Roberto Silveira, Marquês de Paraná;;CCS;;Saindo 6:20. Contribuição R$ 5;2016-07-21 23:54:11;2017-04-19 11:59:25;1,2,3,4,5;;;;2016-11-21 07:20:00
;Grande Niterói;Icaraí;;Campo de São Bento;Av. Roberto Silveira, Marquês de Paraná;;CCS;;Saindo 6:20. Contribuição R$ 5;2016-07-21 23:54:10;2017-04-19 11:59:25;1,2,3,4,5;;;;2016-08-18 07:20:00
;Grande Niterói;Centro de Niterói;;Amaral Peixoto;Jansen de Melo, Amaral Peixoto, Rua Dr Celestino;;Letras;;"Ajuda combustível R$6,00
whatsapp 964824093";2018-03-13 01:37:05;2018-03-13 01:37:05;1,2,3,4,5;;;;2018-05-29 13:00:00
;Região dos Lagos;Unamar;;Retão-Unamar;Amaral Peixoto - linha verde;;Polo Universitário;;"R$5,00 p/vaga
Chamem no wpp : 021 97219-3236";2019-03-13 22:29:13;2019-03-13 22:29:13;2,4;2019-07-14;;;2019-04-04 19:30:00
;Zona Norte;São Cristóvão;;próximo ao estádio são Januário (Vasco);campo de São Cristóvão, rua General argolo, rua sao Januário;;CT: Bloco A;;;2016-04-12 14:11:51;2017-04-19 11:59:25;2,4;;;;2016-06-14 17:00:00
;Baixada;Xerém ;;Postinho de Saúde ;Santa Cruz da Serra, W. Luís, Caxias Shopping ;;CT;;Faço sempre o trajeto toda terça e quinta as 8h de Xerém ao CT;2016-04-14 01:03:21;2017-04-19 11:59:25;2,4;;;;2016-06-02 08:00:00
;Região dos Lagos;Cabo Frio;;;;;Polo Universitário;;Valor: R$10,00;2019-05-23 13:57:55;2019-05-23 14:16:12;1,2,3,4,5;2019-07-23;;2019-05-23 14:16:12;2019-06-19 16:00:00
;Zona Norte;São Cristóvão;;Campo de São Cristóvão;Campo de São Cristóvão;;CT;;;2016-04-20 09:30:34;2017-04-19 11:59:25;1,2,3,4,5;;;;2016-06-10 07:50:00
;Região dos Lagos;Unamar;;Retão-Unamar;Amaral Peixoto - linha verde;;Polo Universitário;;"R$5,00 p/vaga
Chamem no wpp : 021 97219-3236";2019-03-13 22:29:13;2019-03-13 22:29:13;2,4;2019-07-14;;;2019-04-30 19:30:00
;Grande Niterói;Centro de Niterói;;Amaral Peixoto;Jansen de Melo, Amaral Peixoto, Rua Dr Celestino;;Letras;;"Ajuda combustível R$6,00
whatsapp 964824093";2018-03-13 01:37:05;2018-03-13 01:37:05;1,2,3,4,5;;;;2018-07-05 13:00:00
;Grande Niterói;Icaraí Niterói;;;Rota: 7 de Setembro + Roberto Silveira;;Reitoria;;"Oie, vou quase todo dia esse horário. 
Peço só uma ajuda para a gasolina de 5 reais.";2018-03-26 23:28:05;2018-03-26 23:28:05;1,2,3,4;;;;2018-04-12 07:30:00
;Zona Oeste;Praça Seca;;Rua Pinto Teles;Rua Cândido Benício, Rua Goiás, Cascadura, Linha Amarela;;CCS: Frente;;5 R$ de contribuição. Deixo em outros prédios;2018-10-28 23:50:37;2018-10-28 23:50:37;;;;;2018-10-29 21:45:00
;Baixada;Xerém ;;Postinho de Saúde ;Santa Cruz da Serra, W. Luís, Caxias Shopping ;;CT;;Faço sempre o trajeto toda terça e quinta as 8h de Xerém ao CT;2016-04-14 01:03:21;2017-04-19 11:59:25;2,4;;;;2016-04-28 08:00:00
;Zona Norte;São Cristóvão;;próximo ao estádio são Januário (Vasco);campo de São Cristóvão, rua General argolo, rua sao Januário;;CT: Bloco A;;;2016-04-12 14:11:51;2017-04-19 11:59:25;2,4;;;;2016-05-17 17:00:00
;Grande Niterói;Fonseca;;Alameda;22 DE NOVEMBRO, ALAMEDA;;Letras;;"WhatsApp 964824093
Ajuda para combustível R$6,00";2018-03-13 01:33:44;2018-03-13 01:33:44;1,3,5;;;;2018-06-08 07:30:00
;Zona Oeste;Jacarepaguá ;;Praça seca - Vila Valqueire ;Linha Amarela-Piedade-Rua Goiás - Terminal De Cascadura- Tem Tudo - Assai Campinho- Mundial Praça Seca ;;CT;;;2016-04-29 19:52:04;2017-04-19 11:59:25;1,2,3,4,5;;;2016-04-29 19:56:42;2016-07-08 20:00:00
;Região dos Lagos;Unamar;;Retão-Unamar;Amaral Peixoto - linha verde;;Polo Universitário;;"R$5,00 p/vaga
Chamem no wpp : 021 97219-3236";2019-03-13 22:27:31;2019-03-13 22:27:31;3,4;2019-07-14;;;2019-04-25 13:30:00
;Baixada;Xerém;;Rua Senador Vergueiro;Marques De Abrantes, Pinheiro Machado, Sta Barbara, Presidente Vargas, Linha Vermelha;;CT: Bloco A;;"Não fumo, não o façam dentro do carro, por favor.
Contribuição R$4,00
Temperatura do ar condicionado 19ºC (quem for atrás, tem saída para vocês)
Qualquer coisa manda WhatsApp (21)981665652";2018-04-14 14:28:13;2018-04-14 14:28:13;1,5;;;;2018-04-23 14:00:00
;Zona Oeste;Praça Seca;;Rua Pinto Teles;Rua Cândido Benício, Rua Goiás, Cascadura, Linha Amarela;;CCS: HUCFF;;5 R$ de contribuição. Deixo em outros prédios;2018-11-30 11:32:36;2018-11-30 11:32:36;;;;;2018-11-30 15:30:00
;Baixada;Xerém ;;Postinho de Saúde ;Caxias Shopping,  W. Luís,  Santa Cruz da Serra ;;CT: Bloco H;;Viagem de Volta do CT para Xerém,  caso queira parar em algum bairro intermediário,  pode. ;2016-04-14 01:05:30;2017-04-19 11:59:25;2,4;;;;2016-06-28 17:00:00
;Zona Norte;São Cristóvão;;Feira nordestina ;Ufrj , São Cristóvão ;;Letras;;Não fumo ;2016-09-25 23:11:03;2017-04-19 11:59:25;1,3,5;;;;2016-10-07 21:20:00
;Grande Niterói;Centro de Niterói;;Amaral Peixoto;Jansen de Melo, Amaral Peixoto, Rua Dr Celestino;;Letras;;"Ajuda combustível R$6,00
whatsapp 964824093";2018-03-13 01:37:05;2018-03-13 01:37:05;1,2,3,4,5;;;;2018-06-01 13:00:00
;Grande Niterói;Fonseca;;Alameda;22 DE NOVEMBRO, ALAMEDA;;Letras;;"WhatsApp 964824093
Ajuda para combustível R$6,00";2018-03-13 01:33:44;2018-03-13 01:33:44;1,3,5;;;;2018-04-11 07:30:00
;Zona Norte;São Cristóvão;;17ª DP;Linha Vermelha, Campo De São Cristóvão, Quinta Da Boa Vista, Metrô De São Cristóvão;;CT: Bloco H;;;2016-04-27 16:46:22;2017-04-19 11:59:25;3,5;;;;2016-06-24 17:00:00
;Centro;bairro de Fátima;;Bairro de Fátima;Linha Vermelha, Cidade Nova e Bairro de Fátima;;Letras;;;2017-03-15 12:39:44;2017-04-19 11:59:25;2,4;;;;2017-04-04 21:45:00
;Zona Norte;São Cristóvão;;Largo da Cancela;Largo Da Cancela, Avenida Do Exército, Feira De São Cristóvão, Linha Vermelha ;;Reitoria;;;2016-04-26 08:54:07;2017-04-19 11:59:25;;;;2016-04-26 08:55:36;2016-04-27 08:00:00
;Centro;bairro de Fátima;;Bairro de Fátima;Linha Vermelha, Cidade Nova e Bairro de Fátima;;Letras;;;2017-03-15 12:39:44;2017-04-19 11:59:25;2,4;;;;2017-03-23 21:45:00
;Grande Niterói;Fonseca;;Alameda;22 DE NOVEMBRO, ALAMEDA;;Letras;;"WhatsApp 964824093
Ajuda para combustível R$6,00";2018-03-13 01:33:44;2018-03-13 01:33:44;1,3,5;;;;2018-03-16 07:30:00
;Grande Niterói;Fonseca;;Alameda;22 DE NOVEMBRO, ALAMEDA;;Letras;;"WhatsApp 964824093
Ajuda para combustível R$6,00";2018-03-13 01:33:44;2018-03-13 01:33:44;1,3,5;;;;2018-05-04 07:30:00
;Grande Niterói;Fonseca;;;;;CT;;"Ajuda com 5 reais.
";2017-04-10 18:23:07;2017-04-19 11:59:25;3;;;;2017-05-31 11:00:00
;Grande Niterói;Icaraí;;Campo de São Bento;Av. Roberto Silveira, Marquês de Paraná;;CCS;;;2016-10-25 00:30:57;2017-04-19 11:59:25;1,2,3,4,5;;;;2016-11-02 08:00:00
;Zona Oeste;Jacarepaguá ;;Praça seca - Vila Valqueire ;Linha Amarela-Piedade-Rua Goiás - Terminal De Cascadura- Tem Tudo - Assai Campinho- Mundial Praça Seca ;;CT;;;2016-04-29 19:52:04;2017-04-19 11:59:25;1,2,3,4,5;;;;2016-07-01 20:00:00
;Grande Niterói;Fonseca;;Alameda;22 DE NOVEMBRO, ALAMEDA;;Letras;;"WhatsApp 964824093
Ajuda para combustível R$6,00";2018-03-13 01:33:44;2018-03-13 01:33:44;1,3,5;;;;2018-03-28 07:30:00
;Grande Niterói;Fonseca;;22 de novembro;Alameda São Boaventura;;Letras;;"- Sem cigarros durante a viagem por gentileza.

ZAP 964824093
R$6,00 de auxílio gasolina

Peço R$6,00 para ajuda no combustível.

ZAP 964824093";2017-09-08 17:38:20;2017-09-08 17:38:20;2,3,4,5;;;;2017-12-07 07:30:00
;Zona Norte;São Cristóvão;;Campo do Vasco;Linha Vermelha, Cancela, Campo do vasco;;CT: Bloco H;;;2018-10-05 17:48:29;2018-10-05 17:48:29;1,2,3,4,5;;;;2018-10-19 18:00:00
;Zona Norte;São Cristóvão;;;Colégio Pedro II;;CCMN;;Contribuições são bem-vindas :);2016-06-01 19:14:57;2017-04-19 11:59:25;;;;;2016-06-02 07:20:00
;Zona Norte;São Cristóvão;;Campo do Vasco;Linha Vermelha, Cancela, Campo do vasco;;CT: Bloco H;;;2018-10-05 17:48:29;2018-10-05 17:48:29;1,2,3,4,5;;;;2018-10-17 18:00:00
;Região dos Lagos;Cabo Frio;;;;;Polo Universitário;;Valor: R$10,00;2019-05-23 13:57:55;2019-05-23 14:19:09;1,2,3,4,5;2019-07-23;;2019-05-23 14:19:09;2019-07-16 16:00:00
;Zona Oeste;Jacarepaguá ;;Praça seca - Vila Valqueire ;Linha Amarela-Piedade-Rua Goiás - Terminal De Cascadura- Tem Tudo - Assai Campinho- Mundial Praça Seca ;;CT;;;2016-04-29 19:52:03;2017-04-19 11:59:25;1,2,3,4,5;;;;2016-05-17 20:00:00
;Zona Oeste;Jacarepaguá ;;Praça seca - Vila Valqueire ;Linha Amarela-Piedade-Rua Goiás - Terminal De Cascadura- Tem Tudo - Assai Campinho- Mundial Praça Seca ;;CT;;;2016-04-29 19:52:03;2017-04-19 11:59:25;1,2,3,4,5;;;2016-04-29 19:57:23;2016-05-04 20:00:00
;Grande Niterói;Fonseca;;;Linha Vermelha-Ponte-Alameda;;CT: Bloco H;;"Sou motorista prudente. 
Colaboração de R$6.
";2017-03-15 13:47:06;2017-04-19 11:59:25;3,5;;;;2017-04-21 15:00:00
;Grande Niterói;Icaraí Niterói;;;Pela Roberto Silveira;;Reitoria;;;2016-09-02 00:29:04;2017-04-19 11:59:25;1,2,3,4,5;;;;2016-10-03 07:30:00
;Região dos Lagos;Unamar;;Retão-Unamar;Amaral Peixoto - linha verde;;Polo Universitário;;"R$5,00 p/vaga
Chamem no wpp : 021 97219-3236";2019-03-13 22:26:51;2019-03-13 22:26:51;1,2;2019-07-18;;;2019-06-18 10:00:00
;Zona Oeste;Jacarepaguá ;;Praça seca - Vila Valqueire ;Linha Amarela-Piedade-Rua Goiás - Terminal De Cascadura- Tem Tudo - Assai Campinho- Mundial Praça Seca ;;CT;;;2016-04-29 19:52:03;2017-04-19 11:59:25;1,2,3,4,5;;;2016-04-29 19:57:37;2016-05-09 20:00:00
;Zona Norte;São Cristóvão;;;metrô de São Cristóvão, feira de tradições nordestinas..;;CT: Bloco A;;"R$2 pela carona para ajuda de custos.
CT -> Letras -> ponte do saber -> linha vermelha -> (podendo passar pela leopoldina ou) feira de São Cristóvão -> Quinta da boa vista -> metrô de São Cristóvão -> Quinta D'or";2016-05-02 14:15:00;2017-04-19 11:59:25;1,2;;;;2016-05-24 22:00:00
;Grande Niterói;Icaraí Niterói;;;Pela Roberto Silveira;;Reitoria;;;2016-09-02 00:29:04;2017-04-19 11:59:25;1,2,3,4,5;;;;2016-09-22 07:30:00
;Grande Niterói;Maria Paula;;moinho;alameda;;CCMN;;;2016-04-27 21:18:44;2017-04-19 11:59:25;;;;;2016-04-28 09:00:00
;Grande Niterói;São Gonçalo;;Nova Cidade;BR;;CT: Bloco H;;Meu Whatsapp é 995427338 e não sou fumante;2018-02-09 20:31:21;2018-02-09 20:31:21;;;;;2018-03-05 17:00:00
;Grande Niterói;Santa Rosa - Niterói ;;Noronha Torrezão;Alameda, 22 de Novembro, Noronha Torrezão;;CCMN: Frente;;As contribuições não são obrigatórias, mas bem-vindas. Não desvio minha rota pelo Centro.;2016-06-21 12:23:11;2017-04-19 11:59:25;2,4;;;;2016-07-07 15:00:00
;Zona Oeste;Jacarepaguá ;;Praça seca - Vila Valqueire ;Linha Amarela-Piedade-Rua Goiás - Terminal De Cascadura- Tem Tudo - Assai Campinho- Mundial Praça Seca ;;CT;;;2016-04-29 19:52:03;2017-04-19 11:59:25;1,2,3,4,5;;;;2016-06-01 20:00:00
;Grande Niterói;Santa Rosa - Niterói ;;Noronha Torrezão;Alameda, 22 de Novembro, Noronha Torrezão;;CCMN: Frente;;As contribuições não são obrigatórias, mas bem-vindas. Não desvio minha rota pelo Centro.;2016-06-21 12:23:11;2017-04-19 11:59:25;2,4;;;;2016-07-26 15:00:00
;Zona Norte;São Cristóvão;;próximo ao estádio são Januário (Vasco);campo de São Cristóvão, rua General argolo, rua sao Januário;;CT: Bloco A;;;2016-04-12 14:11:51;2017-04-19 11:59:25;2,4;;;2016-07-05 14:19:02;2016-07-07 17:00:00
;Zona Norte;São Cristóvão;;17ª DP;Linha Vermelha, Campo De São Cristóvão, Quinta Da Boa Vista, Metrô De São Cristóvão;;Letras;;;2016-04-27 16:44:21;2017-04-19 11:59:25;3,5;;;2016-04-27 16:45:57;2016-06-24 17:00:00
;Zona Norte;São Cristóvão;;;Colégio Pedro II;;CCMN;;Contribuições pra gasolina são bem-vindas :);2016-05-22 21:28:00;2017-04-19 11:59:25;;;;;2016-05-23 07:20:00
;Zona Norte;São Cristóvão;;Feira nordestina ;Ufrj , São Cristóvão ;;Letras;;Não fumo ;2016-09-25 23:11:03;2017-04-19 11:59:25;1,3,5;;;;2016-10-21 21:20:00
;Zona Norte;São Cristóvão;;Esquina da Avenida exército com a rua Fonseca Teles (ponto do sinal);Colégio Brasileiro - Centro De Tradições Nordestinas - Linha Vermelha - Fundão ;;CCMN;;2 reais pra ajudar na gasolina :);2016-05-05 16:00:54;2017-04-19 11:59:25;;;;;2016-05-06 07:10:00
;Grande Niterói;Fonseca;;;;;CT;;Ajuda com 5 reais;2017-04-10 18:22:36;2017-04-19 11:59:25;2,4;;;;2017-05-30 08:30:00
;Grande Niterói;Fonseca;;22 de novembro;Alameda São Boaventura;;Letras;;"- Sem cigarros durante a viagem por gentileza.

ZAP 964824093
R$6,00 de auxílio gasolina

Peço R$6,00 para ajuda no combustível.

ZAP 964824093";2017-09-08 17:38:20;2017-09-08 17:38:20;2,3,4,5;;;;2017-10-31 07:30:00
;Grande Niterói;Fonseca - Niteroi ;;Alameda - Fonseca;;;CT: Bloco A;;"Saio do CT até a Alameda Boa Ventura, no Fonseca. Não aceitamos fumantes
Entrar em contato no wpp:
 21 99575-7872

Pedimos colaboração de 5 dinheiros ";2016-05-05 13:17:17;2017-04-19 11:59:25;2,4,5;;;2016-05-05 13:18:03;2016-05-20 14:00:00
;Baixada;Xerém ;;Postinho de Saúde ;Caxias Shopping,  W. Luís,  Santa Cruz da Serra ;;CT: Bloco H;;Viagem de Volta do CT para Xerém,  caso queira parar em algum bairro intermediário,  pode. ;2016-04-14 01:05:30;2017-04-19 11:59:25;2,4;;;;2016-05-31 17:00:00
;Zona Norte;São Cristóvão;;;metrô de São Cristóvão, feira de tradições nordestinas..;;CT: Bloco A;;"R$2 pela carona para ajuda de custos.
CT -> Letras -> ponte do saber -> linha vermelha -> (podendo passar pela leopoldina ou) feira de São Cristóvão -> Quinta da boa vista -> metrô de São Cristóvão -> Quinta D'or";2016-05-02 14:15:00;2017-04-19 11:59:25;1,2;;;;2016-05-03 22:00:00
;Região dos Lagos;Unamar;;Retão-Unamar;Amaral Peixoto - linha verde;;Polo Universitário;;"R$5,00 p/vaga
Chamem no wpp : 021 97219-3236";2019-03-13 22:26:51;2019-03-13 22:26:51;1,2;2019-07-18;;;2019-07-09 10:00:00
;Zona Norte;São Cristóvão;;17ª DP;Linha Vermelha, Campo De São Cristóvão, Quinta Da Boa Vista, Metrô De São Cristóvão;;CT: Bloco A;;;2016-04-15 12:04:15;2017-04-19 11:59:25;;;;2016-04-15 12:04:34;2016-04-15 17:00:00
;Baixada;Xerém;;Rua Senador Vergueiro;Marques De Abrantes, Pinheiro Machado, Sta Barbara, Presidente Vargas, Linha Vermelha;;CT: Bloco A;;"Não fumo, não o façam dentro do carro, por favor.
Contribuição R$4,00
Temperatura do ar condicionado 19ºC (quem for atrás, tem saída para vocês)
Qualquer coisa manda WhatsApp (21)981665652";2018-04-14 14:29:04;2018-04-14 14:29:04;3;;;;2018-07-11 12:00:00
;Zona Sul;Glória ;;Metrô Glória ;;;Reitoria;;;2016-05-03 09:50:22;2017-04-19 11:59:25;;;;;2016-05-03 10:40:00
;Zona Norte;São Cristóvão;;17ª DP;Quinta da Boa Vista, Feira de São Cristóvão, Linha Vermelha;;Letras;;;2017-09-27 17:15:34;2017-09-27 17:15:34;1,2,3,4,5;;;;2017-10-19 17:19:00
;Grande Niterói;Santa Rosa - Niterói ;;Noronha Torrezão;Alameda, 22 de Novembro, Noronha Torrezão;;CCMN: Frente;;As contribuições não são obrigatórias, mas bem-vindas. Não desvio minha rota pelo Centro.;2016-06-21 12:23:11;2017-04-19 11:59:25;2,4;;;;2016-08-04 15:00:00
;Região dos Lagos;Unamar;;Retão-Unamar;Amaral Peixoto - linha verde;;Polo Universitário;;"R$5,00 p/vaga
Chamem no wpp : 021 97219-3236";2019-03-13 22:27:31;2019-03-13 22:27:31;3,4;2019-07-14;;;2019-03-21 13:30:00
;Grande Niterói;Fonseca;;Wiseup;;;CT: Bloco H;;Ajuda com 5 reais. ;2017-04-10 18:24:17;2017-04-19 11:59:25;1,2,3;;;;2017-05-22 15:00:00
;Ilha do Fundão;ufrj letras;;Estacionamento;;;Letras;;;2017-05-05 18:29:52;2017-05-05 18:30:11;;;;2017-05-05 18:30:11;2017-05-05 21:00:00
;Zona Norte;São Cristóvão;;;metrô de São Cristóvão, feira de tradições nordestinas..;;CT: Bloco A;;;2016-04-20 14:43:41;2017-04-19 11:59:25;;;;;2016-04-20 20:30:00
;Zona Norte;São Cristóvão;;Campo do Vasco;Linha Vermelha, Cancela, Campo do vasco;;CT: Bloco H;;;2018-10-05 17:48:29;2018-10-05 17:48:29;1,2,3,4,5;;;;2018-12-04 18:00:00
;Grande Niterói;Icaraí;;Campo de São Bento;Av. Roberto Silveira, Marquês de Paraná;;CCS;;Saindo 6:20. Contribuição R$ 5;2016-07-21 23:54:11;2017-04-19 11:59:25;1,2,3,4,5;;;;2016-10-12 07:20:00
;Grande Niterói;Fonseca - Niteroi ;;Alameda - Fonseca;;;CT: Bloco A;;"Pedimos colaboração de 5 reais;
Entrar em contato por wpp 21 99575-7872
";2016-05-05 13:21:11;2017-04-19 11:59:25;2,4;;;2016-05-05 17:14:47;2016-07-05 17:00:00
;Região Serrana;Petrópolis;;Universidade Estácio da Bingen.;;;CT: Bloco A;;;2018-04-03 15:57:02;2018-04-03 15:57:02;1,3;2018-07-04;;;2018-04-04 16:20:00
;Baixada;Xerém ;;Postinho de Saúde ;Caxias Shopping,  W. Luís,  Santa Cruz da Serra ;;CT: Bloco H;;Viagem de Volta do CT para Xerém,  caso queira parar em algum bairro intermediário,  pode. ;2016-04-14 01:05:30;2017-04-19 11:59:25;2,4;;;;2016-06-30 17:00:00
;Grande Niterói;Icaraí;;Campo de São Bento;Av. Roberto Silveira, Marquês de Paraná;;CCS;;Saindo 6:20. Contribuição R$ 5;2016-07-21 23:54:10;2017-04-19 11:59:25;1,2,3,4,5;;;;2016-09-01 07:20:00
;Zona Norte;São Cristóvão ;;;Próximo ao Estádio São Januário > Largo da Cancela > Linha Vermelha > CT;;CT;;;2016-04-13 10:29:27;2017-04-19 11:59:25;;;;;2016-04-14 07:20:00
;Zona Norte;São Cristóvão;;Cadeg;Linha Vermelha, Campo De São Cristóvão, Cancela, Largo Do Pedregulho, Cadeg;;Reitoria;;;2017-06-12 10:42:28;2017-06-12 10:42:28;;;;;2017-06-12 15:15:00
;Grande Niterói;Fonseca;;;;;CT;;Ajuda com 5 reais;2017-04-10 18:22:36;2017-04-19 11:59:25;2,4;2017-06-11;;;2017-04-11 08:30:00
;Zona Norte;São Cristóvão;;Campo de São Cristóvão;Linha Vermelha ;;CT: Bloco H;;;2016-04-25 13:06:57;2017-04-19 11:59:25;1;;;;2016-05-30 15:00:00
;Grande Niterói;Fonseca;;;Linha Vermelha-Ponte-Alameda;;CT: Bloco H;;Sou motorista prudente. Contribuição de R$6;2017-03-15 05:37:28;2017-04-19 11:59:25;3,5;;;2017-03-15 13:39:43;2017-04-07 17:00:00
;Zona Norte;São Cristóvão;;17ª DP;Linha Vermelha, Campo De São Cristóvão, Quinta Da Boa Vista, Metrô De São Cristóvão;;CT: Bloco A;;;2016-04-15 12:04:54;2017-04-19 11:59:25;;;;;2016-04-15 17:00:00
;Zona Norte;São Cristóvão;;;metrô de São Cristóvão, feira de tradições nordestinas..;;CT: Bloco A;;"R$2 pela carona para ajuda de custos.
CT -> Letras -> ponte do saber -> linha vermelha -> (podendo passar pela leopoldina ou) feira de São Cristóvão -> Quinta da boa vista -> metrô de São Cristóvão -> Quinta D'or";2016-05-02 14:15:01;2017-04-19 11:59:25;1,2;;;;2016-06-07 22:00:00
;Grande Niterói;Icaraí-Niterói;;Campo de São Bento;Saindo da Otávio Carneiro, Lopes Trovão, pela Roberto Silveira até a ponte;;CCS;;"Saída às 6:25.
Não é permitido fumar no carro.
Contribuição de R$ 5,00.";2019-01-06 20:50:34;2019-01-06 21:18:19;1,2,3,4,5;2019-03-07;;2019-01-06 21:18:19;2019-02-25 07:15:00
;Zona Oeste;Praça Seca;;Rua Pinto Teles;Rua Cândido Benício, Rua Goiás, Cascadura, Linha Amarela;;EEFD;;5 R$ de contribuição. Deixo em outros prédios;2018-10-23 15:25:23;2018-10-23 15:25:23;;;;;2018-10-23 18:20:00
;Região dos Lagos;Arraial do Cabo;;Figueira;Via Praia Seca, Bacaxá, São Gonçalo;;CT: Bloco D;;;2019-03-15 09:48:36;2019-03-15 09:48:36;5;2019-07-15;;;2019-05-03 21:45:00
;Centro;bairro de Fátima;;Bairro de Fátima;Linha Vermelha, Cidade Nova e Bairro de Fátima;;Letras;;;2017-03-15 12:39:44;2017-04-19 11:59:25;2,4;;;;2017-05-04 21:45:00
;Zona Oeste;Jacarepaguá ;;Praça seca - Vila Valqueire ;Linha Amarela-Piedade-Rua Goiás - Terminal De Cascadura- Tem Tudo - Assai Campinho- Mundial Praça Seca ;;CT;;;2016-04-29 19:52:03;2017-04-19 11:59:25;1,2,3,4,5;;;;2016-05-30 20:00:00
;Zona Norte;São Cristóvão;;17ª DP;Linha Vermelha, Campo De São Cristóvão, Quinta Da Boa Vista;;Letras;;Posso deixar no metrô se quiserem.;2016-04-11 10:01:28;2017-04-19 11:59:25;1;;;2016-04-11 12:03:24;2016-04-18 17:00:00
;Grande Niterói;Fonseca;;Alameda;22 DE NOVEMBRO, ALAMEDA;;Letras;;"WhatsApp 964824093
Ajuda para combustível R$5,00";2018-08-25 05:09:22;2018-08-25 05:09:22;1,2,3,5;;;;2018-11-02 07:30:00
;Região dos Lagos;Cabo Frio;;Unamar;Amaral Peixoto;;Polo Universitário;;;2019-08-10 18:56:15;2019-08-10 18:56:15;1;2019-12-12;;;2019-10-21 13:30:00
;Zona Norte;São Cristóvão ;;;CT > Linha Vermelha > Feira de São Cristóvão > Largo da Cancela > próximo ao Estádio São Januário ;;CT: Bloco A;;;2016-04-13 10:24:33;2017-04-19 11:59:25;1,3;;;2016-04-13 10:26:06;2016-05-23 14:05:00
;Grande Niterói;Icaraí Niterói;;;Pela Roberto Silveira;;Reitoria;;Quem puder dar uma ajudazinea será bem vinda :) ;2016-09-25 11:21:32;2017-04-19 11:59:25;1,3,4,5;;;;2016-10-31 13:00:00
;Grande Niterói;Fonseca;;Alameda;22 DE NOVEMBRO, ALAMEDA;;Letras;;"WhatsApp 964824093
Ajuda para combustível R$6,00";2018-03-13 01:33:44;2018-03-13 01:33:44;1,3,5;;;;2018-05-11 07:30:00
;Zona Norte;São Cristóvão;;17ª DP;Linha Vermelha, Campo De São Cristóvão, Quinta Da Boa Vista;;Letras;;Posso deixar no metrô se quiserem.;2016-04-11 10:01:28;2017-04-19 11:59:25;1;;;2016-04-11 12:03:47;2016-05-23 17:00:00
;Zona Norte;São Cristóvão ;;;CT > Linha Vermelha > Feira de São Cristóvão > Largo da Cancela > próximo ao Estádio São Januário ;;CT: Bloco A;;;2016-04-13 10:24:33;2017-04-19 11:59:25;1,3;2016-06-13;;;2016-04-13 14:05:00
;Zona Oeste;Jacarepaguá ;;Praça seca - Vila Valqueire ;Linha Amarela-Piedade-Rua Goiás - Terminal De Cascadura- Tem Tudo - Assai Campinho- Mundial Praça Seca ;;CT;;;2016-04-29 19:52:03;2017-04-19 11:59:25;1,2,3,4,5;;;2016-04-29 19:57:44;2016-05-11 20:00:00
;Grande Niterói;Icaraí;;Campo de São Bento;Av. Roberto Silveira, Marquês de Paraná;;CCS;;Saindo 6:20. Contribuição R$ 5;2016-07-21 23:54:10;2017-04-19 11:59:25;1,2,3,4,5;2016-11-22;;;2016-07-22 07:20:00
;Grande Niterói;Icaraí;;Campo de São Bento;Av. Roberto Silveira, Marquês de Paraná;;CCS;;Saindo 6:20. Contribuição R$ 5;2016-07-21 23:54:10;2017-04-19 11:59:25;1,2,3,4,5;;;;2016-08-23 07:20:00
;Grande Niterói;Icaraí Niterói;;;Pela Roberto Silveira;;Reitoria;;;2016-09-02 00:29:04;2017-04-19 11:59:25;1,2,3,4,5;;;;2016-09-26 07:30:00
;Zona Norte;São Cristóvão;;Campo de São Cristóvão;Campo de São Cristóvão;;CT;;;2016-04-20 09:30:34;2017-04-19 11:59:25;1,2,3,4,5;;;;2016-06-01 07:50:00
;Região dos Lagos;Unamar;;Retão-Unamar;Amaral Peixoto - linha verde;;Polo Universitário;;"R$5,00 p/vaga
Chamem no wpp : 021 97219-3236";2019-03-13 22:27:31;2019-03-13 22:27:31;3,4;2019-07-14;;;2019-05-16 13:30:00
;Centro;bairro de Fátima;;Bairro de Fátima;Linha Vermelha, Cidade Nova e Bairro de Fátima;;Letras;;;2017-03-15 12:39:44;2017-04-19 11:59:25;2,4;;;;2017-06-08 21:45:00
;Zona Norte;São Cristóvão;;17ª DP;Linha Vermelha, Campo De São Cristóvão, Quinta Da Boa Vista, Metrô De São Cristóvão;;CT: Bloco H;;;2016-04-27 16:46:22;2017-04-19 11:59:25;3,5;;;;2016-06-03 17:00:00
;Zona Norte;São Cristóvão;;Campo do Vasco;Linha Vermelha, Cancela, Campo do vasco;;CT: Bloco H;;;2018-10-05 17:48:29;2018-10-05 17:48:29;1,2,3,4,5;;;;2018-11-28 18:00:00
;Zona Norte;São Cristóvão;;Centro de tradições nordestinas;linha vermelha;;Reitoria;;;2016-04-14 18:09:14;2017-04-19 11:59:25;;;;;2016-04-15 16:30:00
;Grande Niterói;Fonseca;;Alameda;22 DE NOVEMBRO, ALAMEDA;;Letras;;"WhatsApp 964824093
Ajuda para combustível R$6,00";2018-03-13 01:33:44;2018-03-13 01:33:44;1,3,5;2018-07-14;;;2018-03-14 07:30:00
;Zona Norte;São Cristóvão;;17ª DP;Linha Vermelha, Campo De São Cristóvão, Quinta Da Boa Vista, Metrô De São Cristóvão;;Letras;;;2016-04-27 16:44:21;2017-04-19 11:59:25;3,5;;;2016-04-27 16:45:45;2016-06-17 17:00:00
;Grande Niterói;Icaraí-Niterói;;Campo de São Bento;Saindo da Otávio Carneiro, Lopes Trovão, pela Roberto Silveira até a ponte;;CCS;;"Saída às 6:25.
Não é permitido fumar no carro.
Contribuição de R$ 5,00.";2019-01-06 20:50:34;2019-01-06 21:04:32;1,2,3,4,5;2019-03-07;;2019-01-06 21:04:32;2019-01-11 07:15:00
;Zona Oeste;Jacarepaguá ;;Praça seca - Vila Valqueire ;Linha Amarela-Piedade-Rua Goiás - Terminal De Cascadura- Tem Tudo - Assai Campinho- Mundial Praça Seca ;;CT;;;2016-04-29 19:52:03;2017-04-19 11:59:25;1,2,3,4,5;;;;2016-05-13 20:00:00
;Baixada;Xerém;;Rua Senador Vergueiro;Marques De Abrantes, Pinheiro Machado, Sta Barbara, Presidente Vargas, Linha Vermelha;;CT: Bloco A;;"Não fumo, não o façam dentro do carro, por favor.
Contribuição R$4,00
Temperatura do ar condicionado 19ºC (quem for atrás, tem saída para vocês)
Qualquer coisa manda WhatsApp (21)981665652";2018-04-14 14:29:04;2018-04-14 14:29:04;3;;;;2018-07-18 12:00:00
;Região Serrana;Petrópolis;;;Bingen - Centro - Retiro;;CT: Bloco A;;;2016-04-15 13:33:22;2017-04-19 11:59:25;;;;;2016-04-15 16:00:00
;Grande Niterói;Icaraí Niterói;;;Pela Gavião Peixoto ;;Reitoria;;;2016-04-15 07:41:23;2017-04-19 11:59:25;1,2,3,4,5;;;2016-04-15 09:37:41;2016-06-07 13:30:00
;Região dos Lagos;Cabo Frio;;;;;Polo Universitário;;Valor: R$10,00;2019-05-23 14:04:16;2019-05-23 14:17:44;1,3,4,5;2019-07-27;;2019-05-23 14:17:44;2019-07-03 07:30:00
;Zona Norte;São Cristóvão;;Feira nordestina ;Ufrj , São Cristóvão ;;Letras;;;2016-09-30 16:03:51;2017-04-19 11:59:25;5;;;;2016-11-11 17:00:00
;Região dos Lagos;Cabo Frio;;;;;Polo Universitário;;Peço R$ 20,00 para ajudar na gasolina.;2019-04-10 09:13:30;2019-04-10 09:13:30;;;;;2019-04-12 14:00:00
;Zona Norte;São Cristóvão;;17ª DP;Linha Vermelha, Campo De São Cristóvão, Quinta Da Boa Vista;;Letras;;Posso deixar no metrô se quiserem.;2016-04-11 10:01:28;2017-04-19 11:59:25;1;;;2016-04-11 12:03:00;2016-05-30 17:00:00
;Zona Oeste;Praça Seca;;Rua Pinto Teles;Rua Cândido Benício, Rua Goiás, Cascadura, Linha Amarela;;CCS: Frente;;5 R$ de contribuição. Deixo em outros prédios;2018-10-04 12:56:09;2018-10-04 12:56:09;;;;;2018-10-04 21:45:00
;Grande Niterói;Icaraí;;Campo de São Bento;Av. Roberto Silveira, Marquês de Paraná;;CCS;;Saindo 6:20. Contribuição R$ 5;2016-07-21 23:54:11;2017-04-19 11:59:25;1,2,3,4,5;;;;2016-11-14 07:20:00
;Zona Oeste;Praça Seca;;Rua Pinto Teles;Rua Cândido Benício, Rua Goiás, Cascadura, Linha Amarela;;CCS: HUCFF;;5 R$ de contribuição. Deixo em outros prédios;2018-08-23 16:25:01;2018-08-23 16:25:01;;;;;2018-08-23 21:40:00
;Baixada;Xerém ;;Postinho de Saúde ;Santa Cruz da Serra, W. Luís, Caxias Shopping ;;CT;;Faço sempre o trajeto toda terça e quinta as 8h de Xerém ao CT;2016-04-14 01:03:21;2017-04-19 11:59:25;2,4;;;;2016-05-10 08:00:00
;Região dos Lagos;Unamar;;Retão-Unamar;Amaral Peixoto - linha verde;;Polo Universitário;;"R$5,00 p/vaga
Chamem no wpp : 021 97219-3236";2019-03-13 22:26:51;2019-03-13 22:26:51;1,2;2019-07-18;;;2019-06-03 10:00:00
;Grande Niterói;Santa Rosa - Niterói ;;Noronha Torrezão;Alameda, 22 de Novembro, Noronha Torrezão;;CCMN: Frente;;As contribuições não são obrigatórias, mas bem-vindas. Não desvio minha rota pelo Centro.;2016-06-21 12:23:11;2017-04-19 11:59:25;2,4;;;;2016-07-14 15:00:00
;Zona Norte;São Cristóvão ;;;CT > Linha Vermelha > Feira de São Cristóvão > Largo da Cancela > próximo ao Estádio São Januário ;;CT: Bloco A;;;2016-04-13 10:24:33;2017-04-19 11:59:25;1,3;;;2016-04-13 10:26:10;2016-05-18 14:05:00
;Zona Oeste;Jacarepaguá ;;Praça seca - Vila Valqueire ;Linha Amarela-Piedade-Rua Goiás - Terminal De Cascadura- Tem Tudo - Assai Campinho- Mundial Praça Seca ;;CT;;;2016-04-29 19:52:04;2017-04-19 11:59:25;1,2,3,4,5;;;2016-04-29 19:56:20;2016-07-15 20:00:00
;Baixada;Xerém ;;Postinho de Saúde ;Santa Cruz da Serra, W. Luís, Caxias Shopping ;;CT;;Faço sempre o trajeto toda terça e quinta as 8h de Xerém ao CT;2016-04-14 01:03:21;2017-04-19 11:59:25;2,4;;;;2016-08-09 08:00:00
;Região Serrana;Petrópolis;;Universidade Estácio da Bingen.;;;CT: Bloco A;;;2018-04-03 15:57:02;2018-04-03 15:57:02;1,3;;;;2018-04-30 16:20:00
;Grande Niterói;Fonseca;;;;;CT;;Ajuda com 5 reais;2017-04-10 18:22:36;2017-04-19 11:59:25;2,4;;;;2017-05-11 08:30:00
;Baixada;Xerém ;;;;;CT;;;2016-09-09 18:14:30;2017-04-19 11:59:25;1;;;;2016-10-31 12:00:00
;Região dos Lagos;Unamar;;Retão-Unamar;Amaral Peixoto - linha verde;;Polo Universitário;;"R$5,00 p/vaga
Chamem no wpp : 021 97219-3236";2019-03-13 22:27:31;2019-03-20 18:19:28;3,4;2019-07-14;;;2019-03-20 13:30:00
;Baixada;Xerém;;Rua Senador Vergueiro;Marques De Abrantes, Pinheiro Machado, Sta Barbara, Presidente Vargas, Linha Vermelha;;CT: Bloco A;;"Não fumo, não o façam dentro do carro, por favor.
Contribuição R$4,00
Temperatura do ar condicionado 19ºC (quem for atrás, tem saída para vocês)
Qualquer coisa manda WhatsApp (21)981665652";2018-04-14 14:28:13;2018-04-14 14:28:13;1,5;;;;2018-06-11 14:00:00
;Grande Niterói;Fonseca;;Alameda;22 DE NOVEMBRO, ALAMEDA;;Letras;;"WhatsApp 964824093
Ajuda para combustível R$5,00";2018-08-25 05:09:22;2018-08-25 05:09:22;1,2,3,5;;;;2018-09-18 07:30:00
;Zona Norte;São Cristóvão;;Campo de São Cristóvão;Campo de São Cristóvão;;CT;;;2016-04-20 09:30:34;2017-04-19 11:59:25;1,2,3,4,5;;;;2016-06-02 07:50:00
;Região dos Lagos;Cabo Frio;;Unamar;Amaral Peixoto;;Polo Universitário;;;2019-08-10 18:56:15;2019-08-10 18:56:15;1;2019-12-12;;;2019-11-25 13:30:00
;Grande Niterói;Icaraí Niterói;;;Pela Roberto Silveira;;Reitoria;;;2016-09-02 00:29:04;2017-04-19 11:59:25;1,2,3,4,5;;;;2016-10-10 07:30:00
;Zona Norte;São Cristóvão;;17ª DP;Quinta da Boa Vista, Feira de São Cristóvão, Linha Vermelha;;Letras;;;2017-09-27 17:15:34;2017-09-27 17:15:34;1,2,3,4,5;2017-11-27;;;2017-09-27 17:19:00
;Zona Norte;São Cristóvão;;;Colégio Pedro II;;CCMN;;Contribuições são bem vindas :);2016-05-24 22:14:35;2017-04-19 11:59:25;;;;2016-05-24 23:08:16;2016-05-25 07:20:00
;Grande Niterói;Fonseca;;;;;CT;;Ajuda com 5 reais;2017-04-10 18:22:36;2017-04-19 11:59:25;2,4;;;;2017-04-27 08:30:00
;Zona Norte;São Cristóvão ;;;CT > Linha Vermelha > Feira de São Cristóvão > Largo da Cancela > próximo ao Estádio São Januário ;;CT: Bloco A;;;2016-04-13 10:24:33;2017-04-19 11:59:25;1,3;;;2016-04-13 10:26:24;2016-05-04 14:05:00
;Zona Norte;São Cristóvão;;Campo de São Cristóvão;Linha Vermelha ;;CT: Bloco H;;;2016-04-20 09:31:08;2017-04-19 11:59:25;3;2016-06-20;;;2016-04-20 10:30:00
;Grande Niterói;Fonseca - Niteroi ;;Alameda - Fonseca;;;CT: Bloco A;;;2016-05-05 13:46:53;2017-04-19 11:59:25;2,3,4,5;;;2016-05-05 17:15:48;2016-06-07 08:00:00
;Grande Niterói;Fonseca - Niteroi ;;Alameda - Fonseca;;;CT: Bloco A;;;2016-05-05 13:46:53;2017-04-19 11:59:25;2,3,4,5;;;2016-05-05 17:16:02;2016-06-14 08:00:00
;Zona Norte;São Cristóvão;;17ª DP;Linha Vermelha, Campo De São Cristóvão, Quinta Da Boa Vista, Metrô De São Cristóvão;;CT: Bloco H;;;2016-09-06 16:31:06;2017-04-19 11:59:25;2;;;;2016-10-11 17:00:00
;Ilha do Fundão;Incubadora;;Incubadora da COPPE;;;CT;;;2016-04-12 09:12:36;2017-04-19 11:59:25;;;;2016-04-12 09:13:17;2016-04-12 12:00:00
;Grande Niterói;Fonseca;;22 de novembro;Alameda São Boaventura;;Letras;;"- Sem cigarros durante a viagem por gentileza.

ZAP 964824093
R$6,00 de auxílio gasolina

Peço R$6,00 para ajuda no combustível.

ZAP 964824093";2017-09-08 17:38:20;2017-09-08 17:38:20;2,3,4,5;;;;2017-09-28 07:30:00
;Região dos Lagos;Cabo Frio;;;;;Polo Universitário;;Valor: R$10,00;2019-05-23 13:57:55;2019-05-23 14:13:25;1,2,3,4,5;2019-07-23;;2019-05-23 14:13:25;2019-05-24 16:00:00
;Grande Niterói;Fonseca;;Alameda;22 DE NOVEMBRO, ALAMEDA;;Letras;;"WhatsApp 964824093
Ajuda para combustível R$6,00";2018-03-13 01:33:44;2018-03-13 01:33:44;1,3,5;;;;2018-04-06 07:30:00
;Grande Niterói;Icaraí-Niterói;;Campo de São Bento;Saindo da Otávio Carneiro, Lopes Trovão, pela Roberto Silveira até a ponte;;CCS;;"Saída às 6:25.
Não é permitido fumar no carro.
Contribuição de R$ 5,00.";2019-01-06 20:50:34;2019-01-06 21:11:21;1,2,3,4,5;2019-03-07;;2019-01-06 21:11:21;2019-01-29 07:15:00
;Grande Niterói;Ingá;;Paulo Alves;Centro;;CT;;;2017-03-07 18:53:02;2017-04-19 11:59:25;;;;;2017-03-08 08:29:00
;Zona Norte;São Cristóvão;;Colégio Pedro II ;;;CT: Bloco A;;Contribuições são bem vindas :);2016-06-17 08:16:17;2017-04-19 11:59:25;;;;2016-06-17 11:10:17;2016-06-17 16:15:00
;Grande Niterói;Icaraí;;Campo de São Bento;Av. Roberto Silveira, Marquês de Paraná;;CCS;;Saindo 6:20. Contribuição R$ 5;2016-07-21 23:54:10;2017-04-19 11:59:25;1,2,3,4,5;;;;2016-08-08 07:20:00
;Zona Norte;São Cristóvão;;Feira nordestina ;Ufrj , São Cristóvão ;;Letras;;Não fumo ;2016-09-25 23:11:03;2017-04-19 11:59:25;1,3,5;;;;2016-10-03 21:20:00
;Região dos Lagos;Arraial do Cabo;;Figueira;Via Praia Seca, Bacaxá, São Gonçalo;;CT: Bloco D;;;2019-03-15 09:48:36;2019-03-15 09:48:36;5;2019-07-15;;;2019-05-10 21:45:00
;Região dos Lagos;Unamar;;Retão-Unamar;Amaral Peixoto - linha verde;;Polo Universitário;;"R$5,00 p/vaga
Chamem no wpp : 021 97219-3236";2019-03-13 22:29:13;2019-03-13 22:29:13;2,4;2019-07-14;;;2019-04-09 19:30:00
;Baixada;Xerém ;;;;;CT;;;2016-09-09 18:14:29;2017-04-19 11:59:25;1;;;;2016-09-26 12:00:00
;Grande Niterói;Fonseca - Niteroi ;;Alameda - Fonseca;;;CT: Bloco A;;"Saio do CT até a Alameda Boa Ventura, no Fonseca. Não aceitamos fumantes
Entrar em contato no wpp:
 21 99575-7872

Pedimos colaboração de 5 dinheiros ";2016-05-05 13:17:17;2017-04-19 11:59:25;2,4,5;;;2016-05-05 13:18:49;2016-06-14 14:00:00
;Grande Niterói;Icaraí-Niterói;;Campo de São Bento;Saindo da Otávio Carneiro, Lopes Trovão, pela Roberto Silveira até a ponte;;CCS;;"Saída às 6:25.
Não é permitido fumar no carro.
Contribuição de R$ 5,00.";2019-01-06 20:50:34;2019-01-06 21:18:06;1,2,3,4,5;2019-03-07;;2019-01-06 21:18:06;2019-02-27 07:15:00
;Ilha do Fundão;Incubadora;;Incubadora da COPPE;;;CT: Bloco D;;Carona pra Incubadora de Empresas da COPPE! E você ainda de quebra pode conhecer as empresas de lá!;2016-04-12 09:15:41;2017-04-19 11:59:25;2,4;;;;2016-05-31 13:00:00
;Grande Niterói;Icaraí Niterói;;;Pela Roberto Silveira;;Reitoria;;Quem puder dar uma ajudazinea será bem vinda :) ;2016-09-25 11:21:32;2017-04-19 11:59:25;1,3,4,5;;;;2016-11-02 13:00:00
;Baixada;Xerém ;;Postinho de Saúde ;Caxias Shopping,  W. Luís,  Santa Cruz da Serra ;;CT: Bloco H;;Viagem de Volta do CT para Xerém,  caso queira parar em algum bairro intermediário,  pode. ;2016-04-14 01:05:30;2017-04-19 11:59:25;2,4;;;;2016-07-19 17:00:00
;Grande Niterói;Icaraí;;Campo de São Bento;Av. Roberto Silveira, Marquês de Paraná;;CCS;;;2016-10-25 00:30:57;2017-04-19 11:59:25;1,2,3,4,5;;;;2016-11-29 08:00:00
;Zona Norte;São Cristóvão;;Quinta D'or / Museu Nacional;;;CT;;wtz 994244690 R$ 3,00;2017-08-16 16:20:33;2017-08-16 16:20:33;;;;;2017-08-16 18:30:00
;Grande Niterói;Fonseca;;Alameda;22 DE NOVEMBRO, ALAMEDA;;Letras;;"WhatsApp 964824093
Ajuda para combustível R$6,00";2018-03-13 01:33:44;2018-03-13 01:33:44;1,3,5;;;;2018-04-27 07:30:00
;Grande Niterói;Icaraí;;Campo de São Bento;Av. Roberto Silveira, Marquês de Paraná;;CCS;;Saindo 6:20. Contribuição R$ 5;2016-07-21 23:54:11;2017-04-19 11:59:25;1,2,3,4,5;;;;2016-10-21 07:20:00
;Grande Niterói;Centro de Niterói;;Amaral Peixoto;Jansen de Melo, Amaral Peixoto, Rua Dr Celestino;;Letras;;"Ajuda combustível R$6,00
whatsapp 964824093";2018-03-13 01:37:05;2018-03-13 01:37:05;1,2,3,4,5;;;;2018-04-24 13:00:00
;Região Serrana;Eng. Paulo de Frontin;;Serra Fluminense;Paracambi, Japeri, Dutra, Linha Vermelha;;CT;;"Saio por volta das 10h.
Tenho tido problemas com o app, trava após eu aceitar a carona. Entre em contato pelo Whatsapp:
+5524999557072
Taxa a combinar.";2016-05-11 08:53:45;2017-04-19 11:59:25;1;;;;2016-05-23 12:00:00
;Região dos Lagos;Cabo Frio;;;;;Polo Universitário;;Valor: R$10,00;2019-05-23 14:04:16;2019-05-23 14:16:26;1,3,4,5;2019-07-27;;2019-05-23 14:16:26;2019-06-21 07:30:00
;Grande Niterói;Icaraí Niterói;;;Pela Gavião Peixoto ;;Reitoria;;;2016-04-15 07:41:23;2017-04-19 11:59:25;1,2,3,4,5;;;2016-04-15 18:44:20;2016-06-13 13:30:00
;Grande Niterói;Pendotiba (Niterói);;Pq. da Colina;São Francisco -> Icaraí (Rob. Silveira);;CT;;;2016-04-11 20:18:55;2017-04-19 11:59:25;;;;;2016-04-12 07:00:00
;Região dos Lagos;Unamar;;Retão-Unamar;Amaral Peixoto - linha verde;;Polo Universitário;;"R$5,00 p/vaga
Chamem no wpp : 021 97219-3236";2019-03-13 22:26:51;2019-03-18 18:27:50;1,2;2019-07-18;;2019-03-18 18:27:50;2019-03-19 10:00:00
;Grande Niterói;Centro de Niterói;;Amaral Peixoto;Jansen de Melo, Amaral Peixoto, Rua Dr Celestino;;Letras;;"Ajuda combustível R$6,00
whatsapp 964824093";2018-03-13 01:37:05;2018-03-13 01:37:05;1,2,3,4,5;;;;2018-06-22 13:00:00
;Zona Norte;São Cristóvão;;quinta D'or;;;CT;;;2016-04-13 10:37:29;2017-04-19 11:59:25;;;;;2016-04-13 17:00:00
;Zona Norte;São Cristóvão;;Feira nordestina ;Ufrj , São Cristóvão ;;Letras;;Não fumo ;2016-09-25 23:11:03;2017-04-19 11:59:25;1,3,5;;;;2016-10-28 21:20:00
;Zona Norte;São Cristóvão;;;;;CT: Bloco D;;Posso passar na leopoldina ;2016-04-14 23:29:58;2017-04-19 11:59:25;;;;2016-04-14 23:30:14;2016-04-15 00:00:00
;Região dos Lagos;Cabo Frio;;;;;Polo Universitário;;Valor: R$10,00;2019-05-23 13:57:55;2019-05-23 14:16:21;1,2,3,4,5;2019-07-23;;2019-05-23 14:16:21;2019-06-20 16:00:00
;Zona Norte;São Cristóvão;;Colégio Pedro II;;;CCMN;;Contribuições são bem-vindas :);2016-06-08 19:12:21;2017-04-19 11:59:25;;;;;2016-06-09 07:20:00
;Grande Niterói;Icaraí Niterói;;;Pela Roberto Silveira;;Reitoria;;;2016-09-02 00:29:04;2017-04-19 11:59:25;1,2,3,4,5;;;;2016-09-05 07:30:00
;Grande Niterói;Fonseca;;Alameda;22 DE NOVEMBRO, ALAMEDA;;Letras;;"WhatsApp 964824093
Ajuda para combustível R$5,00";2018-08-25 05:09:22;2018-08-25 05:09:22;1,2,3,5;;;;2018-08-31 07:30:00
;Grande Niterói;Icaraí Niterói;;;Rota: 7 de Setembro + Roberto Silveira;;Reitoria;;"Oie, vou quase todo dia esse horário. 
Peço só uma ajuda para a gasolina de 5 reais.";2018-03-26 23:28:05;2018-03-26 23:28:05;1,2,3,4;;;;2018-04-25 07:30:00
;Grande Niterói;Icaraí;;Campo de São Bento;Av. Roberto Silveira, Marquês de Paraná;;CCS;;Saindo 6:20. Contribuição R$ 5;2016-07-21 23:54:11;2017-04-19 11:59:25;1,2,3,4,5;;;;2016-10-13 07:20:00
;Grande Niterói;Centro de Niterói;;Amaral Peixoto;Jansen de Melo, Amaral Peixoto, Rua Dr Celestino;;Letras;;"Ajuda combustível R$6,00
whatsapp 964824093";2018-03-13 01:37:05;2018-03-13 01:37:05;1,2,3,4,5;;;;2018-06-07 13:00:00
;Zona Norte;São Cristóvão;;17ª DP;Linha Vermelha, Campo De São Cristóvão, Quinta Da Boa Vista, Metrô De São Cristóvão;;CT: Bloco H;;;2016-04-27 16:46:22;2017-04-19 11:59:25;3,5;;;;2016-04-29 17:00:00
;Zona Oeste;Jacarepaguá ;;Praça seca - Vila Valqueire ;Linha Amarela-Piedade-Rua Goiás - Terminal De Cascadura- Tem Tudo - Assai Campinho- Mundial Praça Seca ;;CT;;;2016-04-29 19:52:04;2017-04-19 11:59:25;1,2,3,4,5;;;;2016-07-11 20:00:00
;Grande Niterói;Fonseca - Niteroi ;;Alameda - Fonseca;;;CT: Bloco A;;;2016-05-05 13:46:53;2017-04-19 11:59:25;2,3,4,5;;;2016-05-05 17:16:20;2016-06-23 08:00:00
;Região Serrana;Eng. Paulo de Frontin;;Serra Fluminense;Paracambi, Japeri, Dutra, Linha Vermelha;;CT;;"Saio por volta das 10h.
Tenho tido problemas com o app, trava após eu aceitar a carona. Entre em contato pelo Whatsapp:
+5524999557072
Taxa a combinar.";2016-05-11 08:53:45;2017-04-19 11:59:25;1;2016-07-16;;;2016-05-16 12:00:00
;Região dos Lagos;Arraial do Cabo;;Figueira;Via Praia Seca, Bacaxá, São Gonçalo;;CT;;;2019-03-15 07:47:14;2019-03-15 07:47:14;4;2019-05-15;;;2019-05-09 15:00:00
;Zona Norte;São Cristóvão;;17ª DP;Quinta da Boa Vista, Feira de São Cristóvão, Linha Vermelha;;CT;;;2017-10-05 20:18:40;2017-10-05 20:18:40;5;2017-12-06;;;2017-10-06 08:00:00
;Grande Niterói;Fonseca;;Alameda;22 DE NOVEMBRO, ALAMEDA;;Letras;;"WhatsApp 964824093
Ajuda para combustível R$5,00";2018-08-25 05:09:22;2018-08-25 05:09:22;1,2,3,5;;;;2018-09-25 07:30:00
;Zona Norte;São Cristóvão;;próximo ao estádio são Januário (Vasco);campo de São Cristóvão, rua General argolo, rua sao Januário;;CT: Bloco A;;;2016-04-12 14:11:51;2017-04-19 11:59:25;2,4;;;;2016-06-16 17:00:00
;Região dos Lagos;Cabo Frio;;Unamar;Amaral Peixoto;;Polo Universitário;;;2019-08-10 18:56:15;2019-08-10 18:56:15;1;2019-12-12;;;2019-12-02 13:30:00
;Baixada;Xerém ;;Postinho de Saúde ;Santa Cruz da Serra, W. Luís, Caxias Shopping ;;CT;;Faço sempre o trajeto toda terça e quinta as 8h de Xerém ao CT;2016-04-14 01:03:21;2017-04-19 11:59:25;2,4;;;;2016-05-24 08:00:00
;Grande Niterói;Fonseca;;Alameda;22 DE NOVEMBRO, ALAMEDA;;Letras;;"WhatsApp 964824093
Ajuda para combustível R$5,00";2018-08-25 05:09:22;2018-08-25 05:09:22;1,2,3,5;;;;2018-11-14 07:30:00
;Grande Niterói;Icaraí Niterói;;;Pela Gavião Peixoto ;;Reitoria;;;2016-04-15 07:41:23;2017-04-19 11:59:25;1,2,3,4,5;;;2016-04-15 07:43:39;2016-05-11 13:30:00
;Região dos Lagos;Cabo Frio;;;;;Polo Universitário;;Peço colaboração de R$ 15,00;2019-04-13 23:19:19;2019-04-13 23:19:19;;;;;2019-04-15 11:00:00
;Zona Norte;São Cristóvão;;próximo ao estádio são Januário (Vasco);campo de São Cristóvão, rua General argolo, rua sao Januário;;CT: Bloco A;;;2016-04-12 14:11:51;2017-04-19 11:59:25;2,4;;;2016-07-05 14:19:15;2016-07-21 17:00:00
;Baixada;Xerém;;Rua Senador Vergueiro;Marques De Abrantes, Pinheiro Machado, Sta Barbara, Presidente Vargas, Linha Vermelha;;CT: Bloco A;;"Não fumo, não o façam dentro do carro, por favor.
Contribuição R$4,00
Temperatura do ar condicionado 19ºC (quem for atrás, tem saída para vocês)
Qualquer coisa manda WhatsApp (21)981665652";2018-04-14 14:28:13;2018-04-14 14:28:13;1,5;;;;2018-05-04 14:00:00
;Baixada;Xerém ;;;;;CT;;;2016-09-09 18:14:30;2017-04-19 11:59:25;1;;;;2017-01-09 12:00:00
;Centro;bairro de Fátima;;Bairro de Fátima;Linha Vermelha, Cidade Nova e Bairro de Fátima;;Letras;;;2017-03-15 12:39:44;2017-04-19 11:59:25;2,4;;;;2017-03-21 21:45:00
;Grande Niterói;Fonseca;;Alameda;22 DE NOVEMBRO, ALAMEDA;;Letras;;"WhatsApp 964824093
Ajuda para combustível R$5,00";2018-08-25 05:09:22;2018-08-25 05:09:22;1,2,3,5;;;;2018-11-26 07:30:00
;Baixada;Xerém;;Rua Senador Vergueiro;Marques De Abrantes, Pinheiro Machado, Sta Barbara, Presidente Vargas, Linha Vermelha;;CT: Bloco A;;"Não fumo, não o façam dentro do carro, por favor.
Contribuição R$4,00
Temperatura do ar condicionado 19ºC (quem for atrás, tem saída para vocês)
Qualquer coisa manda WhatsApp (21)981665652";2018-04-14 14:28:13;2018-04-14 14:28:13;1,5;;;;2018-05-18 14:00:00
;Grande Niterói;Icaraí;;Campo de São Bento;Av. Roberto Silveira, Marquês de Paraná;;CCS;;;2016-10-25 00:30:57;2017-04-19 11:59:25;1,2,3,4,5;;;;2016-11-10 08:00:00
;Zona Norte;São Cristóvão;;;;;CT: Bloco D;;;2016-04-15 07:15:56;2017-04-19 11:59:25;;;;;2016-04-15 08:15:00
;Grande Niterói;Fonseca;;Alameda;22 DE NOVEMBRO, ALAMEDA;;Letras;;"WhatsApp 964824093
Ajuda para combustível R$6,00";2018-03-13 01:33:44;2018-03-13 01:33:44;1,3,5;;;;2018-05-18 07:30:00
;Zona Norte;São Cristóvão;;Campo de São Cristóvão;Campo de São Cristóvão;;CT;;;2016-04-20 09:30:34;2017-04-19 11:59:25;1,2,3,4,5;;;;2016-05-10 07:50:00
;Grande Niterói;Icaraí-Niterói;;Campo de São Bento;Saindo da Otávio Carneiro, Lopes Trovão, pela Roberto Silveira até a ponte;;CCS;;"Saída às 6:25.
Não é permitido fumar no carro.
Contribuição de R$ 5,00.";2019-01-06 20:50:34;2019-01-06 21:16:23;1,2,3,4,5;2019-03-07;;2019-01-06 21:16:23;2019-02-19 07:15:00
;Grande Niterói;Centro de Niterói;;Amaral Peixoto;Jansen de Melo, Amaral Peixoto, Rua Dr Celestino;;Letras;;"Ajuda combustível R$6,00
whatsapp 964824093";2018-03-13 01:37:05;2018-03-13 01:37:05;1,2,3,4,5;;;;2018-05-30 13:00:00
;Ilha do Fundão;Incubadora;;Incubadora da COPPE;;;CT: Bloco D;;Carona pra Incubadora de Empresas da COPPE! E você ainda de quebra pode conhecer as empresas de lá!;2016-04-12 09:15:40;2017-04-19 11:59:25;2,4;;;;2016-05-26 13:00:00
;Grande Niterói;Centro de Niterói;;Amaral Peixoto;Jansen de Melo, Amaral Peixoto, Rua Dr Celestino;;Letras;;"Ajuda combustível R$6,00
whatsapp 964824093";2018-03-13 01:37:05;2018-03-13 01:37:05;1,2,3,4,5;;;;2018-05-08 13:00:00
;Grande Niterói;Icaraí;;Campo de São Bento;Av. Roberto Silveira, Marquês de Paraná;;CCS;;Saindo 6:20. Contribuição R$ 5;2016-07-21 23:54:11;2017-04-19 11:59:25;1,2,3,4,5;;;;2016-09-07 07:20:00
;Região dos Lagos;Unamar;;Retão-Unamar;Amaral Peixoto - linha verde;;Polo Universitário;;"R$5,00 p/vaga
Chamem no wpp : 021 97219-3236";2019-03-13 22:29:13;2019-03-13 22:29:13;2,4;2019-07-14;;;2019-05-28 19:30:00
;Região dos Lagos;Unamar;;Retão-Unamar;Amaral Peixoto - linha verde;;Polo Universitário;;"R$5,00 p/vaga
Chamem no wpp : 021 97219-3236";2019-03-13 22:26:51;2019-03-13 22:26:51;1,2;2019-07-18;;;2019-04-23 10:00:00
;Região dos Lagos;Unamar;;Retão-Unamar;Amaral Peixoto - linha verde;;Polo Universitário;;"R$5,00 p/vaga
Chamem no wpp : 021 97219-3236";2019-03-13 22:29:13;2019-03-13 22:29:13;2,4;2019-07-14;;;2019-03-21 19:30:00
;Região dos Lagos;Unamar;;Retão-Unamar;Amaral Peixoto - linha verde;;Polo Universitário;;"R$5,00 p/vaga
Chamem no wpp : 021 97219-3236";2019-03-13 22:27:31;2019-03-13 22:27:31;3,4;2019-07-14;;;2019-05-09 13:30:00
;Grande Niterói;Fonseca;;Alameda;22 DE NOVEMBRO, ALAMEDA;;Letras;;"WhatsApp 964824093
Ajuda para combustível R$6,00";2018-03-13 01:33:44;2018-03-13 01:33:44;1,3,5;;;;2018-07-02 07:30:00
;Grande Niterói;Icaraí;;Campo de São Bento;Av. Roberto Silveira, Marquês de Paraná;;CCS;;;2016-10-25 00:30:57;2017-04-19 11:59:25;1,2,3,4,5;;;;2016-11-24 08:00:00
;Grande Niterói;São Gonçalo;;Nova Cidade;BR ou Cento;;Reitoria;;Meu Whatsapp é  995427338 e não sou fumante.;2018-03-05 18:53:17;2018-03-05 18:53:17;;;;;2018-03-06 10:00:00
;Grande Niterói;Fonseca;;Alameda ;Alameda e João Brasil;;CT: Bloco H;;Ajuda de custo de 5,00;2016-10-05 11:50:07;2017-04-19 11:59:25;;;;;2016-10-05 16:00:00
;Baixada;Xerém ;;Postinho de Saúde ;Santa Cruz da Serra, W. Luís, Caxias Shopping ;;CT;;Faço sempre o trajeto toda terça e quinta as 8h de Xerém ao CT;2016-04-14 01:03:21;2017-04-19 11:59:25;2,4;;;;2016-07-14 08:00:00
;Grande Niterói;Fonseca - Niteroi ;;Alameda - Fonseca;;;CT: Bloco A;;"Saio do CT até a Alameda Boa Ventura, no Fonseca. Não aceitamos fumantes
Entrar em contato no wpp:
 21 99575-7872

Pedimos colaboração de 5 dinheiros ";2016-05-05 13:17:17;2017-04-19 11:59:25;2,4,5;;;2016-05-05 13:18:28;2016-06-02 14:00:00
;Zona Norte;São Cristóvão;;17ª DP;Quinta da Boa Vista, Feira de São Cristóvão, Linha Vermelha;;Letras;;;2017-09-27 17:15:34;2017-09-27 17:15:34;1,2,3,4,5;;;;2017-10-13 17:19:00
;Grande Niterói;Fonseca;;22 de novembro;Alameda São Boaventura;;Letras;;"- Sem cigarros durante a viagem por gentileza.

ZAP 964824093
R$6,00 de auxílio gasolina

Peço R$6,00 para ajuda no combustível.

ZAP 964824093";2017-09-08 17:38:20;2017-09-08 17:38:20;2,3,4,5;;;;2017-10-24 07:30:00
;Baixada;Xerém ;;Postinho de Saúde ;Santa Cruz da Serra, W. Luís, Caxias Shopping ;;CT;;Faço sempre o trajeto toda terça e quinta as 8h de Xerém ao CT;2016-04-14 01:03:21;2017-04-19 11:59:25;2,4;;;;2016-07-05 08:00:00
;Grande Niterói;Icaraí;;Campo de São Bento;Av. Roberto Silveira, Marquês de Paraná;;CCS;;Saindo 6:20. Contribuição R$ 5;2016-07-21 23:54:10;2017-04-19 11:59:25;1,2,3,4,5;;;;2016-08-19 07:20:00
;Zona Norte;São Cristóvão;;Rua São Cristóvão, próximo a delegacia;"Linha Vermelha; Largo Da Cancella; Avenida Do Exército;Fonseca Teles";;CT: Bloco H;;"Posso passar na estação de metrô. 

Agradeço contribuições para a gasolina!";2017-08-25 13:24:44;2017-08-25 13:24:44;;;;;2017-08-25 18:00:00
;Grande Niterói;Icaraí;;Campo de São Bento;Av. Roberto Silveira, Marquês de Paraná;;CCS;;;2016-10-25 00:30:57;2017-04-19 11:59:25;1,2,3,4,5;;;;2016-10-28 08:00:00
;Região dos Lagos;arraial do cabo;;;niteroi;;CT: Bloco A;;;2016-06-01 13:50:32;2017-04-19 11:59:25;;;;;2016-06-02 15:00:00
;Região dos Lagos;Cabo Frio;;;;;Polo Universitário;;Valor: R$10,00;2019-05-23 14:04:16;2019-05-23 14:19:59;1,3,4,5;2019-07-27;;2019-05-23 14:19:59;2019-07-24 07:30:00
;Grande Niterói;Fonseca - Niteroi ;;Alameda - Fonseca;;;CT: Bloco A;;"Saio do CT até a Alameda Boa Ventura, no Fonseca. Não aceitamos fumantes
Entrar em contato no wpp:
 21 99575-7872

Pedimos colaboração de 5 dinheiros ";2016-05-05 13:17:17;2017-04-19 11:59:25;2,4,5;;;2016-05-05 13:18:31;2016-06-03 14:00:00
;Centro;bairro de Fátima;;Bairro de Fátima;Linha Vermelha, Cidade Nova e Bairro de Fátima;;Letras;;;2017-03-15 12:39:44;2017-04-19 11:59:25;2,4;;;;2017-04-06 21:45:00
;Região dos Lagos;Cabo Frio;;;;;Polo Universitário;;Valor: R$10,00;2019-05-23 14:04:16;2019-05-23 14:18:49;1,3,4,5;2019-07-27;;2019-05-23 14:18:49;2019-07-12 07:30:00
;Região dos Lagos;Unamar;;Retão-Unamar;Amaral Peixoto - linha verde;;Polo Universitário;;"R$5,00 p/vaga
Chamem no wpp : 021 97219-3236";2019-03-13 22:26:51;2019-03-13 22:26:51;1,2;2019-07-18;;;2019-07-08 10:00:00
;Baixada;Xerém ;;Postinho de Saúde ;Santa Cruz da Serra, W. Luís, Caxias Shopping ;;CT;;Faço sempre o trajeto toda terça e quinta as 8h de Xerém ao CT;2016-04-14 01:03:21;2017-04-19 11:59:25;2,4;;;;2016-06-21 08:00:00
;Zona Norte;São Cristóvão;;próximo ao estádio são Januário (Vasco);campo de São Cristóvão, rua General argolo, rua sao Januário;;CT: Bloco A;;;2016-04-12 14:11:51;2017-04-19 11:59:25;2,4;;;2016-07-05 14:19:41;2016-07-26 17:00:00
;Grande Niterói;Fonseca;;Alameda;22 DE NOVEMBRO, ALAMEDA;;Letras;;"WhatsApp 964824093
Ajuda para combustível R$5,00";2018-08-25 05:09:22;2018-08-25 05:09:22;1,2,3,5;;;;2018-09-05 07:30:00
;Zona Norte;São Cristóvão;;Feira nordestina ;Ufrj , São Cristóvão ;;Letras;;Não fumo ;2016-09-25 23:11:03;2017-04-19 11:59:25;1,3,5;;;;2016-10-26 21:20:00
;Grande Niterói;Icaraí Niterói;;;Pela Roberto Silveira;;Reitoria;;Quem puder dar uma ajudazinea será bem vinda :) ;2016-09-25 11:21:32;2017-04-19 11:59:25;1,3,4,5;;;;2016-11-10 13:00:00
;Região dos Lagos;Cabo Frio;;;;;Polo Universitário;;Valor: R$10,00;2019-05-23 13:57:55;2019-05-23 14:19:41;1,2,3,4,5;2019-07-23;;2019-05-23 14:19:41;2019-07-19 16:00:00
;Zona Norte;São Cristóvão;;Campo de São Cristóvão;Campo de São Cristóvão;;CT;;;2016-04-20 09:30:34;2017-04-19 11:59:25;1,2,3,4,5;;;;2016-05-09 07:50:00
;Região dos Lagos;Unamar;;Retão-Unamar;Amaral Peixoto - linha verde;;Polo Universitário;;"R$5,00 p/vaga
Chamem no wpp : 021 97219-3236";2019-03-13 22:27:31;2019-03-13 22:27:31;3,4;2019-07-14;;;2019-06-26 13:30:00
;Grande Niterói;Centro de Niterói;;Amaral Peixoto;Jansen de Melo, Amaral Peixoto, Rua Dr Celestino;;Letras;;"Ajuda combustível R$6,00
whatsapp 964824093";2018-03-13 01:37:05;2018-03-13 01:37:05;1,2,3,4,5;;;;2018-03-20 13:00:00
;Grande Niterói;Icaraí Niterói;;;Rota: 7 de Setembro + Roberto Silveira;;Reitoria;;"Oie, vou quase todo dia esse horário. 
Peço só uma ajuda para a gasolina de 5 reais.";2018-03-26 23:28:05;2018-03-26 23:28:05;1,2,3,4;;;;2018-04-19 07:30:00
;Grande Niterói;Fonseca;;Alameda;22 DE NOVEMBRO, ALAMEDA;;Letras;;"WhatsApp 964824093
Ajuda para combustível R$5,00";2018-08-25 05:09:22;2018-08-25 05:09:22;1,2,3,5;;;;2018-08-29 07:30:00
;Grande Niterói;Centro de Niterói;;Amaral Peixoto;Jansen de Melo, Amaral Peixoto, Rua Dr Celestino;;Letras;;"Ajuda combustível R$6,00
whatsapp 964824093";2018-03-13 01:37:05;2018-03-13 01:37:05;1,2,3,4,5;;;;2018-05-07 13:00:00
;Zona Norte;São Cristóvão;;17ª DP;Linha Vermelha, Campo De São Cristóvão, Quinta Da Boa Vista, Metrô De São Cristóvão;;CT: Bloco H;;;2016-10-06 16:29:48;2017-04-19 11:59:25;4;;;;2017-01-05 17:00:00
;Grande Niterói;Santa Rosa - Niterói ;;Noronha Torrezão;Alameda, 22 de Novembro, Noronha Torrezão;;CCMN: Frente;;As contribuições não são obrigatórias, mas bem-vindas. Não desvio minha rota pelo Centro.;2016-06-21 12:23:11;2017-04-19 11:59:25;2,4;;;;2016-08-16 15:00:00
;Zona Norte;São Cristóvão;;17ª DP;Quinta da Boa Vista, Feira de São Cristóvão, Linha Vermelha;;Letras;;;2017-09-27 17:15:34;2017-09-27 17:15:34;1,2,3,4,5;;;;2017-11-06 17:19:00
;Região dos Lagos;Unamar;;Retão-Unamar;Amaral Peixoto - linha verde;;Polo Universitário;;"R$5,00 p/vaga
Chamem no wpp : 021 97219-3236";2019-03-13 22:26:51;2019-03-13 22:26:51;1,2;2019-07-18;;;2019-05-21 10:00:00
;Zona Norte;São Cristóvão;;próximo ao estádio são Januário (Vasco);campo de São Cristóvão, rua General argolo, rua sao Januário;;CT: Bloco A;;;2016-04-12 14:11:51;2017-04-19 11:59:25;2,4;;;;2016-05-26 17:00:00
;Grande Niterói;Icaraí Niterói;;;Pela Roberto Silveira;;Reitoria;;Quem puder dar uma ajudazinea será bem vinda :) ;2016-09-25 11:21:32;2017-04-19 11:59:25;1,3,4,5;;;;2016-11-18 13:00:00
;Zona Norte;São Cristóvão;;Metrô de São Cristóvão ;Ponte do Saber, Linha Vermelha, Feira de São Cristóvão, Quinta da Boa Vista, metrô de São Cristóvão ;;Letras;;Não fumo.;2016-04-13 09:50:16;2017-04-19 11:59:25;;;;;2016-04-13 12:00:00
;Zona Norte;São Cristóvão;;17ª DP;Linha Vermelha, Campo De São Cristóvão, Quinta Da Boa Vista, Metrô De São Cristóvão;;CT: Bloco A;;;2016-04-27 16:41:57;2017-04-19 11:59:25;3,5;;;2016-04-27 16:43:44;2016-06-15 17:00:00
;Zona Norte;São Cristóvão;;próximo ao estádio são Januário (Vasco);campo de São Cristóvão, rua General argolo, rua sao Januário;;CT: Bloco A;;;2016-04-12 14:11:51;2017-04-19 11:59:25;2,4;;;2016-07-05 14:19:22;2016-08-02 17:00:00
;Grande Niterói;Icaraí;;Campo de São Bento;Av. Roberto Silveira, Marquês de Paraná;;CCS;;Saindo 6:20. Contribuição R$ 5;2016-07-21 23:54:11;2017-04-19 11:59:25;1,2,3,4,5;;;;2016-09-28 07:20:00
;Grande Niterói;Icaraí;;Campo de São Bento;Av. Roberto Silveira, Marquês de Paraná;;CCS;;;2016-10-25 00:30:57;2017-04-19 11:59:25;1,2,3,4,5;;;;2016-11-09 08:00:00
;Grande Niterói;Icaraí;;Campo de São Bento;Av. Roberto Silveira, Marquês de Paraná;;CCS;;;2016-10-25 00:30:57;2017-04-19 11:59:25;1,2,3,4,5;;;;2016-12-15 08:00:00
;Grande Niterói;Fonseca;;Alameda;22 DE NOVEMBRO, ALAMEDA;;Letras;;"WhatsApp 964824093
Ajuda para combustível R$5,00";2018-08-25 05:09:22;2018-08-25 05:09:22;1,2,3,5;;;;2018-11-28 07:30:00
;Grande Niterói;Fonseca;;Alameda;22 DE NOVEMBRO, ALAMEDA;;Letras;;"WhatsApp 964824093
Ajuda para combustível R$6,00";2018-03-13 01:33:44;2018-08-06 10:15:36;1,3,5;;;;2018-06-27 07:30:00
;Região dos Lagos;Cabo Frio;;Unamar;Amaral Peixoto;;Polo Universitário;;;2019-08-10 18:56:15;2019-08-10 18:56:15;1;2019-12-12;;;2019-08-26 13:30:00
;Região dos Lagos;Cabo Frio;;;;;Polo Universitário;;Valor: R$10,00;2019-05-23 14:04:16;2019-05-23 14:18:58;1,3,4,5;2019-07-27;;2019-05-23 14:18:58;2019-07-15 07:30:00
;Baixada;Xerém ;;Postinho de Saúde ;Santa Cruz da Serra, W. Luís, Caxias Shopping ;;CT;;Faço sempre o trajeto toda terça e quinta as 8h de Xerém ao CT;2016-04-14 01:03:21;2017-04-19 11:59:25;2,4;;;;2016-05-31 08:00:00
;Grande Niterói;Icaraí Niterói;;;Pela Roberto Silveira;;Reitoria;;;2016-09-02 00:29:04;2017-04-19 11:59:25;1,2,3,4,5;;;;2016-09-27 07:30:00
;Zona Norte;São Cristóvão;;Campo de São Cristóvão;Campo de São Cristóvão;;CT;;;2016-04-20 09:30:34;2017-04-19 11:59:25;1,2,3,4,5;;;;2016-05-31 07:50:00
;Grande Niterói;Santa Rosa - Niterói ;;Noronha Torrezão;Alameda, 22 de Novembro, Noronha Torrezão;;CCMN: Frente;;As contribuições não são obrigatórias, mas bem-vindas. Não desvio minha rota pelo Centro.;2016-06-21 12:23:10;2017-04-19 11:59:25;2,4;2016-08-21;;;2016-06-21 15:00:00
;Zona Oeste;Jacarepaguá ;;Praça seca - Vila Valqueire ;Linha Amarela-Piedade-Rua Goiás - Terminal De Cascadura- Tem Tudo - Assai Campinho- Mundial Praça Seca ;;CT;;;2016-04-29 19:52:04;2017-04-19 11:59:25;1,2,3,4,5;;;;2016-06-09 20:00:00
;Grande Niterói;Icaraí-Niterói;;Campo de São Bento;Saindo da Otávio Carneiro, Lopes Trovão, pela Roberto Silveira até a ponte;;CCS;;"Saída às 6:25.
Não é permitido fumar no carro.
Contribuição de R$ 5,00.";2019-01-06 20:50:34;2019-01-06 21:10:35;1,2,3,4,5;2019-03-07;;2019-01-06 21:10:35;2019-01-24 07:15:00
;Zona Norte;São Cristóvão;;Campo do Vasco;Linha Vermelha, Cancela, Campo do vasco;;CT: Bloco H;;;2018-10-05 17:48:29;2018-10-05 17:48:29;1,2,3,4,5;;;;2018-11-29 18:00:00
;Grande Niterói;Fonseca;;22 de novembro;Alameda São Boaventura;;Letras;;"- Sem cigarros durante a viagem por gentileza.

ZAP 964824093
R$6,00 de auxílio gasolina

Peço R$6,00 para ajuda no combustível.

ZAP 964824093";2017-09-08 17:38:20;2017-09-08 17:38:20;2,3,4,5;;;;2017-11-08 07:30:00
;Região dos Lagos;Cabo Frio;;;;;Polo Universitário;;Valor: R$10,00;2019-05-23 13:57:55;2019-05-23 14:17:39;1,2,3,4,5;2019-07-23;;2019-05-23 14:17:39;2019-07-02 16:00:00
;Grande Niterói;Maria Paula;;moinho;alameda;;CCMN;;"
$4,00 por pessoa. Faço uma volta no moinho e pego a ponte. ";2016-04-27 21:24:00;2017-04-19 11:59:25;1,2,3,4,5;;;2016-05-03 21:34:03;2016-05-05 09:00:00
;Grande Niterói;Icaraí-Niterói;;Campo de São Bento;Saindo da Otávio Carneiro, Lopes Trovão, pela Roberto Silveira até a ponte;;CCS;;"Saída às 6:25.
Não é permitido fumar no carro.
Contribuição de R$ 5,00.";2019-01-06 20:50:34;2019-01-06 21:11:27;1,2,3,4,5;2019-03-07;;2019-01-06 21:11:27;2019-01-30 07:15:00
;Grande Niterói;Icaraí Niterói;;;Pela Gavião Peixoto ;;Reitoria;;;2016-04-15 07:41:23;2017-04-19 11:59:25;1,2,3,4,5;;;2016-04-15 07:43:24;2016-05-06 13:30:00
;Zona Norte;São Cristóvão;;próximo ao estádio são Januário (Vasco);campo de São Cristóvão, rua General argolo, rua sao Januário;;CT: Bloco A;;;2016-04-12 14:11:50;2017-04-19 11:59:25;2,4;;;;2016-05-05 17:00:00
;Grande Niterói;Fonseca - Niteroi ;;Alameda - Fonseca;;;CT: Bloco A;;"Saio do CT até a Alameda Boa Ventura, no Fonseca. Não aceitamos fumantes
Entrar em contato no wpp:
 21 99575-7872

Pedimos colaboração de 5 dinheiros ";2016-05-05 13:17:17;2017-04-19 11:59:25;2,4,5;;;2016-05-05 13:18:16;2016-05-26 14:00:00
;Grande Niterói;Fonseca;;;;;CT;;"Ajuda com 5 reais.
";2017-04-10 18:23:07;2017-04-19 11:59:25;3;;;;2017-05-24 11:00:00
;Região dos Lagos;Unamar;;Retão-Unamar;Amaral Peixoto - linha verde;;Polo Universitário;;"R$5,00 p/vaga
Chamem no wpp : 021 97219-3236";2019-03-13 22:27:31;2019-03-13 22:27:31;3,4;2019-07-14;;;2019-04-17 13:30:00
;Baixada;Xerém ;;Postinho de Saúde ;Caxias Shopping,  W. Luís,  Santa Cruz da Serra ;;CT: Bloco H;;Viagem de Volta do CT para Xerém,  caso queira parar em algum bairro intermediário,  pode. ;2016-04-14 01:05:30;2017-04-19 11:59:25;2,4;;;;2016-06-23 17:00:00
;Zona Norte;São Cristóvão;;próximo ao estádio são Januário (Vasco);campo de São Cristóvão, rua General argolo, rua sao Januário;;CT: Bloco A;;;2016-04-12 14:11:51;2017-04-19 11:59:25;2,4;;;2016-07-05 14:19:18;2016-07-28 17:00:00
;Grande Niterói;Fonseca;;Wiseup;;;CT: Bloco H;;Ajuda com 5 reais. ;2017-04-10 18:24:17;2017-04-19 11:59:25;1,2,3;;;;2017-05-31 15:00:00
;Zona Norte;São Cristóvão;;próximo ao estádio são Januário (Vasco);campo de São Cristóvão, rua General argolo, rua sao Januário;;CT: Bloco A;;;2016-04-12 14:11:51;2017-04-19 11:59:25;2,4;;;;2016-05-19 17:00:00
;Grande Niterói;Fonseca;;;;;CT;;Ajuda com 5 reais;2017-04-10 18:22:36;2017-04-19 11:59:25;2,4;;;;2017-04-18 08:30:00
;Zona Norte;São Cristóvão;;17ª DP;Linha Vermelha, Campo De São Cristóvão, Quinta Da Boa Vista, Metrô De São Cristóvão;;CT: Bloco H;;;2016-10-06 16:29:48;2017-04-19 11:59:25;4;;;;2016-12-08 17:00:00
;Grande Niterói;Fonseca;;;;;CT;;Ajuda com 5 reais;2017-04-10 18:22:36;2017-04-19 11:59:25;2,4;;;;2017-06-01 08:30:00
;Zona Norte;São Cristóvão;;17ª DP;Quinta da Boa Vista, Feira de São Cristóvão, Linha Vermelha;;Letras;;;2017-09-27 17:15:34;2017-09-27 17:15:34;1,2,3,4,5;;;;2017-11-09 17:19:00
;Grande Niterói;Fonseca;;Alameda;22 DE NOVEMBRO, ALAMEDA;;Letras;;"WhatsApp 964824093
Ajuda para combustível R$6,00";2018-03-13 01:33:44;2018-08-25 05:07:00;1,3,5;;;;2018-07-04 07:30:00
;Zona Norte;São Cristóvão;;Campo do Vasco;Linha Vermelha, Cancela, Campo do vasco;;CT: Bloco H;;;2018-10-05 17:48:29;2018-10-05 17:48:29;1,2,3,4,5;;;;2018-12-03 18:00:00
;Grande Niterói;Fonseca;;22 de novembro;Alameda São Boaventura;;Letras;;"- Sem cigarros durante a viagem por gentileza.

ZAP 964824093
R$6,00 de auxílio gasolina

Peço R$6,00 para ajuda no combustível.

ZAP 964824093";2017-09-08 17:38:20;2017-09-08 17:38:20;2,3,4,5;;;;2017-11-23 07:30:00
;Ilha do Fundão;Incubadora;;Incubadora da COPPE;;;CT: Bloco D;;Carona pra Incubadora de Empresas da COPPE! E você ainda de quebra pode conhecer as empresas de lá!;2016-04-12 09:15:39;2017-04-19 11:59:25;2,4;;;;2016-04-28 13:00:00
;Baixada;Xerém;;Rua Senador Vergueiro;Marques De Abrantes, Pinheiro Machado, Sta Barbara, Presidente Vargas, Linha Vermelha;;CT: Bloco A;;"Não fumo, não o façam dentro do carro, por favor.
Contribuição R$4,00
Temperatura do ar condicionado 19ºC (quem for atrás, tem saída para vocês)
Qualquer coisa manda WhatsApp (21)981665652";2018-04-14 14:28:13;2018-04-14 14:28:13;1,5;;;;2018-05-21 14:00:00
;Zona Norte;São Cristóvão;;Campo de São Cristóvão;Campo de São Cristóvão;;CT;;;2016-04-20 09:30:34;2017-04-19 11:59:25;1,2,3,4,5;2016-06-21;;;2016-04-21 07:50:00
;Zona Norte;São Cristóvão;;17ª DP;Quinta da Boa Vista, Feira de São Cristóvão, Linha Vermelha;;Letras;;;2017-09-27 17:15:34;2017-09-27 17:15:34;1,2,3,4,5;;;;2017-10-06 17:19:00
;Grande Niterói;Fonseca - Niteroi ;;Alameda - Fonseca;;;CT: Bloco A;;;2016-05-05 13:46:53;2017-04-19 11:59:25;2,3,4,5;;;2016-05-05 17:14:56;2016-05-11 08:00:00
;Baixada;Xerém ;;Postinho de Saúde ;Santa Cruz da Serra, W. Luís, Caxias Shopping ;;CT;;Faço sempre o trajeto toda terça e quinta as 8h de Xerém ao CT;2016-04-14 01:03:21;2017-04-19 11:59:25;2,4;;;;2016-07-28 08:00:00
;Zona Norte;São Cristóvão ;;;CT > Linha Vermelha > Feira de São Cristóvão > Largo da Cancela > próximo ao Estádio São Januário ;;CT: Bloco A;;;2016-04-13 10:24:33;2017-04-19 11:59:25;1,3;;;2016-04-19 17:41:01;2016-04-20 14:05:00
;Zona Norte;São Cristóvão;;Campo do Vasco;Linha Vermelha, Cancela, Campo do vasco;;CT: Bloco H;;;2018-10-05 17:48:29;2018-10-05 17:48:29;1,2,3,4,5;;;;2018-10-18 18:00:00
;Região dos Lagos;Cabo Frio;;Unamar;Amaral Peixoto;;Polo Universitário;;;2019-08-10 18:56:15;2019-08-10 18:56:15;1;2019-12-12;;;2019-09-02 13:30:00
;Zona Norte;São Cristóvão;;Campo de São Cristóvão;Campo de São Cristóvão;;CT;;;2016-04-20 09:30:34;2017-04-19 11:59:25;1,2,3,4,5;;;;2016-05-23 07:50:00
;Grande Niterói;Fonseca;;Alameda;22 DE NOVEMBRO, ALAMEDA;;Letras;;"WhatsApp 964824093
Ajuda para combustível R$6,00";2018-03-13 01:33:44;2018-03-13 01:33:44;1,3,5;;;;2018-07-11 07:30:00
;Zona Norte;São Cristóvão;;17ª DP;Linha Vermelha, Campo De São Cristóvão, Quinta Da Boa Vista, Metrô De São Cristóvão;;Letras;;;2016-04-27 16:44:21;2017-04-19 11:59:25;3,5;;;2016-04-27 16:44:44;2016-05-06 17:00:00
;Grande Niterói;Icaraí Niterói;;;Pela Gavião Peixoto ;;Reitoria;;;2016-04-15 07:41:23;2017-04-19 11:59:25;1,2,3,4,5;;;2016-04-15 07:42:38;2016-04-26 13:30:00
;Zona Oeste;Praça Seca;;Rua Pinto Teles;Rua Cândido Benício, Rua Goiás, Cascadura, Linha Amarela;;CCS: HUCFF;;5 R$ de contribuição. Deixo em outros prédios;2019-02-15 11:50:44;2019-02-15 11:50:44;;;;;2019-02-15 16:00:00
;Grande Niterói;Fonseca;;;Linha Vermelha-Ponte-Alameda;;CT: Bloco H;;Sou motorista prudente. Contribuição de R$6;2017-03-15 05:37:28;2017-04-19 11:59:25;3,5;;;2017-03-15 13:43:43;2017-03-17 17:00:00
;Grande Niterói;Centro de Niterói;;Amaral Peixoto;Jansen de Melo, Amaral Peixoto, Rua Dr Celestino;;Letras;;"Ajuda combustível R$6,00
whatsapp 964824093";2018-03-13 01:37:05;2018-03-13 01:37:05;1,2,3,4,5;;;;2018-06-18 13:00:00
;Região Serrana;Petrópolis;;Universidade Estácio da Bingen.;;;CT: Bloco A;;;2018-04-03 15:57:02;2018-04-03 15:57:02;1,3;;;;2018-04-16 16:20:00
;Zona Norte;São Cristóvão;;Campo de São Cristóvão;Linha Vermelha ;;CT: Bloco H;;;2016-04-20 09:31:08;2017-04-19 11:59:25;3;;;;2016-06-01 10:30:00
;Grande Niterói;Centro de Niterói;;Amaral Peixoto;Jansen de Melo, Amaral Peixoto, Rua Dr Celestino;;Letras;;"Ajuda combustível R$6,00
whatsapp 964824093";2018-03-13 01:37:05;2018-03-13 01:37:05;1,2,3,4,5;;;;2018-07-03 13:00:00
;Grande Niterói;Icaraí;;Campo de São Bento;Av. Roberto Silveira, Marquês de Paraná;;CCS;;Saindo 6:20. Contribuição R$ 5;2016-07-21 23:54:10;2017-04-19 11:59:25;1,2,3,4,5;;;;2016-08-01 07:20:00
;Zona Oeste;Praça Seca;;Rua Pinto Teles;Rua Cândido Benício, Rua Goiás, Cascadura, Linha Amarela;;EEFD;;5 R$ de contribuição. Deixo em outros prédios;2018-10-04 12:54:59;2018-10-04 12:55:32;;;;2018-10-04 12:55:32;2018-10-04 21:45:00
;Zona Norte;São Cristóvão;;Feira nordestina ;Ufrj , São Cristóvão ;;Letras;;Não fumo ;2016-09-25 23:11:03;2017-04-19 11:59:25;1,3,5;;;;2016-11-02 21:20:00
;Grande Niterói;Fonseca;;;Linha Vermelha-Ponte-Alameda;;CT: Bloco H;;Sou motorista prudente. Contribuição de R$6;2017-03-15 05:37:28;2017-04-19 11:59:25;3,5;;;2017-03-15 13:43:40;2017-03-22 17:00:00
;Zona Norte;São Cristóvão;;17ª DP;Linha Vermelha, Campo De São Cristóvão, Quinta Da Boa Vista, Metrô De São Cristóvão;;CT: Bloco H;;;2016-04-27 16:46:22;2017-04-19 11:59:25;3,5;;;;2016-05-20 17:00:00
;Zona Norte;São Cristóvão;;17ª DP;Linha Vermelha, Campo De São Cristóvão, Quinta Da Boa Vista, Metrô De São Cristóvão;;CT: Bloco H;;;2016-04-27 20:30:13;2017-04-19 11:59:25;4;;;;2016-06-09 09:20:00
;Grande Niterói;Centro de Niterói;;Amaral Peixoto;Jansen de Melo, Amaral Peixoto, Rua Dr Celestino;;Letras;;"Ajuda combustível R$6,00
whatsapp 964824093";2018-03-13 01:37:05;2018-03-13 01:37:05;1,2,3,4,5;;;;2018-05-02 13:00:00
;Grande Niterói;Fonseca;;Alameda;22 DE NOVEMBRO, ALAMEDA;;Letras;;"WhatsApp 964824093
Ajuda para combustível R$6,00";2018-03-13 01:33:44;2018-03-13 01:33:44;1,3,5;;;;2018-06-29 07:30:00
;Zona Norte;São Cristóvão ;;;CT > Linha Vermelha > Feira de São Cristóvão > Largo da Cancela > próximo ao Estádio São Januário ;;CT: Bloco A;;;2016-04-13 10:24:33;2017-04-19 11:59:25;1,3;;;2016-04-13 10:26:03;2016-05-25 14:05:00
;Zona Norte;São Cristóvão;;17ª DP;Linha Vermelha, Campo De São Cristóvão, Quinta Da Boa Vista, Metrô De São Cristóvão;;CT: Bloco H;;;2016-10-06 16:29:48;2017-04-19 11:59:25;4;;;;2017-01-12 17:00:00
;Região dos Lagos;Unamar;;Retão-Unamar;Amaral Peixoto - linha verde;;Polo Universitário;;"R$5,00 p/vaga
Chamem no wpp : 021 97219-3236";2019-03-13 22:29:13;2019-03-13 22:29:13;2,4;2019-07-14;;;2019-06-18 19:30:00
;Zona Norte;São Cristóvão;;17ª DP;Linha Vermelha, Campo De São Cristóvão, Quinta Da Boa Vista, Metrô De São Cristóvão;;CT: Bloco H;;;2016-04-27 20:30:13;2017-04-19 11:59:25;4;;;;2016-05-26 09:20:00
;Região dos Lagos;Unamar;;Retão-Unamar;Amaral Peixoto - linha verde;;Polo Universitário;;"R$5,00 p/vaga
Chamem no wpp : 021 97219-3236";2019-03-13 22:29:13;2019-03-13 22:29:13;2,4;2019-07-14;;;2019-05-23 19:30:00
;Grande Niterói;Fonseca;;Alameda;22 DE NOVEMBRO, ALAMEDA;;Letras;;"WhatsApp 964824093
Ajuda para combustível R$5,00";2018-08-25 05:09:22;2018-08-25 05:09:22;1,2,3,5;;;;2018-12-07 07:30:00
;Grande Niterói;Icaraí;;Campo de São Bento;Roberto Silveira;;CT;;;2017-03-07 11:29:12;2017-04-19 11:59:25;;;;;2017-03-08 07:00:00
;Região dos Lagos;Unamar;;Retão-Unamar;Amaral Peixoto - linha verde;;Polo Universitário;;"R$5,00 p/vaga
Chamem no wpp : 021 97219-3236";2019-03-13 22:27:31;2019-03-13 22:27:31;3,4;2019-07-14;;;2019-06-05 13:30:00
;Zona Norte;São Cristóvão;;Campo de São Cristóvão;Linha Vermelha ;;CT: Bloco H;;;2016-04-20 09:31:08;2017-04-19 11:59:25;3;;;;2016-06-08 10:30:00
;Zona Oeste;Jacarepaguá ;;Praça seca - Vila Valqueire ;Linha Amarela-Piedade-Rua Goiás - Terminal De Cascadura- Tem Tudo - Assai Campinho- Mundial Praça Seca ;;CT;;;2016-04-29 19:52:03;2017-04-19 11:59:25;1,2,3,4,5;;;;2016-05-26 20:00:00
;Zona Norte;São Cristóvão;;Campo de São Cristóvão;Campo de São Cristóvão;;CT;;;2016-04-20 09:30:35;2017-04-19 11:59:25;1,2,3,4,5;;;;2016-06-21 07:50:00
;Ilha do Fundão;Incubadora;;Incubadora da COPPE;;;CT: Bloco D;;Carona pra Incubadora de Empresas da COPPE! E você ainda de quebra pode conhecer as empresas de lá!;2016-04-12 09:15:39;2017-04-19 11:59:25;2,4;;;;2016-04-26 13:00:00
;Baixada;Xerém ;;Postinho de Saúde ;Caxias Shopping,  W. Luís,  Santa Cruz da Serra ;;CT: Bloco H;;Viagem de Volta do CT para Xerém,  caso queira parar em algum bairro intermediário,  pode. ;2016-04-14 01:05:30;2017-04-19 11:59:25;2,4;;;;2016-05-17 17:00:00
;Zona Oeste;Jacarepaguá ;;Praça seca - Vila Valqueire ;Linha Amarela-Piedade-Rua Goiás - Terminal De Cascadura- Tem Tudo - Assai Campinho- Mundial Praça Seca ;;CT;;;2016-04-29 19:52:04;2017-04-19 11:59:25;1,2,3,4,5;;;;2016-06-10 20:00:00
;Zona Norte;São Cristóvão ;;;CT > Linha Vermelha > Feira de São Cristóvão > Largo da Cancela > próximo ao Estádio São Januário ;;CT: Bloco A;;;2016-04-13 10:24:33;2017-04-19 11:59:25;1,3;;;2016-04-13 10:26:27;2016-05-02 14:05:00
;Grande Niterói;Fonseca;;;Linha Vermelha-Ponte-Alameda;;CT: Bloco H;;Sou motorista prudente. Contribuição de R$6;2017-03-15 05:37:28;2017-04-19 11:59:25;3,5;;;2017-03-15 13:40:24;2017-04-14 17:00:00
;Grande Niterói;Fonseca - Niterói;;Princesa;Alameda;;CCMN: Frente;;Não fumo;2016-09-15 00:23:43;2017-04-19 11:59:25;;;;;2016-09-15 17:00:00
;Grande Niterói;Icaraí;;Campo de São Bento;Av. Roberto Silveira, Marquês de Paraná;;CCS;;Saindo 6:20. Contribuição R$ 5;2016-07-21 23:54:11;2017-04-19 11:59:25;1,2,3,4,5;;;;2016-09-12 07:20:00
;Grande Niterói;Icaraí Niterói;;;Pela Gavião Peixoto ;;Reitoria;;;2016-04-15 07:41:23;2017-04-19 11:59:25;1,2,3,4,5;;;2016-04-15 08:01:18;2016-05-27 13:30:00
;Zona Norte;São Cristóvão;;;;;CT: Bloco D;;"Confirmar no whatsapp:981394014
";2016-04-15 07:32:24;2017-04-19 11:59:25;;;;2016-04-15 07:32:31;2016-04-15 08:00:00
;Grande Niterói;Icaraí-Niterói;;Campo de São Bento;Saindo da Otávio Carneiro, Lopes Trovão, pela Roberto Silveira até a ponte;;CCS;;"Saída às 6:25.
Não é permitido fumar no carro.
Contribuição de R$ 5,00.";2019-01-06 20:50:34;2019-01-06 21:09:48;1,2,3,4,5;2019-03-07;;2019-01-06 21:09:48;2019-01-21 07:15:00
;Zona Norte;São Cristóvão;;17ª DP;Linha Vermelha, Campo De São Cristóvão, Quinta Da Boa Vista, Metrô De São Cristóvão;;CT: Bloco H;;;2016-09-06 16:31:06;2017-04-19 11:59:25;2;;;;2016-10-18 17:00:00
;Zona Norte;São Cristóvão;;;metrô de São Cristóvão, feira de tradições nordestinas..;;CT: Bloco A;;"R$2 pela carona para ajuda de custos.
CT -> Letras -> ponte do saber -> linha vermelha -> (podendo passar pela leopoldina ou) feira de São Cristóvão -> Quinta da boa vista -> metrô de São Cristóvão -> Quinta D'or";2016-05-02 14:15:13;2017-04-19 11:59:25;3;;;;2016-06-01 21:00:00
;Grande Niterói;Fonseca;;;Linha Vermelha-Ponte-Alameda;;CT: Bloco H;;Sou motorista prudente. Contribuição de R$6;2017-03-15 05:37:28;2017-04-19 11:59:25;3,5;;;2017-03-15 13:43:34;2017-03-24 17:00:00
;Região dos Lagos;Cabo Frio;;;;;Polo Universitário;;Valor: R$10,00;2019-05-23 14:04:16;2019-05-23 14:10:25;1,3,4,5;2019-07-27;;2019-05-23 14:10:25;2019-06-03 07:30:00
;Grande Niterói;Icaraí;;Campo de São Bento;Av. Roberto Silveira, Marquês de Paraná;;CCS;;Saindo 6:20. Contribuição R$ 5;2016-07-21 23:54:10;2017-04-19 11:59:25;1,2,3,4,5;;;;2016-08-26 07:20:00
;Grande Niterói;Icaraí;;Campo de São Bento;Av. Roberto Silveira, Marquês de Paraná;;CCS;;;2016-10-25 00:30:57;2017-04-19 11:59:25;1,2,3,4,5;;;;2016-12-06 08:00:00
;Zona Norte;São Cristóvão;;Campo de São Cristóvão;Campo de São Cristóvão;;CT;;;2016-04-20 09:30:34;2017-04-19 11:59:25;1,2,3,4,5;;;;2016-06-15 07:50:00
;Região dos Lagos;Cabo Frio;;;;;Polo Universitário;;Valor: R$10,00;2019-05-23 13:57:55;2019-05-23 14:14:18;1,2,3,4,5;2019-07-23;;2019-05-23 14:14:18;2019-06-05 16:00:00
;Grande Niterói;Maria Paula;;moinho;alameda;;CCMN;;"
$4,00 por pessoa. Faço uma volta no moinho e pego a ponte. ";2016-04-27 21:24:00;2017-04-19 11:59:25;1,2,3,4,5;;;2016-05-02 16:51:52;2016-05-03 09:00:00
;Grande Niterói;Maria Paula;;moinho;alameda;;CCMN;;"
$4,00 por pessoa. Faço uma volta no moinho e pego a ponte. ";2016-04-27 21:24:01;2017-04-19 11:59:25;1,2,3,4,5;;;;2016-06-29 09:00:00
;Grande Niterói;icaraí;;Praia de icaraí ;;;CT: Bloco A;;;2016-04-15 17:44:57;2017-04-19 11:59:25;;;;2016-04-15 17:50:28;2016-04-15 18:30:00
;Zona Norte;São Cristóvão;;Campo de São Cristóvão;Campo de São Cristóvão;;CT;;;2016-04-20 09:30:34;2017-04-19 11:59:25;1,2,3,4,5;;;;2016-05-12 07:50:00
;Zona Norte;São Cristóvão;;;metrô de São Cristóvão, feira de tradições nordestinas..;;CT: Bloco A;;;2016-04-20 14:45:02;2017-04-19 11:59:25;3;2016-06-27;;;2016-04-27 21:00:00
;Grande Niterói;Icaraí Niterói;;;Pela Roberto Silveira;;Reitoria;;;2016-09-02 00:29:04;2017-04-19 11:59:25;1,2,3,4,5;;;;2016-09-09 07:30:00
;Zona Norte;São Cristóvão;;;Pedro II;;CCMN: Frente;;Contribuição pra gasolina é bem-vinda :);2016-05-17 19:03:48;2017-04-19 11:59:25;;;;;2016-05-18 07:20:00
;Grande Niterói;Centro de Niterói;;Amaral Peixoto;Jansen de Melo, Amaral Peixoto, Rua Dr Celestino;;Letras;;"Ajuda combustível R$6,00
whatsapp 964824093";2018-03-13 01:37:05;2018-03-13 01:37:05;1,2,3,4,5;;;;2018-04-09 13:00:00
;Zona Norte;São Cristóvão;;Campo de São Cristóvão;Linha Vermelha ;;CT: Bloco H;;;2016-04-25 13:06:57;2017-04-19 11:59:25;1;;;;2016-06-20 15:00:00
;Grande Niterói;Centro (Niterói);;Santa Rosa, Noronha Torrezão, 22 de novembro, Centro de Niterói;Noronha Torresão, 22 de novembro, Alameda;;Letras;;"Peço ajuda no combustível de 5,00

WhatsApp 21 964824093";2019-07-30 13:14:30;2019-07-30 13:14:30;1,2,3,4,5;2019-12-05;;;2019-09-27 07:30:00
;Grande Niterói;Fonseca;;Alameda;22 DE NOVEMBRO, ALAMEDA;;Letras;;"WhatsApp 964824093
Ajuda para combustível R$6,00";2018-03-13 01:33:44;2018-03-13 01:33:44;1,3,5;;;;2018-04-04 07:30:00
;Grande Niterói;Fonseca;;Alameda;22 DE NOVEMBRO, ALAMEDA;;Letras;;"WhatsApp 964824093
Ajuda para combustível R$5,00";2018-08-25 05:09:22;2018-08-25 05:09:22;1,2,3,5;;;;2018-11-07 07:30:00
;Zona Norte;São Cristóvão;;17ª DP;Quinta da Boa Vista, Feira de São Cristóvão, Linha Vermelha;;Letras;;;2017-09-27 17:15:34;2017-09-27 17:15:34;1,2,3,4,5;;;;2017-10-10 17:19:00
;Zona Oeste;Jacarepaguá ;;Praça seca - Vila Valqueire ;Linha Amarela-Piedade-Rua Goiás - Terminal De Cascadura- Tem Tudo - Assai Campinho- Mundial Praça Seca ;;CT;;;2016-04-29 19:52:03;2017-04-19 11:59:25;1,2,3,4,5;;;;2016-06-02 20:00:00
;Grande Niterói;Fonseca - Niteroi ;;Alameda - Fonseca;;;CT: Bloco A;;;2016-05-05 13:46:53;2017-04-19 11:59:25;2,3,4,5;;;2016-05-05 17:16:04;2016-06-15 08:00:00
;Zona Norte;São Cristóvão;;17ª DP;Linha Vermelha, Campo De São Cristóvão, Quinta Da Boa Vista, Metrô De São Cristóvão;;CT: Bloco A;;;2016-04-27 16:41:57;2017-04-19 11:59:25;3,5;2016-06-27;;2016-04-27 16:42:19;2016-04-27 17:00:00
;Grande Niterói;Fonseca;;Alameda;22 DE NOVEMBRO, ALAMEDA;;Letras;;"WhatsApp 964824093
Ajuda para combustível R$5,00";2018-08-25 05:09:22;2018-08-25 05:09:22;1,2,3,5;;;;2018-09-28 07:30:00
;Grande Niterói;Fonseca;;Alameda;22 DE NOVEMBRO, ALAMEDA;;Letras;;"WhatsApp 964824093
Ajuda para combustível R$5,00";2018-08-25 05:09:22;2018-08-25 05:09:22;1,2,3,5;;;;2018-12-10 07:30:00
;Zona Norte;São Cristóvão;;Campo de São Cristóvão;Campo de São Cristóvão;;CT;;;2016-04-20 09:30:34;2017-04-19 11:59:25;1,2,3,4,5;;;;2016-05-06 07:50:00
;Grande Niterói;Fonseca;;Alameda;22 DE NOVEMBRO, ALAMEDA;;Letras;;"WhatsApp 964824093
Ajuda para combustível R$5,00";2018-08-25 05:09:22;2018-08-25 05:09:22;1,2,3,5;;;;2018-12-24 07:30:00
;Região dos Lagos;Unamar;;Retão-Unamar;Amaral Peixoto - linha verde;;Polo Universitário;;"R$5,00 p/vaga
Chamem no wpp : 021 97219-3236";2019-03-13 22:29:13;2019-03-13 22:29:13;2,4;2019-07-14;;;2019-06-20 19:30:00
;Região dos Lagos;Cabo Frio;;;;;Polo Universitário;;Valor: R$10,00;2019-05-23 14:04:16;2019-05-23 14:17:20;1,3,4,5;2019-07-27;;2019-05-23 14:17:20;2019-06-28 07:30:00
;Grande Niterói;Centro de Niterói;;Amaral Peixoto;Jansen de Melo, Amaral Peixoto, Rua Dr Celestino;;Letras;;"Ajuda combustível R$6,00
whatsapp 964824093";2018-03-13 01:37:05;2018-03-13 01:37:05;1,2,3,4,5;;;;2018-04-23 13:00:00
;Grande Niterói;Icaraí Niterói;;;Pela Gavião Peixoto ;;Reitoria;;;2016-04-15 07:41:23;2017-04-19 11:59:25;1,2,3,4,5;;;2016-04-15 07:42:41;2016-04-27 13:30:00
;Zona Norte;São Cristóvão;;;metrô de São Cristóvão, feira de tradições nordestinas..;;CT: Bloco A;;"R$2 pela carona para ajuda de custos.
CT -> Letras -> ponte do saber -> linha vermelha -> (podendo passar pela leopoldina ou) feira de São Cristóvão -> Quinta da boa vista -> metrô de São Cristóvão -> Quinta D'or";2016-05-02 14:15:13;2017-04-19 11:59:25;3;;;;2016-06-22 21:00:00
;Grande Niterói;Icaraí Niterói;;;Pela Roberto Silveira;;Reitoria;;Quem puder dar uma ajudazinea será bem vinda :) ;2016-09-25 11:21:32;2017-04-19 11:59:25;1,3,4,5;;;;2016-10-07 13:00:00
;Baixada;Xerém ;;;;;CT;;;2016-09-09 18:14:30;2017-04-19 11:59:25;1;;;;2016-11-07 12:00:00
;Zona Norte;São Cristóvão;;17ª DP;Linha Vermelha, Campo De São Cristóvão, Quinta Da Boa Vista, Metrô De São Cristóvão;;Letras;;;2016-04-27 16:44:21;2017-04-19 11:59:25;3,5;;;2016-04-27 16:45:13;2016-06-03 17:00:00
;Grande Niterói;Fonseca;;22 de Novembro;A partir da 22 de novembro (Mercado Princesa);;Reitoria;;;2016-04-14 19:27:14;2017-04-19 11:59:25;;;;;2016-04-14 06:30:00
;Grande Niterói;Fonseca;;Alameda;22 DE NOVEMBRO, ALAMEDA;;Letras;;"WhatsApp 964824093
Ajuda para combustível R$6,00";2018-03-13 01:33:44;2018-03-13 01:33:44;1,3,5;;;;2018-04-09 07:30:00
;Grande Niterói;Centro de Niterói;;Amaral Peixoto;Jansen de Melo, Amaral Peixoto, Rua Dr Celestino;;Letras;;"Ajuda combustível R$6,00
whatsapp 964824093";2018-03-13 01:37:05;2018-03-13 01:37:05;1,2,3,4,5;;;;2018-05-28 13:00:00
;Ilha do Fundão;Incubadora;;Incubadora da COPPE;;;CT: Bloco D;;Carona pra Incubadora de Empresas da COPPE! E você ainda de quebra pode conhecer as empresas de lá!;2016-04-12 09:15:41;2017-04-19 11:59:25;2,4;;;;2016-06-09 13:00:00
;Grande Niterói;Centro de Niterói;;Amaral Peixoto;Jansen de Melo, Amaral Peixoto, Rua Dr Celestino;;Letras;;"Ajuda combustível R$6,00
whatsapp 964824093";2018-03-13 01:37:05;2018-03-13 01:37:05;1,2,3,4,5;;;;2018-04-13 13:00:00
;Grande Niterói;Icaraí Niterói;;;Pela Roberto Silveira;;Reitoria;;Quem puder dar uma ajudazinea será bem vinda :) ;2016-09-25 11:21:32;2017-04-19 11:59:25;1,3,4,5;;;;2016-11-25 13:00:00
;Zona Oeste;Jacarepaguá ;;Praça seca - Vila Valqueire ;Linha Amarela-Piedade-Rua Goiás - Terminal De Cascadura- Tem Tudo - Assai Campinho- Mundial Praça Seca ;;CT;;;2016-04-29 19:52:04;2017-04-19 11:59:25;1,2,3,4,5;;;2016-04-29 19:56:13;2016-07-18 20:00:00
;Grande Niterói;Fonseca - Niteroi ;;Alameda - Fonseca;;;CT: Bloco A;;"Pedimos colaboração de 5 reais;
Entrar em contato por wpp 21 99575-7872
";2016-05-05 13:21:11;2017-04-19 11:59:25;2,4;;;2016-05-05 17:14:43;2016-06-30 17:00:00
;Grande Niterói;Fonseca;;Wiseup;;;CT: Bloco H;;Ajuda com 5 reais. ;2017-04-10 18:24:17;2017-04-19 11:59:25;1,2,3;;;;2017-04-19 15:00:00
;Grande Niterói;Icaraí Niterói;;;Pela Roberto Silveira;;Reitoria;;Quem puder dar uma ajudazinea será bem vinda :) ;2016-09-25 11:21:32;2017-04-19 11:59:25;1,3,4,5;;;;2016-10-28 13:00:00
;Grande Niterói;Fonseca;;;Linha Vermelha-Ponte-Alameda;;CT: Bloco H;;Sou motorista prudente. Contribuição de R$6;2017-03-15 05:37:28;2017-04-19 11:59:25;3,5;;;2017-03-15 13:39:53;2017-04-12 17:00:00
;Grande Niterói;Icaraí;;Campo de São Bento;Av. Roberto Silveira, Marquês de Paraná;;CCS;;Saindo 6:20. Contribuição R$ 5;2016-07-21 23:54:11;2017-04-19 11:59:25;1,2,3,4,5;;;;2016-10-27 07:20:00
;Grande Niterói;Fonseca;;22 de novembro;Alameda São Boaventura;;Letras;;"- Sem cigarros durante a viagem por gentileza.

ZAP 964824093
R$6,00 de auxílio gasolina

Peço R$6,00 para ajuda no combustível.

ZAP 964824093";2017-09-08 17:38:20;2017-09-08 17:38:20;2,3,4,5;;;;2017-11-10 07:30:00
;Grande Niterói;Centro de Niterói;;Amaral Peixoto;Jansen de Melo, Amaral Peixoto, Rua Dr Celestino;;Letras;;"Ajuda combustível R$6,00
whatsapp 964824093";2018-03-13 01:37:05;2018-03-13 01:37:05;1,2,3,4,5;;;;2018-04-04 13:00:00
;Grande Niterói;Icaraí;;Campo de São Bento;Av. Roberto Silveira, Marquês de Paraná;;CCS;;Saindo 6:20. Contribuição R$ 5;2016-07-21 23:54:10;2017-04-19 11:59:25;1,2,3,4,5;;;;2016-08-17 07:20:00
;Grande Niterói;Icaraí Niterói;;;Rota: 7 de Setembro + Roberto Silveira;;Reitoria;;"Oie, vou quase todo dia esse horário. 
Peço só uma ajuda para a gasolina de 5 reais.";2018-03-26 23:28:05;2018-03-26 23:28:05;1,2,3,4;;;;2018-04-18 07:30:00
;Grande Niterói;Fonseca;;;Linha Vermelha-Ponte-Alameda;;CT: Bloco H;;"Sou motorista prudente. 
Colaboração de R$6.
";2017-03-15 13:47:06;2017-04-19 11:59:25;3,5;;;;2017-03-22 15:00:00
;Grande Niterói;Fonseca;;Alameda;22 DE NOVEMBRO, ALAMEDA;;Letras;;"WhatsApp 964824093
Ajuda para combustível R$5,00";2018-08-25 05:09:22;2018-08-25 05:09:22;1,2,3,5;;;;2018-08-28 07:30:00
;Grande Niterói;Icaraí Niterói;;;Pela Roberto Silveira;;Reitoria;;Quem puder dar uma ajudazinea será bem vinda :) ;2016-09-25 11:21:32;2017-04-19 11:59:25;1,3,4,5;;;;2016-10-05 13:00:00
;Grande Niterói;Fonseca - Niteroi ;;Alameda - Fonseca;;;CT: Bloco A;;"Pedimos colaboração de 5 reais;
Entrar em contato por wpp 21 99575-7872
";2016-05-05 13:21:11;2017-04-19 11:59:25;2,4;;;2016-05-05 17:13:56;2016-05-12 17:00:00
;Zona Norte;São Cristóvão;;17ª DP;Linha Vermelha, Campo De São Cristóvão, Quinta Da Boa Vista, Metrô De São Cristóvão;;CT: Bloco H;;;2016-04-27 20:30:13;2017-04-19 11:59:25;4;2016-06-28;;;2016-04-28 09:20:00
;Grande Niterói;Fonseca;;Alameda;22 DE NOVEMBRO, ALAMEDA;;Letras;;"WhatsApp 964824093
Ajuda para combustível R$6,00";2018-03-13 01:33:44;2018-03-13 01:33:44;1,3,5;;;;2018-05-28 07:30:00
;Zona Oeste;Jacarepaguá ;;Praça seca - Vila Valqueire ;Linha Amarela-Piedade-Rua Goiás - Terminal De Cascadura- Tem Tudo - Assai Campinho- Mundial Praça Seca ;;CT;;;2016-04-29 19:52:04;2017-04-19 11:59:25;1,2,3,4,5;;;2016-04-29 19:56:16;2016-07-20 20:00:00
;Grande Niterói;Fonseca;;Alameda;22 DE NOVEMBRO, ALAMEDA;;Letras;;"WhatsApp 964824093
Ajuda para combustível R$6,00";2018-03-13 01:33:44;2018-03-13 01:33:44;1,3,5;;;;2018-06-11 07:30:00
;Grande Niterói;Fonseca;;;Linha Vermelha-Ponte-Alameda;;CT: Bloco H;;"Sou motorista prudente. 
Colaboração de R$6.
";2017-03-15 13:47:06;2017-04-19 11:59:25;3,5;;;;2017-04-19 15:00:00
;Região Serrana;Petrópolis;;Universidade Estácio da Bingen.;;;CT: Bloco A;;;2018-04-03 15:57:02;2018-04-03 15:57:02;1,3;;;;2018-06-13 16:20:00
;Região dos Lagos;Arraial do Cabo;;Figueira;Via Praia Seca, Bacaxá, São Gonçalo;;CT: Bloco D;;;2019-03-15 09:48:36;2019-03-15 09:48:36;5;2019-07-15;;;2019-06-14 21:45:00
;Zona Norte;São Cristóvão;;Campo do Vasco;Linha Vermelha, Cancela, Campo do vasco;;CT: Bloco H;;;2018-10-05 17:48:29;2018-10-05 17:48:29;1,2,3,4,5;;;;2018-11-05 18:00:00
;Grande Niterói;Icaraí Niterói;;;Pela Roberto Silveira;;Reitoria;;Quem puder dar uma ajudazinea será bem vinda :) ;2016-09-25 11:21:32;2017-04-19 11:59:25;1,3,4,5;;;;2016-10-13 13:00:00
;Zona Norte;São Cristóvão;;Campo de São Cristóvão;Campo de São Cristóvão;;CT;;;2016-04-20 09:30:34;2017-04-19 11:59:25;1,2,3,4,5;;;;2016-04-22 07:50:00
;Zona Oeste;Praça Seca;;Rua Pinto Teles;Rua Cândido Benício, Rua Goiás, Cascadura, Linha Amarela;;CCS;;5 R$ de contribuição. Deixo em outros prédios;2019-02-10 21:37:14;2019-02-10 21:37:14;;;;;2019-02-11 09:00:00
;Baixada;Xerém ;;;;;CT;;;2016-09-09 18:14:30;2017-04-19 11:59:25;1;;;;2016-12-12 12:00:00
;Grande Niterói;Icaraí;;Campo de São Bento;Av. Roberto Silveira, Marquês de Paraná;;CCS;;Saindo 6:20. Contribuição R$ 5;2016-07-21 23:54:10;2017-04-19 11:59:25;1,2,3,4,5;;;;2016-07-25 07:20:00
;Grande Niterói;Fonseca - Niteroi ;;Alameda - Fonseca;;;CT: Bloco A;;"Saio do CT até a Alameda Boa Ventura, no Fonseca. Não aceitamos fumantes
Entrar em contato no wpp:
 21 99575-7872

Pedimos colaboração de 5 dinheiros ";2016-05-05 13:17:17;2017-04-19 11:59:25;2,4,5;;;2016-05-05 13:17:56;2016-05-17 14:00:00
;Grande Niterói;Icaraí-Niterói;;Campo de São Bento;Saindo da Otávio Carneiro, Lopes Trovão, pela Roberto Silveira até a ponte;;CCS;;"Saída às 6:25.
Não é permitido fumar no carro.
Contribuição de R$ 5,00.";2019-01-06 20:50:34;2019-01-06 21:13:04;1,2,3,4,5;2019-03-07;;2019-01-06 21:13:04;2019-02-12 07:15:00
;Grande Niterói;Fonseca;;Alameda;22 DE NOVEMBRO, ALAMEDA;;Letras;;"WhatsApp 964824093
Ajuda para combustível R$5,00";2018-08-25 05:09:22;2018-08-25 05:09:22;1,2,3,5;;;;2018-10-26 07:30:00
;Grande Niterói;Centro de Niterói;;Amaral Peixoto;Jansen de Melo, Amaral Peixoto, Rua Dr Celestino;;Letras;;"Ajuda combustível R$6,00
whatsapp 964824093";2018-03-13 01:37:05;2018-03-13 01:37:05;1,2,3,4,5;;;;2018-07-11 13:00:00
;Grande Niterói;Fonseca;;Alameda;22 DE NOVEMBRO, ALAMEDA;;Letras;;"WhatsApp 964824093
Ajuda para combustível R$5,00";2018-08-25 05:09:22;2018-08-25 05:09:22;1,2,3,5;;;;2018-10-31 07:30:00
;Zona Norte;São Cristóvão;;Feira nordestina ;Ufrj , São Cristóvão ;;Letras;;Não fumo ;2016-09-25 23:11:03;2017-04-19 11:59:25;1,3,5;;;;2016-11-21 21:20:00
;Grande Niterói;Icaraí;;Campo de São Bento;Av. Roberto Silveira, Marquês de Paraná;;CCS;;;2016-10-25 00:30:57;2017-04-19 11:59:25;1,2,3,4,5;;;;2016-12-14 08:00:00
;Zona Oeste;Praça Seca;;Rua Pinto Teles;Rua Cândido Benício, Rua Goiás, Cascadura, Linha Amarela;;EEFD;;5 R$ de contribuição. Deixo em outros prédios;2018-08-21 14:25:45;2018-08-21 14:25:45;;;;;2018-08-21 21:30:00
;Zona Norte;São Cristóvão;;17ª DP;Linha Vermelha, Campo De São Cristóvão, Quinta Da Boa Vista, Metrô De São Cristóvão;;Letras;;;2016-04-13 22:47:16;2017-04-19 11:59:25;;;;;2016-04-14 09:00:00
;Zona Oeste;Jacarepaguá ;;Praça seca - Vila Valqueire ;Linha Amarela-Piedade-Rua Goiás - Terminal De Cascadura- Tem Tudo - Assai Campinho- Mundial Praça Seca ;;CT;;;2016-04-29 19:52:03;2017-04-19 11:59:25;1,2,3,4,5;;;;2016-05-12 20:00:00
;Região dos Lagos;Unamar;;Retão-Unamar;Amaral Peixoto - linha verde;;Polo Universitário;;"R$5,00 p/vaga
Chamem no wpp : 021 97219-3236";2019-03-13 22:27:31;2019-03-13 22:27:31;3,4;2019-07-14;;;2019-05-15 13:30:00
;Zona Norte;São Cristóvão;;Feira nordestina ;Ufrj , São Cristóvão ;;Letras;;Não fumo ;2016-09-25 23:11:03;2017-04-19 11:59:25;1,3,5;;;;2016-09-28 21:20:00
;Baixada;Nova Iguaçu - Santa Rita;;;Arco Metropolitano, Whashington luiz, Linha Vermelha;;CT;;"Saio de casa às 6:30.
Passo pela REDUC às 7.
Ajuda de custo de 3 reais.

";2016-04-14 23:16:10;2017-04-19 11:59:25;;;;2016-04-15 05:56:42;2016-04-15 08:00:00
;Baixada;Xerém ;;;;;CT;;;2016-09-09 18:14:28;2017-04-19 11:59:25;1;2017-01-12;;;2016-09-12 12:00:00
;Zona Norte;São Cristóvão;;17ª DP;Linha Vermelha, Campo De São Cristóvão, Quinta Da Boa Vista;;Letras;;Posso deixar no metrô se quiserem.;2016-04-11 10:01:28;2017-04-19 11:59:25;1;2016-06-11;;2016-04-11 12:03:15;2016-04-11 17:00:00
;Zona Norte;São Cristóvão;;17ª DP;Linha Vermelha, Campo De São Cristóvão, Quinta Da Boa Vista, Metrô De São Cristóvão;;Letras;;;2016-04-27 16:44:21;2017-04-19 11:59:25;3,5;;;2016-04-27 16:45:32;2016-06-08 17:00:00
;Grande Niterói;Fonseca;;Wiseup;;;CT: Bloco H;;Ajuda com 5 reais. ;2017-04-10 18:24:17;2017-04-19 11:59:25;1,2,3;2017-06-11;;;2017-04-11 15:00:00
;Zona Norte;São Cristóvão;;17ª DP;Quinta da Boa Vista, Feira de São Cristóvão, Linha Vermelha;;Letras;;;2017-09-27 17:15:34;2017-09-27 17:15:34;1,2,3,4,5;;;;2017-10-11 17:19:00
;Região dos Lagos;Cabo Frio;;Próximo ao shopping;;;Polo Universitário;;;2019-04-24 14:21:19;2019-04-24 14:21:19;;;;;2019-04-29 09:00:00
;Zona Norte;São Cristóvão;;Campo de Sao Cristóvão ;Rua S. Luiz Gonzaga, Linha Vermelha;;CT;;;2016-06-26 12:28:20;2017-04-19 11:59:25;;;;;2016-06-27 09:00:00
;Zona Oeste;Jacarepaguá ;;Praça seca - Vila Valqueire ;Linha Amarela-Piedade-Rua Goiás - Terminal De Cascadura- Tem Tudo - Assai Campinho- Mundial Praça Seca ;;CT;;;2016-04-29 19:52:04;2017-04-19 11:59:25;1,2,3,4,5;;;2016-04-29 19:56:10;2016-07-19 20:00:00
;Grande Niterói;Fonseca;;22 de novembro;Alameda São Boaventura;;Letras;;"- Sem cigarros durante a viagem por gentileza.

ZAP 964824093
R$6,00 de auxílio gasolina

Peço R$6,00 para ajuda no combustível.

ZAP 964824093";2017-09-08 17:38:20;2017-09-08 17:38:20;2,3,4,5;;;;2017-09-21 07:30:00
;Grande Niterói;Icaraí-Niterói;;Campo de São Bento;Saindo da Otávio Carneiro, Lopes Trovão, pela Roberto Silveira até a ponte;;CCS;;"Saída às 6:25.
Não é permitido fumar no carro.
Contribuição de R$ 5,00.";2019-01-06 20:50:34;2019-01-06 21:11:49;1,2,3,4,5;2019-03-07;;2019-01-06 21:11:49;2019-02-04 07:15:00
;Grande Niterói;Icaraí;;Campo de São Bento;Av. Roberto Silveira, Marquês de Paraná;;CCS;;Saindo 6:20. Contribuição R$ 5;2016-07-21 23:54:10;2017-04-19 11:59:25;1,2,3,4,5;;;;2016-08-02 07:20:00
;Grande Niterói;Centro de Niterói;;Amaral Peixoto;Jansen de Melo, Amaral Peixoto, Rua Dr Celestino;;Letras;;"Ajuda combustível R$6,00
whatsapp 964824093";2018-03-13 01:37:05;2018-03-13 01:37:05;1,2,3,4,5;;;;2018-05-22 13:00:00
;Zona Norte;São Cristóvão;;17ª DP;Linha Vermelha, Campo De São Cristóvão, Quinta Da Boa Vista, Metrô De São Cristóvão;;CT: Bloco H;;;2016-05-04 13:34:28;2017-04-19 11:59:25;;;;;2016-05-04 15:00:00
;Região dos Lagos;Unamar;;Retão-Unamar;Amaral Peixoto - linha verde;;Polo Universitário;;"R$5,00 p/vaga
Chamem no wpp : 021 97219-3236";2019-03-13 22:27:31;2019-03-13 22:27:31;3,4;2019-07-14;;;2019-06-19 13:30:00
;Grande Niterói;Santa Rosa - Niterói ;;Noronha Torrezão;Alameda, 22 de Novembro, Noronha Torrezão;;CCMN: Frente;;As contribuições não são obrigatórias, mas bem-vindas. Não desvio minha rota pelo Centro.;2016-06-21 12:23:11;2017-04-19 11:59:25;2,4;;;;2016-06-28 15:00:00
;Grande Niterói;Icaraí-Niterói;;Campo de São Bento;Saindo da Otávio Carneiro, Lopes Trovão, pela Roberto Silveira até a ponte;;CCS;;"Saída às 6:25.
Não é permitido fumar no carro.
Contribuição de R$ 5,00.";2019-01-06 20:50:34;2019-01-06 21:17:04;1,2,3,4,5;2019-03-07;;2019-01-06 21:17:04;2019-02-21 07:15:00
;Grande Niterói;Icaraí-Niterói;;Campo de São Bento;Saindo da Otávio Carneiro, Lopes Trovão, pela Roberto Silveira até a ponte;;CCS;;"Saída às 6:25.
Não é permitido fumar no carro.
Contribuição de R$ 5,00.";2019-01-06 20:50:34;2019-01-06 21:10:53;1,2,3,4,5;2019-03-07;;2019-01-06 21:10:53;2019-01-25 07:15:00
;Zona Norte;São Cristóvão;;Quinta D'or;feira de São Cristóvão;;CT;;;2016-08-29 10:18:16;2017-04-19 11:59:25;1,2,3,4,5;;;;2016-08-31 07:50:00
;Zona Norte;São Cristóvão;;Feira nordestina ;Ufrj , São Cristóvão ;;Letras;;Não fumo ;2016-09-25 23:11:03;2017-04-19 11:59:25;1,3,5;;;;2016-11-16 21:20:00
;Grande Niterói;Icaraí Niterói;;;Pela Gavião Peixoto ;;Reitoria;;;2016-04-15 07:41:23;2017-04-19 11:59:25;1,2,3,4,5;2016-06-15;;2016-04-15 07:41:58;2016-04-15 13:30:00
;Zona Norte;São Cristóvão;;Campo do Vasco;Linha Vermelha, Cancela, Campo do vasco;;CT: Bloco H;;;2018-10-05 17:48:29;2018-10-05 17:48:29;1,2,3,4,5;;;;2018-11-01 18:00:00
;Zona Oeste;Jacarepaguá ;;Praça seca - Vila Valqueire ;Linha Amarela-Piedade-Rua Goiás - Terminal De Cascadura- Tem Tudo - Assai Campinho- Mundial Praça Seca ;;CT;;;2016-04-29 19:52:03;2017-04-19 11:59:25;1,2,3,4,5;;;;2016-05-20 20:00:00
;Baixada;Xerém ;;Postinho de Saúde ;Caxias Shopping,  W. Luís,  Santa Cruz da Serra ;;CT: Bloco H;;Viagem de Volta do CT para Xerém,  caso queira parar em algum bairro intermediário,  pode. ;2016-04-14 01:05:30;2017-04-19 11:59:25;2,4;;;;2016-08-09 17:00:00
;Zona Norte;São Cristóvão;;Campo de São Cristóvão;Campo de São Cristóvão;;CT;;;2016-04-20 09:30:34;2017-04-19 11:59:25;1,2,3,4,5;;;;2016-05-30 07:50:00
;Grande Niterói;Icaraí-Niterói;;Campo de São Bento;Saindo da Otávio Carneiro, Lopes Trovão, pela Roberto Silveira até a ponte;;CCS;;"Saída às 6:25.
Não é permitido fumar no carro.
Contribuição de R$ 5,00.";2019-01-06 20:50:34;2019-01-06 21:12:59;1,2,3,4,5;2019-03-07;;2019-01-06 21:12:59;2019-02-11 07:15:00
;Região dos Lagos;Unamar;;Retão-Unamar;Amaral Peixoto - linha verde;;Polo Universitário;;"R$5,00 p/vaga
Chamem no wpp : 021 97219-3236";2019-03-13 22:26:51;2019-03-13 22:26:51;1,2;2019-07-18;;;2019-05-28 10:00:00
;Zona Norte;São Cristóvão;;17ª DP;Linha Vermelha, Campo De São Cristóvão, Quinta Da Boa Vista, Metrô De São Cristóvão;;CT: Bloco H;;;2016-04-27 16:46:22;2017-04-19 11:59:25;3,5;;;;2016-06-08 17:00:00
;Grande Niterói;niterói - fonseca;;;fonseca;;CCMN;;;2016-09-28 09:49:58;2017-04-19 11:59:25;;;;;2016-09-28 13:00:00
;Grande Niterói;Icaraí Niterói;;;Pela Roberto Silveira;;Reitoria;;Quem puder dar uma ajudazinea será bem vinda :) ;2016-09-25 11:21:32;2017-04-19 11:59:25;1,3,4,5;;;;2016-11-23 13:00:00
;Grande Niterói;Icaraí Niterói;;;Rota: 7 de Setembro + Roberto Silveira;;Reitoria;;"Oie, vou quase todo dia esse horário. 
Peço só uma ajuda para a gasolina de 5 reais.";2018-03-26 23:28:05;2018-03-26 23:28:05;1,2,3,4;;;;2018-05-10 07:30:00
;Grande Niterói;Fonseca;;Alameda;22 DE NOVEMBRO, ALAMEDA;;Letras;;"WhatsApp 964824093
Ajuda para combustível R$5,00";2018-08-25 05:09:22;2018-08-25 05:09:22;1,2,3,5;;;;2018-11-21 07:30:00
;Grande Niterói;Fonseca;;22 de novembro;Alameda São Boaventura;;Letras;;"- Sem cigarros durante a viagem por gentileza.

ZAP 964824093
R$6,00 de auxílio gasolina

Peço R$6,00 para ajuda no combustível.

ZAP 964824093";2017-09-08 17:38:20;2017-09-08 17:38:20;2,3,4,5;;;;2017-09-29 07:30:00
;Grande Niterói;Fonseca;;Wiseup;;;CT: Bloco H;;Ajuda com 5 reais. ;2017-04-10 18:24:17;2017-04-19 11:59:25;1,2,3;;;;2017-04-17 15:00:00
;Zona Norte;São Cristóvão ;;;CT > Linha Vermelha > Feira de São Cristóvão > Largo da Cancela > próximo ao Estádio São Januário ;;CT: Bloco A;;;2016-04-13 10:24:33;2017-04-19 11:59:25;1,3;;;;2016-04-18 14:05:00
;Grande Niterói;Fonseca;;22 de Novembro;A partir da 22 de novembro (Mercado Princesa);;Reitoria;;Saindo de casa às 6:30;2016-04-26 22:22:44;2017-04-19 11:59:25;;;;;2016-04-27 07:30:00
;Grande Niterói;Icaraí Niterói;;;Pela Roberto Silveira;;Reitoria;;Quem puder dar uma ajudazinea será bem vinda :) ;2016-09-25 11:21:32;2017-04-19 11:59:25;1,3,4,5;;;;2016-09-30 13:00:00
;Grande Niterói;Fonseca;;Alameda;22 DE NOVEMBRO, ALAMEDA;;Letras;;"WhatsApp 964824093
Ajuda para combustível R$6,00";2018-03-13 01:33:44;2018-03-13 01:33:44;1,3,5;;;;2018-05-30 07:30:00
;Região Serrana;Eng. Paulo de Frontin;;Serra Fluminense;Paracambi, Japeri, Dutra, Linha Vermelha;;CT;;"Saio por volta das 10h.
Tenho tido problemas com o app, trava após eu aceitar a carona. Entre em contato pelo Whatsapp:
+5524999557072
Taxa a combinar.";2016-05-11 08:53:45;2017-04-19 11:59:25;1;;;;2016-06-20 12:00:00
;Baixada;Xerém ;;;;;CT;;;2016-09-09 18:14:30;2017-04-19 11:59:25;1;;;;2016-12-26 12:00:00
;Grande Niterói;Icaraí;;Campo de São Bento;Av. Roberto Silveira, Marquês de Paraná;;CCS;;Saindo 6:20. Contribuição R$ 5;2016-07-21 23:54:11;2017-04-19 11:59:25;1,2,3,4,5;;;;2016-09-30 07:20:00
;Zona Norte;São Cristóvão;;;;;CT: Bloco D;;;2016-04-14 23:24:22;2017-04-19 11:59:25;;;;2016-04-14 23:31:10;2016-04-15 17:00:00
;Grande Niterói;Santa Rosa - Niterói ;;Noronha Torrezão;Alameda, 22 de Novembro, Noronha Torrezão;;CCMN: Frente;;As contribuições não são obrigatórias, mas bem-vindas. Não desvio minha rota pelo Centro.;2016-06-21 12:23:11;2017-04-19 11:59:25;2,4;;;;2016-06-30 15:00:00
;Região dos Lagos;Cabo Frio;;;;;Polo Universitário;;Valor: R$10,00;2019-05-23 13:57:55;2019-05-23 14:16:46;1,2,3,4,5;2019-07-23;;2019-05-23 14:16:46;2019-06-24 16:00:00
;Zona Norte;São Cristóvão;;próximo ao estádio são Januário (Vasco);campo de São Cristóvão, rua General argolo, rua sao Januário;;CT: Bloco A;;;2016-04-12 14:11:51;2017-04-19 11:59:25;2,4;;;2016-07-05 14:19:37;2016-08-09 17:00:00
;Zona Norte;São Cristóvão;;17ª DP;Quinta da Boa Vista, Feira de São Cristóvão, Linha Vermelha;;Letras;;;2017-09-27 17:15:34;2017-09-27 17:15:34;1,2,3,4,5;;;;2017-10-03 17:19:00
;Zona Oeste;Praça Seca;;Rua Pinto Teles;Rua Cândido Benício, Rua Goiás, Cascadura, Linha Amarela;;EEFD;;5 R$ de contribuição. Deixo em outros prédios;2018-09-11 19:34:54;2018-09-11 19:34:54;;;;;2018-09-11 21:00:00
;Região Serrana;Petrópolis;;Universidade Estácio da Bingen.;;;CT: Bloco A;;;2018-04-03 15:57:02;2018-04-03 15:57:02;1,3;;;;2018-06-06 16:20:00
;Zona Norte;São Cristóvão;;Campo do Vasco;Linha Vermelha, Cancela, Campo do vasco;;CT: Bloco H;;;2018-10-05 17:48:29;2018-10-05 17:48:29;1,2,3,4,5;;;;2018-10-15 18:00:00
;Região dos Lagos;Unamar;;Retão-Unamar;Amaral Peixoto - linha verde;;Polo Universitário;;"R$5,00 p/vaga
Chamem no wpp : 021 97219-3236";2019-03-13 22:29:13;2019-03-13 22:29:13;2,4;2019-07-14;;;2019-05-14 19:30:00
;Zona Norte;São Cristóvão;;próximo ao estádio são Januário (Vasco);campo de São Cristóvão, rua General argolo, rua sao Januário;;CT: Bloco A;;;2016-04-12 14:11:51;2017-04-19 11:59:25;2,4;;;2016-07-05 14:19:32;2016-08-04 17:00:00
;Zona Norte;São Cristóvão;;Campo do Vasco;Linha Vermelha, Cancela, Campo do vasco;;CT: Bloco H;;;2018-10-05 17:48:29;2018-10-05 17:48:29;1,2,3,4,5;;;;2018-10-30 18:00:00
;Zona Oeste;Jacarepaguá ;;Praça seca - Vila Valqueire ;Linha Amarela-Piedade-Rua Goiás - Terminal De Cascadura- Tem Tudo - Assai Campinho- Mundial Praça Seca ;;CT;;;2016-04-29 19:52:03;2017-04-19 11:59:25;1,2,3,4,5;;;;2016-05-19 20:00:00
;Região dos Lagos;Cabo Frio;;;;;Polo Universitário;;Valor: R$10,00;2019-05-23 13:57:55;2019-05-23 14:19:50;1,2,3,4,5;2019-07-23;;2019-05-23 14:19:50;2019-07-22 16:00:00
;Região dos Lagos;Cabo Frio;;Unamar;Amaral Peixoto;;Polo Universitário;;;2019-08-10 18:56:15;2019-08-10 18:56:15;1;2019-12-12;;;2019-08-19 13:30:00
;Grande Niterói;Maria Paula;;moinho;alameda;;CCMN;;"
$4,00 por pessoa. Faço uma volta no moinho e pego a ponte. ";2016-04-27 21:24:00;2017-04-19 11:59:25;1,2,3,4,5;;;2016-05-06 07:31:01;2016-05-06 09:00:00
;Grande Niterói;Icaraí Niterói;;;Rota: 7 de Setembro + Roberto Silveira;;Reitoria;;"Oie, vou quase todo dia esse horário. 
Peço só uma ajuda para a gasolina de 5 reais.";2018-03-26 23:28:05;2018-03-26 23:28:05;1,2,3,4;;;;2018-05-14 07:30:00
;Zona Norte;São Cristóvão;;17ª DP;Linha Vermelha, Campo De São Cristóvão, Quinta Da Boa Vista, Metrô De São Cristóvão;;CT: Bloco A;;;2016-04-27 16:41:57;2017-04-19 11:59:25;3,5;;;2016-04-27 16:43:12;2016-06-08 17:00:00
;Zona Norte;São Cristóvão;;Campo de São Cristóvão;Campo de São Cristóvão;;CT;;;2016-04-20 09:30:34;2017-04-19 11:59:25;1,2,3,4,5;;;;2016-05-27 07:50:00
;Baixada;Xerém ;;Postinho de Saúde ;Santa Cruz da Serra, W. Luís, Caxias Shopping ;;CT;;Faço sempre o trajeto toda terça e quinta as 8h de Xerém ao CT;2016-04-14 01:03:21;2017-04-19 11:59:25;2,4;;;;2016-05-26 08:00:00
;Zona Norte;São Cristóvão;;17ª DP;Linha Vermelha, Campo De São Cristóvão, Quinta Da Boa Vista, Metrô De São Cristóvão;;CT: Bloco H;;;2016-10-06 16:29:48;2017-04-19 11:59:25;4;;;;2016-11-24 17:00:00
;Grande Niterói;Icaraí;;Campo de São Bento;Av. Roberto Silveira, Marquês de Paraná;;CCS;;Saindo 6:20. Contribuição R$ 5;2016-07-21 23:54:10;2017-04-19 11:59:25;1,2,3,4,5;;;;2016-08-24 07:20:00
;Zona Oeste;Praça Seca;;Rua Pinto Teles;Rua Cândido Benício, Rua Goiás, Cascadura, Linha Amarela;;CCS: HUCFF;;5 R$ de contribuição. Deixo em outros prédios;2018-10-08 11:23:36;2018-10-08 11:23:36;;;;;2018-10-08 21:45:00
;Baixada;Xerém ;;Postinho de Saúde ;Santa Cruz da Serra, W. Luís, Caxias Shopping ;;CT;;Faço sempre o trajeto toda terça e quinta as 8h de Xerém ao CT;2016-04-14 01:03:21;2017-04-19 11:59:25;2,4;;;;2016-06-07 08:00:00
;Baixada;Xerém ;;Postinho de Saúde ;Santa Cruz da Serra, W. Luís, Caxias Shopping ;;CT;;Faço sempre o trajeto toda terça e quinta as 8h de Xerém ao CT;2016-04-14 01:03:21;2017-04-19 11:59:25;2,4;;;;2016-06-28 08:00:00
;Grande Niterói;Centro de Niterói;;Amaral Peixoto;Jansen de Melo, Amaral Peixoto, Rua Dr Celestino;;Letras;;"Ajuda combustível R$6,00
whatsapp 964824093";2018-03-13 01:37:05;2018-03-13 01:37:05;1,2,3,4,5;;;;2018-05-01 13:00:00
;Zona Norte;São Cristóvão;;Campo de Sao Cristóvão ;Rua S. Luiz Gonzaga, Linha Vermelha;;CT;;;2016-06-20 22:09:23;2017-04-19 11:59:25;;;;;2016-06-21 09:00:00
;Zona Norte;São Cristóvão;;17ª DP;Linha Vermelha, Campo De São Cristóvão, Quinta Da Boa Vista, Metrô De São Cristóvão;;Letras;;;2016-04-27 16:44:21;2017-04-19 11:59:25;3,5;2016-06-27;;2016-04-27 16:44:33;2016-04-27 17:00:00
;Grande Niterói;São Gonçalo (Pita);;;Dr March ;;CT;;;2016-04-25 21:17:02;2017-04-19 11:59:25;;;;;2016-04-26 13:00:00
;Zona Norte;São Cristóvão;;Campo do Vasco;Linha Vermelha, Cancela, Campo do vasco;;CT: Bloco H;;;2018-10-05 17:48:29;2018-10-05 17:48:29;1,2,3,4,5;;;;2018-11-13 18:00:00
;Zona Norte;São Cristóvão;;quinta dor;quinta da boa vista, feira, linha vermelha;;CCS;;não fumo. 3 reais a carona;2017-08-23 09:46:09;2017-08-23 09:46:09;;;;;2017-08-23 11:00:00
;Zona Norte;São Cristóvão;;Campo do Vasco;Linha Vermelha, Cancela, Campo do vasco;;CT: Bloco H;;;2018-10-05 17:48:29;2018-10-05 17:48:29;1,2,3,4,5;;;;2018-10-26 18:00:00
;Grande Niterói;Icaraí Niterói;;;Pela Roberto Silveira;;Reitoria;;Quem puder dar uma ajudazinea será bem vinda :) ;2016-09-25 11:21:32;2017-04-19 11:59:25;1,3,4,5;;;;2016-11-11 13:00:00
;Grande Niterói;Icaraí Niterói;;;Pela Roberto Silveira;;Reitoria;;Quem puder dar uma ajudazinea será bem vinda :) ;2016-09-25 11:21:32;2017-04-19 11:59:25;1,3,4,5;;;;2016-10-12 13:00:00
;Grande Niterói;Icaraí;;Campo de São Bento;Av. Roberto Silveira, Marquês de Paraná;;CCS;;Saindo 6:20. Contribuição R$ 5;2016-07-21 23:54:10;2017-04-19 11:59:25;1,2,3,4,5;;;;2016-07-29 07:20:00
;Centro;bairro de Fátima;;Bairro de Fátima;Linha Vermelha, Cidade Nova e Bairro de Fátima;;Letras;;;2017-03-15 12:39:44;2017-04-19 11:59:25;2,4;;;;2017-04-25 21:45:00
;Grande Niterói;Fonseca;;;Linha Vermelha-Ponte-Alameda;;CT: Bloco H;;"Sou motorista prudente. 
Colaboração de R$6.
";2017-03-15 13:47:06;2017-04-19 11:59:25;3,5;;;;2017-04-05 15:00:00
;Grande Niterói;São Gonçalo;;Nova Cidade;BR ou Cento;;Reitoria;;Meu Whatsapp é  995427338 e não sou fumante.;2018-02-09 20:28:15;2018-02-09 20:28:15;;;;;2018-03-05 10:00:00
;Grande Niterói;Icaraí;;Campo de São Bento;Av. Roberto Silveira, Marquês de Paraná;;CCS;;Saindo 6:20. Contribuição R$ 5;2016-07-21 23:54:11;2017-04-19 11:59:25;1,2,3,4,5;;;;2016-11-08 07:20:00
;Zona Norte;São Cristóvão;;;metrô de São Cristóvão, feira de tradições nordestinas..;;CT: Bloco A;;"R$2 pela carona para ajuda de custos.
CT -> Letras -> ponte do saber -> linha vermelha -> (podendo passar pela leopoldina ou) feira de São Cristóvão -> Quinta da boa vista -> metrô de São Cristóvão -> Quinta D'or";2016-05-02 14:15:13;2017-04-19 11:59:25;3;2016-07-04;;;2016-05-04 21:00:00
;Grande Niterói;Fonseca - Niteroi ;;Alameda - Fonseca;;;CT: Bloco A;;"Saio do CT até a Alameda Boa Ventura, no Fonseca. Não aceitamos fumantes
Entrar em contato no wpp:
 21 99575-7872

Pedimos colaboração de 5 dinheiros ";2016-05-05 13:17:17;2017-04-19 11:59:25;2,4,5;;;2016-05-05 13:18:07;2016-05-24 14:00:00
;Zona Oeste;Praça Seca;;Rua Pinto Teles;Rua Cândido Benício, Rua Goiás, Cascadura, Linha Amarela;;CCS;;5 R$ de contribuição. Deixo em outros prédios;2018-11-30 11:32:04;2018-11-30 11:32:04;;;;;2018-11-30 13:00:00
;Grande Niterói;Icaraí-Niterói;;Campo de São Bento;Saindo da Otávio Carneiro, Lopes Trovão, pela Roberto Silveira até a ponte;;CCS;;"Saída às 6:25.
Não é permitido fumar no carro.
Contribuição de R$ 5,00.";2019-01-06 20:50:34;2019-01-06 21:17:48;1,2,3,4,5;2019-03-07;;2019-01-06 21:17:48;2019-03-01 07:15:00
;Grande Niterói;Icaraí-Niterói;;Campo de São Bento;Saindo da Otávio Carneiro, Lopes Trovão, pela Roberto Silveira até a ponte;;CCS;;"Saída às 6:25.
Não é permitido fumar no carro.
Contribuição de R$ 5,00.";2019-01-06 20:50:34;2019-01-06 21:11:44;1,2,3,4,5;2019-03-07;;2019-01-06 21:11:44;2019-02-01 07:15:00
;Região dos Lagos;Cabo Frio;;;;;Polo Universitário;;Valor: R$10,00;2019-05-23 13:57:55;2019-05-23 14:14:07;1,2,3,4,5;2019-07-23;;2019-05-23 14:14:07;2019-06-03 16:00:00
;Grande Niterói;Icaraí;;Campo de São Bento;Av. Roberto Silveira, Marquês de Paraná;;CCS;;;2016-10-25 00:30:57;2017-04-19 11:59:25;1,2,3,4,5;;;;2016-11-18 08:00:00
;Grande Niterói;Centro de Niterói;;Amaral Peixoto;Jansen de Melo, Amaral Peixoto, Rua Dr Celestino;;Letras;;"Ajuda combustível R$6,00
whatsapp 964824093";2018-03-13 01:37:05;2018-03-13 01:37:05;1,2,3,4,5;;;;2018-06-12 13:00:00
;Zona Norte;São Cristóvão;;próximo ao estádio são Januário (Vasco);campo de São Cristóvão, rua General argolo, rua sao Januário;;CT: Bloco A;;;2016-04-12 14:11:51;2017-04-19 11:59:25;2,4;;;;2016-05-31 17:00:00
;Grande Niterói;Fonseca;;;Linha Vermelha-Ponte-Alameda;;CT: Bloco H;;"Sou motorista prudente. 
Colaboração de R$6.
";2017-03-15 13:47:06;2017-04-19 11:59:25;3,5;2017-05-15;;;2017-03-15 15:00:00
;Região dos Lagos;Cabo Frio;;Unamar;Amaral Peixoto;;Polo Universitário;;;2019-08-10 18:56:15;2019-08-10 18:56:15;1;2019-12-12;;;2019-10-14 13:30:00
;Região dos Lagos;Cabo Frio;;Unamar;Amaral Peixoto;;Polo Universitário;;;2019-08-10 18:56:15;2019-08-10 18:56:15;1;2019-12-12;;;2019-12-09 13:30:00
;Grande Niterói;Fonseca - Niteroi ;;Alameda - Fonseca;;;CT: Bloco A;;"Pedimos colaboração de 5 reais;
Entrar em contato por wpp 21 99575-7872
";2016-05-05 13:21:11;2017-04-19 11:59:25;2,4;;;2016-05-05 17:14:29;2016-06-16 17:00:00
;Baixada;Xerém ;;Postinho de Saúde ;Santa Cruz da Serra, W. Luís, Caxias Shopping ;;CT;;Faço sempre o trajeto toda terça e quinta as 8h de Xerém ao CT;2016-04-14 01:03:21;2017-04-19 11:59:25;2,4;;;;2016-07-26 08:00:00
;Zona Norte;São Cristóvão ;;;CT > Linha Vermelha > Feira de São Cristóvão > Largo da Cancela > próximo ao Estádio São Januário ;;CT: Bloco A;;;2016-04-13 10:24:33;2017-04-19 11:59:25;1,3;;;2016-04-19 17:41:06;2016-04-25 14:05:00
;Zona Norte;São Cristóvão;;Feira nordestina ;Ufrj , São Cristóvão ;;Letras;;Não fumo ;2016-09-25 23:11:03;2017-04-19 11:59:25;1,3,5;;;;2016-11-11 21:20:00
;Zona Norte;São Cristóvão;;Campo do Vasco;Linha Vermelha, Cancela, Campo do vasco;;CT: Bloco H;;;2018-10-05 17:48:29;2018-10-05 17:48:29;1,2,3,4,5;;;;2018-10-12 18:00:00
;Grande Niterói;Maricá;;;Linha vermelha, Ponte, Alameda, RJ 106;;Reitoria;;Não fumo, e não ter nada contra a carro velho.;2016-05-25 11:31:25;2017-04-19 11:59:25;;;;;2016-05-25 21:30:00
;Zona Norte;São Cristóvão;;Campo de São Cristóvão;Campo de São Cristóvão;;CT;;;2016-04-20 09:30:35;2017-04-19 11:59:25;1,2,3,4,5;;;;2016-06-20 07:50:00
;Zona Norte;São Cristóvão;;17ª DP;Linha Vermelha, Campo De São Cristóvão, Quinta Da Boa Vista, Metrô De São Cristóvão;;CT: Bloco H;;;2016-10-06 16:29:48;2017-04-19 11:59:25;4;;;;2016-12-29 17:00:00
;Zona Norte;São Cristóvão ;;;CT > Linha Vermelha > Feira de São Cristóvão > Largo da Cancela > próximo ao Estádio São Januário ;;CT: Bloco A;;;2016-04-13 10:24:33;2017-04-19 11:59:25;1,3;;;2016-04-13 10:25:52;2016-06-06 14:05:00
;Grande Niterói;Fonseca - Niteroi ;;Alameda - Fonseca;;;CT: Bloco A;;;2016-05-05 13:46:53;2017-04-19 11:59:25;2,3,4,5;;;2016-05-05 17:16:07;2016-06-16 08:00:00
;Zona Norte;São Cristóvão;;Rua São Cristóvão;Rua Euclides da Cunha - Rua Fonseca Teles - Campo de São Cristóvão - Linha Vermelha;;CT;;"Posso mudar a rota e ir pela Avenida do Exército
Contribuição de R$4,00 para o combustível";2018-08-14 20:41:42;2018-08-14 20:41:42;;;;;2018-08-15 09:00:00
;Zona Oeste;Praça Seca;;Rua Pinto Teles;Rua Cândido Benício, Rua Goiás, Cascadura, Linha Amarela;;CCS;;5 R$ de contribuição. Deixo em outros prédios;2018-12-10 00:34:44;2018-12-10 00:34:44;;;;;2018-12-10 18:20:00
;Grande Niterói;Icaraí Niterói;;;Pela Roberto Silveira;;Reitoria;;;2016-09-02 00:29:04;2017-04-19 11:59:25;1,2,3,4,5;;;;2016-09-23 07:30:00
;Grande Niterói;Icaraí;;Campo de São Bento;Av. Roberto Silveira, Marquês de Paraná;;CCS;;Saindo 6:20. Contribuição R$ 5;2016-07-21 23:54:11;2017-04-19 11:59:25;1,2,3,4,5;;;;2016-09-09 07:20:00
;Grande Niterói;Icaraí Niterói;;;Pela Gavião Peixoto ;;Reitoria;;;2016-04-15 07:41:23;2017-04-19 11:59:25;1,2,3,4,5;;;2016-04-15 09:37:46;2016-06-08 13:30:00
;Grande Niterói;Maria Paula;;moinho;alameda;;CCMN;;"
$4,00 por pessoa. Faço uma volta no moinho e pego a ponte. ";2016-04-27 21:24:00;2017-04-19 11:59:25;1,2,3,4,5;;;2016-05-06 16:18:58;2016-05-16 09:00:00
;Grande Niterói;Fonseca;;Colégio Merces;do ponto do supermercado princesa até o mocangue;;Reitoria;;;2016-04-11 21:47:20;2017-04-19 11:59:25;;;;;2016-04-11 06:30:00
;Grande Niterói;Fonseca;;Alameda;22 DE NOVEMBRO, ALAMEDA;;Letras;;"WhatsApp 964824093
Ajuda para combustível R$5,00";2018-08-25 05:09:22;2018-08-25 05:09:22;1,2,3,5;;;;2018-09-03 07:30:00
;Baixada;XERÉM ;;Bloco H;;;CCMN: Frente;;;2016-06-14 16:07:10;2017-04-19 11:59:25;;;;;2016-06-14 19:30:00
;Grande Niterói;Icaraí Niterói;;;Rota: 7 de Setembro + Roberto Silveira;;Reitoria;;"Oie, vou quase todo dia esse horário. 
Peço só uma ajuda para a gasolina de 5 reais.";2018-03-26 23:28:05;2018-03-26 23:28:05;1,2,3,4;;;;2018-05-23 07:30:00
;Zona Norte;São Cristóvão;;Campo do Vasco;Linha Vermelha, Cancela, Campo do vasco;;CT: Bloco H;;;2018-10-05 17:48:29;2018-10-05 17:48:29;1,2,3,4,5;;;;2018-10-08 18:00:00
;Região dos Lagos;Cabo Frio;;;;;Polo Universitário;;Valor: R$10,00;2019-05-23 13:57:55;2019-05-23 14:14:02;1,2,3,4,5;2019-07-23;;2019-05-23 14:14:02;2019-05-31 16:00:00
;Zona Oeste;Praça Seca;;Rua Pinto Teles;Rua Cândido Benício, Rua Goiás, Cascadura, Linha Amarela;;Letras;;5 R$ de contribuição. Deixo em outros prédios;2018-10-28 23:49:00;2018-10-28 23:49:00;;;;;2018-10-29 14:00:00
;Região Serrana;Petrópolis;;Universidade Estácio da Bingen.;;;CT: Bloco A;;;2018-04-03 15:57:02;2018-04-03 15:57:02;1,3;;;;2018-05-14 16:20:00
;Região dos Lagos;Cabo Frio;;Unamar;Amaral Peixoto;;Polo Universitário;;;2019-08-10 18:56:15;2019-08-10 18:56:15;1;2019-12-12;;;2019-09-16 13:30:00
;Ilha do Fundão;Incubadora;;Incubadora da COPPE;;;CT: Bloco D;;Carona pra Incubadora de Empresas da COPPE! E você ainda de quebra pode conhecer as empresas de lá!;2016-04-12 09:15:40;2017-04-19 11:59:25;2,4;;;;2016-05-24 13:00:00
;Grande Niterói;Icaraí Niterói;;;Pela Roberto Silveira;;Reitoria;;Quem puder dar uma ajudazinea será bem vinda :) ;2016-09-25 11:21:32;2017-04-19 11:59:25;1,3,4,5;;;;2016-10-17 13:00:00
;Grande Niterói;Icaraí Niterói;;;Pela Gavião Peixoto ;;Reitoria;;;2016-04-15 07:41:23;2017-04-19 11:59:25;1,2,3,4,5;;;2016-04-15 18:47:00;2016-06-15 13:30:00
;Região dos Lagos;Arraial do Cabo;;Figueira;Via Praia Seca, Bacaxá, São Gonçalo;;CT: Bloco D;;;2019-03-15 09:48:36;2019-03-15 09:48:36;5;2019-07-15;;;2019-03-15 21:45:00
;Grande Niterói;Fonseca - Niteroi ;;Alameda - Fonseca;;;CT: Bloco A;;"Saio do CT até a Alameda Boa Ventura, no Fonseca. Não aceitamos fumantes
Entrar em contato no wpp:
 21 99575-7872

Pedimos colaboração de 5 dinheiros ";2016-05-05 13:17:17;2017-04-19 11:59:25;2,4,5;;;2016-05-05 13:18:58;2016-07-05 14:00:00
;Baixada;Xerém;;Rua Senador Vergueiro;Marques De Abrantes, Pinheiro Machado, Sta Barbara, Presidente Vargas, Linha Vermelha;;CT: Bloco A;;"Não fumo, não o façam dentro do carro, por favor.
Contribuição R$4,00
Temperatura do ar condicionado 19ºC (quem for atrás, tem saída para vocês)
Qualquer coisa manda WhatsApp (21)981665652";2018-04-14 14:28:13;2018-04-14 14:28:13;1,5;;;;2018-05-07 14:00:00
;Grande Niterói;Maria Paula;;moinho;alameda;;CCMN;;"
$4,00 por pessoa. Faço uma volta no moinho e pego a ponte. ";2016-04-27 21:24:00;2017-04-19 11:59:25;1,2,3,4,5;;;2016-05-06 16:19:01;2016-05-17 09:00:00
;Grande Niterói;Icaraí;;Campo de São Bento;Av. Roberto Silveira, Marquês de Paraná;;CCS;;Saindo 6:20. Contribuição R$ 5;2016-07-21 23:54:10;2017-04-19 11:59:25;1,2,3,4,5;;;;2016-08-05 07:20:00
;Região dos Lagos;Cabo Frio;;;;;Polo Universitário;;Valor: R$10,00;2019-05-23 14:04:16;2019-05-23 14:11:03;1,3,4,5;2019-07-27;;2019-05-23 14:11:03;2019-05-31 07:30:00
;Região dos Lagos;Cabo Frio;;;;;Polo Universitário;;Valor: R$10,00;2019-05-23 13:57:55;2019-05-23 14:19:55;1,2,3,4,5;2019-07-23;;2019-05-23 14:19:55;2019-07-23 16:00:00
;Zona Norte;São Cristóvão;;Colégio pedro II;;;CT: Bloco A;;Contribuições são bem-vindas :);2016-06-28 08:20:11;2017-04-19 11:59:25;;;;;2016-06-28 12:00:00
;Grande Niterói;Icaraí Niterói;;;Pela Roberto Silveira;;Reitoria;;;2016-09-02 00:29:04;2017-04-19 11:59:25;1,2,3,4,5;;;;2016-09-30 07:30:00
;Grande Niterói;Fonseca;;22 de novembro;Alameda São Boaventura;;Letras;;"- Sem cigarros durante a viagem por gentileza.

ZAP 964824093
R$6,00 de auxílio gasolina

Peço R$6,00 para ajuda no combustível.

ZAP 964824093";2017-09-08 17:38:20;2017-09-08 17:38:20;2,3,4,5;;;;2017-11-17 07:30:00
;Grande Niterói;Maria Paula;;moinho;alameda;;CCMN;;"
$4,00 por pessoa. Faço uma volta no moinho e pego a ponte. ";2016-04-27 21:24:00;2017-04-19 11:59:25;1,2,3,4,5;;;2016-05-06 16:18:54;2016-05-13 09:00:00
;Zona Norte;São Cristóvão;;Campo do Vasco;Linha Vermelha, Cancela, Campo do vasco;;CT: Bloco H;;;2018-10-05 17:48:29;2018-10-05 17:48:29;1,2,3,4,5;;;;2018-10-10 18:00:00
;Grande Niterói;Fonseca;;22 de novembro;Alameda São Boaventura;;Letras;;"- Sem cigarros durante a viagem por gentileza.

ZAP 964824093
R$6,00 de auxílio gasolina

Peço R$6,00 para ajuda no combustível.

ZAP 964824093";2017-09-08 17:38:20;2017-09-08 17:38:20;2,3,4,5;;;;2017-12-05 07:30:00
;Zona Oeste;Jacarepaguá ;;Praça seca - Vila Valqueire ;Linha Amarela-Piedade-Rua Goiás - Terminal De Cascadura- Tem Tudo - Assai Campinho- Mundial Praça Seca ;;CT;;;2016-04-29 19:52:04;2017-04-19 11:59:25;1,2,3,4,5;;;;2016-06-20 20:00:00
;Grande Niterói;Icaraí Niterói;;;Pela Gavião Peixoto ;;Reitoria;;;2016-04-15 07:41:23;2017-04-19 11:59:25;1,2,3,4,5;;;2016-04-15 09:38:01;2016-06-09 13:30:00
;Grande Niterói;Fonseca - Niteroi ;;Alameda - Fonseca;;;CT: Bloco A;;"Saio do CT até a Alameda Boa Ventura, no Fonseca. Não aceitamos fumantes
Entrar em contato no wpp:
 21 99575-7872

Pedimos colaboração de 5 dinheiros ";2016-05-05 13:17:16;2017-04-19 11:59:25;2,4,5;;;2016-05-05 13:17:53;2016-05-13 14:00:00
;Zona Norte;São Cristóvão;;17ª DP;Quinta da Boa Vista, Feira de São Cristóvão, Linha Vermelha;;CT;;;2017-10-05 20:18:40;2017-10-05 20:18:40;5;;;;2017-11-03 08:00:00
;Grande Niterói;Centro de Niterói;;Amaral Peixoto;Jansen de Melo, Amaral Peixoto, Rua Dr Celestino;;Letras;;"Ajuda combustível R$6,00
whatsapp 964824093";2018-03-13 01:37:05;2018-03-13 01:37:05;1,2,3,4,5;;;;2018-05-21 13:00:00
;Grande Niterói;Fonseca;;Alameda;22 DE NOVEMBRO, ALAMEDA;;Letras;;"WhatsApp 964824093
Ajuda para combustível R$6,00";2018-03-13 01:33:44;2018-03-13 01:33:44;1,3,5;;;;2018-03-30 07:30:00
;Grande Niterói;Fonseca;;Alameda;22 DE NOVEMBRO, ALAMEDA;;Letras;;"WhatsApp 964824093
Ajuda para combustível R$5,00";2018-08-25 05:09:22;2018-08-25 05:09:22;1,2,3,5;;;;2018-10-24 07:30:00
;Grande Niterói;Icaraí Niterói;;;Pela Roberto Silveira;;Reitoria;;;2016-09-02 00:29:04;2017-04-19 11:59:25;1,2,3,4,5;;;;2016-10-05 07:30:00
;Zona Oeste;Jacarepaguá ;;Praça seca - Vila Valqueire ;Linha Amarela-Piedade-Rua Goiás - Terminal De Cascadura- Tem Tudo - Assai Campinho- Mundial Praça Seca ;;CT;;;2016-04-29 19:52:03;2017-04-19 11:59:25;1,2,3,4,5;;;;2016-06-08 20:00:00
;Região dos Lagos;Unamar;;Retão-Unamar;Amaral Peixoto - linha verde;;Polo Universitário;;"R$5,00 p/vaga
Chamem no wpp : 021 97219-3236";2019-03-13 22:29:13;2019-03-13 22:29:13;2,4;2019-07-14;;;2019-04-16 19:30:00
;Zona Norte;São Cristóvão;;;Linha Vermelha, Campo De São Cristóvão, Quinta Da Boa Vista;;Letras;;Saída 17:00 do Fundão.;2016-04-11 09:59:40;2017-04-19 11:59:25;;;;2016-04-11 10:00:09;2016-04-11 17:30:00
;Zona Norte;São Cristóvão;;próximo ao estádio são Januário (Vasco);campo de São Cristóvão, rua General argolo, rua sao Januário;;CT: Bloco A;;;2016-04-12 14:11:51;2017-04-19 11:59:25;2,4;;;2016-07-05 14:19:47;2016-07-12 17:00:00
;Grande Niterói;Icaraí;;Campo de São Bento;Av. Roberto Silveira, Marquês de Paraná;;CCS;;Saindo 6:20. Contribuição R$ 5;2016-07-21 23:54:11;2017-04-19 11:59:25;1,2,3,4,5;;;;2016-09-15 07:20:00
;Grande Niterói;Icaraí;;Campo de São Bento;Av. Roberto Silveira, Marquês de Paraná;;CCS;;;2016-10-25 00:30:57;2017-04-19 11:59:25;1,2,3,4,5;;;;2016-12-12 08:00:00
